Id,ActivityHour,StepTotal,Calories,Hour
1503960366,2016-04-12 00:00:00,373,81,0
1503960366,2016-04-12 01:00:00,160,61,1
1503960366,2016-04-12 02:00:00,151,59,2
1503960366,2016-04-12 03:00:00,0,47,3
1503960366,2016-04-12 04:00:00,0,48,4
1503960366,2016-04-12 05:00:00,0,48,5
1503960366,2016-04-12 06:00:00,0,48,6
1503960366,2016-04-12 07:00:00,0,47,7
1503960366,2016-04-12 08:00:00,250,68,8
1503960366,2016-04-12 09:00:00,1864,141,9
1503960366,2016-04-12 10:00:00,676,99,10
1503960366,2016-04-12 11:00:00,360,76,11
1503960366,2016-04-12 12:00:00,253,73,12
1503960366,2016-04-12 13:00:00,221,66,13
1503960366,2016-04-12 14:00:00,1166,110,14
1503960366,2016-04-12 15:00:00,2063,151,15
1503960366,2016-04-12 16:00:00,344,76,16
1503960366,2016-04-12 17:00:00,489,83,17
1503960366,2016-04-12 18:00:00,1386,124,18
1503960366,2016-04-12 19:00:00,558,104,19
1503960366,2016-04-12 20:00:00,1733,132,20
1503960366,2016-04-12 21:00:00,684,100,21
1503960366,2016-04-12 22:00:00,89,65,22
1503960366,2016-04-12 23:00:00,338,81,23
1503960366,2016-04-13 00:00:00,144,69,0
1503960366,2016-04-13 01:00:00,0,48,1
1503960366,2016-04-13 02:00:00,0,47,2
1503960366,2016-04-13 03:00:00,36,53,3
1503960366,2016-04-13 04:00:00,0,47,4
1503960366,2016-04-13 05:00:00,0,47,5
1503960366,2016-04-13 06:00:00,0,48,6
1503960366,2016-04-13 07:00:00,126,59,7
1503960366,2016-04-13 08:00:00,275,69,8
1503960366,2016-04-13 09:00:00,1679,136,9
1503960366,2016-04-13 10:00:00,295,77,10
1503960366,2016-04-13 11:00:00,524,84,11
1503960366,2016-04-13 12:00:00,486,82,12
1503960366,2016-04-13 13:00:00,302,72,13
1503960366,2016-04-13 14:00:00,1577,128,14
1503960366,2016-04-13 15:00:00,493,79,15
1503960366,2016-04-13 16:00:00,299,71,16
1503960366,2016-04-13 17:00:00,695,87,17
1503960366,2016-04-13 18:00:00,1343,118,18
1503960366,2016-04-13 19:00:00,258,73,19
1503960366,2016-04-13 20:00:00,0,47,20
1503960366,2016-04-13 21:00:00,0,48,21
1503960366,2016-04-13 22:00:00,437,74,22
1503960366,2016-04-13 23:00:00,1766,135,23
1503960366,2016-04-14 00:00:00,81,56,0
1503960366,2016-04-14 01:00:00,58,54,1
1503960366,2016-04-14 02:00:00,0,47,2
1503960366,2016-04-14 03:00:00,0,47,3
1503960366,2016-04-14 04:00:00,0,47,4
1503960366,2016-04-14 05:00:00,0,47,5
1503960366,2016-04-14 06:00:00,0,47,6
1503960366,2016-04-14 07:00:00,0,47,7
1503960366,2016-04-14 08:00:00,0,47,8
1503960366,2016-04-14 09:00:00,902,93,9
1503960366,2016-04-14 10:00:00,1106,109,10
1503960366,2016-04-14 11:00:00,50,64,11
1503960366,2016-04-14 12:00:00,501,85,12
1503960366,2016-04-14 13:00:00,1779,137,13
1503960366,2016-04-14 14:00:00,1228,113,14
1503960366,2016-04-14 15:00:00,139,66,15
1503960366,2016-04-14 16:00:00,408,88,16
1503960366,2016-04-14 17:00:00,37,61,17
1503960366,2016-04-14 18:00:00,322,72,18
1503960366,2016-04-14 19:00:00,11,55,19
1503960366,2016-04-14 20:00:00,806,91,20
1503960366,2016-04-14 21:00:00,2670,174,21
1503960366,2016-04-14 22:00:00,362,79,22
1503960366,2016-04-14 23:00:00,0,50,23
1503960366,2016-04-15 00:00:00,83,60,0
1503960366,2016-04-15 01:00:00,75,58,1
1503960366,2016-04-15 02:00:00,124,59,2
1503960366,2016-04-15 03:00:00,0,47,3
1503960366,2016-04-15 04:00:00,0,47,4
1503960366,2016-04-15 05:00:00,26,49,5
1503960366,2016-04-15 06:00:00,0,47,6
1503960366,2016-04-15 07:00:00,7,49,7
1503960366,2016-04-15 08:00:00,55,54,8
1503960366,2016-04-15 09:00:00,21,50,9
1503960366,2016-04-15 10:00:00,154,63,10
1503960366,2016-04-15 11:00:00,425,84,11
1503960366,2016-04-15 12:00:00,270,74,12
1503960366,2016-04-15 13:00:00,373,67,13
1503960366,2016-04-15 14:00:00,0,47,14
1503960366,2016-04-15 15:00:00,0,47,15
1503960366,2016-04-15 16:00:00,0,47,16
1503960366,2016-04-15 17:00:00,1774,140,17
1503960366,2016-04-15 18:00:00,509,87,18
1503960366,2016-04-15 19:00:00,519,97,19
1503960366,2016-04-15 20:00:00,77,64,20
1503960366,2016-04-15 21:00:00,280,75,21
1503960366,2016-04-15 22:00:00,2145,151,22
1503960366,2016-04-15 23:00:00,2768,182,23
1503960366,2016-04-16 00:00:00,459,77,0
1503960366,2016-04-16 01:00:00,0,48,1
1503960366,2016-04-16 02:00:00,63,52,2
1503960366,2016-04-16 03:00:00,6,48,3
1503960366,2016-04-16 04:00:00,6,49,4
1503960366,2016-04-16 05:00:00,12,49,5
1503960366,2016-04-16 06:00:00,0,48,6
1503960366,2016-04-16 07:00:00,101,54,7
1503960366,2016-04-16 08:00:00,175,62,8
1503960366,2016-04-16 09:00:00,1181,124,9
1503960366,2016-04-16 10:00:00,1295,110,10
1503960366,2016-04-16 11:00:00,2043,147,11
1503960366,2016-04-16 12:00:00,1513,119,12
1503960366,2016-04-16 13:00:00,3616,214,13
1503960366,2016-04-16 14:00:00,580,82,14
1503960366,2016-04-16 15:00:00,0,51,15
1503960366,2016-04-16 16:00:00,15,54,16
1503960366,2016-04-16 17:00:00,380,79,17
1503960366,2016-04-16 18:00:00,96,65,18
1503960366,2016-04-16 19:00:00,146,67,19
1503960366,2016-04-16 20:00:00,385,81,20
1503960366,2016-04-16 21:00:00,463,75,21
1503960366,2016-04-16 22:00:00,42,55,22
1503960366,2016-04-16 23:00:00,92,56,23
1503960366,2016-04-17 00:00:00,0,47,0
1503960366,2016-04-17 01:00:00,0,48,1
1503960366,2016-04-17 02:00:00,0,47,2
1503960366,2016-04-17 03:00:00,8,49,3
1503960366,2016-04-17 04:00:00,0,48,4
1503960366,2016-04-17 05:00:00,0,48,5
1503960366,2016-04-17 06:00:00,0,48,6
1503960366,2016-04-17 07:00:00,0,48,7
1503960366,2016-04-17 08:00:00,0,48,8
1503960366,2016-04-17 09:00:00,0,48,9
1503960366,2016-04-17 10:00:00,0,47,10
1503960366,2016-04-17 11:00:00,84,63,11
1503960366,2016-04-17 12:00:00,260,76,12
1503960366,2016-04-17 13:00:00,402,83,13
1503960366,2016-04-17 14:00:00,252,69,14
1503960366,2016-04-17 15:00:00,191,73,15
1503960366,2016-04-17 16:00:00,13,57,16
1503960366,2016-04-17 17:00:00,2613,174,17
1503960366,2016-04-17 18:00:00,1616,136,18
1503960366,2016-04-17 19:00:00,754,95,19
1503960366,2016-04-17 20:00:00,2955,191,20
1503960366,2016-04-17 21:00:00,487,79,21
1503960366,2016-04-17 22:00:00,70,58,22
1503960366,2016-04-17 23:00:00,0,50,23
1503960366,2016-04-18 00:00:00,416,82,0
1503960366,2016-04-18 01:00:00,0,48,1
1503960366,2016-04-18 02:00:00,0,47,2
1503960366,2016-04-18 03:00:00,0,47,3
1503960366,2016-04-18 04:00:00,0,47,4
1503960366,2016-04-18 05:00:00,0,47,5
1503960366,2016-04-18 06:00:00,0,47,6
1503960366,2016-04-18 07:00:00,0,47,7
1503960366,2016-04-18 08:00:00,0,47,8
1503960366,2016-04-18 09:00:00,1688,133,9
1503960366,2016-04-18 10:00:00,380,81,10
1503960366,2016-04-18 11:00:00,328,73,11
1503960366,2016-04-18 12:00:00,1306,118,12
1503960366,2016-04-18 13:00:00,268,70,13
1503960366,2016-04-18 14:00:00,137,64,14
1503960366,2016-04-18 15:00:00,495,80,15
1503960366,2016-04-18 16:00:00,277,78,16
1503960366,2016-04-18 17:00:00,304,79,17
1503960366,2016-04-18 18:00:00,4074,234,18
1503960366,2016-04-18 19:00:00,2101,157,19
1503960366,2016-04-18 20:00:00,28,57,20
1503960366,2016-04-18 21:00:00,187,68,21
1503960366,2016-04-18 22:00:00,542,86,22
1503960366,2016-04-18 23:00:00,488,83,23
1503960366,2016-04-19 00:00:00,0,47,0
1503960366,2016-04-19 01:00:00,22,49,1
1503960366,2016-04-19 02:00:00,0,47,2
1503960366,2016-04-19 03:00:00,9,50,3
1503960366,2016-04-19 04:00:00,0,47,4
1503960366,2016-04-19 05:00:00,0,47,5
1503960366,2016-04-19 06:00:00,7,49,6
1503960366,2016-04-19 07:00:00,316,75,7
1503960366,2016-04-19 08:00:00,1656,130,8
1503960366,2016-04-19 09:00:00,367,79,9
1503960366,2016-04-19 10:00:00,203,75,10
1503960366,2016-04-19 11:00:00,194,72,11
1503960366,2016-04-19 12:00:00,1887,143,12
1503960366,2016-04-19 13:00:00,2697,171,13
1503960366,2016-04-19 14:00:00,409,76,14
1503960366,2016-04-19 15:00:00,299,72,15
1503960366,2016-04-19 16:00:00,297,71,16
1503960366,2016-04-19 17:00:00,732,90,17
1503960366,2016-04-19 18:00:00,1280,120,18
1503960366,2016-04-19 19:00:00,397,93,19
1503960366,2016-04-19 20:00:00,2487,159,20
1503960366,2016-04-19 21:00:00,826,94,21
1503960366,2016-04-19 22:00:00,52,58,22
1503960366,2016-04-19 23:00:00,1369,120,23
1503960366,2016-04-20 00:00:00,16,54,0
1503960366,2016-04-20 01:00:00,36,53,1
1503960366,2016-04-20 02:00:00,0,47,2
1503960366,2016-04-20 03:00:00,0,48,3
1503960366,2016-04-20 04:00:00,0,48,4
1503960366,2016-04-20 05:00:00,0,47,5
1503960366,2016-04-20 06:00:00,0,48,6
1503960366,2016-04-20 07:00:00,29,51,7
1503960366,2016-04-20 08:00:00,264,70,8
1503960366,2016-04-20 09:00:00,1993,144,9
1503960366,2016-04-20 10:00:00,459,79,10
1503960366,2016-04-20 11:00:00,65,58,11
1503960366,2016-04-20 12:00:00,185,64,12
1503960366,2016-04-20 13:00:00,64,61,13
1503960366,2016-04-20 14:00:00,1270,113,14
1503960366,2016-04-20 15:00:00,797,97,15
1503960366,2016-04-20 16:00:00,261,70,16
1503960366,2016-04-20 17:00:00,13,57,17
1503960366,2016-04-20 18:00:00,1308,114,18
1503960366,2016-04-20 19:00:00,1558,117,19
1503960366,2016-04-20 20:00:00,499,80,20
1503960366,2016-04-20 21:00:00,395,83,21
1503960366,2016-04-20 22:00:00,77,62,22
1503960366,2016-04-20 23:00:00,1255,120,23
1503960366,2016-04-21 00:00:00,17,54,0
1503960366,2016-04-21 01:00:00,129,61,1
1503960366,2016-04-21 02:00:00,81,55,2
1503960366,2016-04-21 03:00:00,0,48,3
1503960366,2016-04-21 04:00:00,0,47,4
1503960366,2016-04-21 05:00:00,0,47,5
1503960366,2016-04-21 06:00:00,0,48,6
1503960366,2016-04-21 07:00:00,38,52,7
1503960366,2016-04-21 08:00:00,245,71,8
1503960366,2016-04-21 09:00:00,1672,133,9
1503960366,2016-04-21 10:00:00,255,77,10
1503960366,2016-04-21 11:00:00,0,55,11
1503960366,2016-04-21 12:00:00,384,73,12
1503960366,2016-04-21 13:00:00,1140,113,13
1503960366,2016-04-21 14:00:00,12,58,14
1503960366,2016-04-21 15:00:00,213,68,15
1503960366,2016-04-21 16:00:00,26,60,16
1503960366,2016-04-21 17:00:00,96,60,17
1503960366,2016-04-21 18:00:00,213,69,18
1503960366,2016-04-21 19:00:00,100,64,19
1503960366,2016-04-21 20:00:00,3541,213,20
1503960366,2016-04-21 21:00:00,970,104,21
1503960366,2016-04-21 22:00:00,89,63,22
1503960366,2016-04-21 23:00:00,598,84,23
1503960366,2016-04-22 00:00:00,0,47,0
1503960366,2016-04-22 01:00:00,0,47,1
1503960366,2016-04-22 02:00:00,0,47,2
1503960366,2016-04-22 03:00:00,0,47,3
1503960366,2016-04-22 04:00:00,0,47,4
1503960366,2016-04-22 05:00:00,0,47,5
1503960366,2016-04-22 06:00:00,0,47,6
1503960366,2016-04-22 07:00:00,0,47,7
1503960366,2016-04-22 08:00:00,0,47,8
1503960366,2016-04-22 09:00:00,192,65,9
1503960366,2016-04-22 10:00:00,29,54,10
1503960366,2016-04-22 11:00:00,958,102,11
1503960366,2016-04-22 12:00:00,38,57,12
1503960366,2016-04-22 13:00:00,118,60,13
1503960366,2016-04-22 14:00:00,0,54,14
1503960366,2016-04-22 15:00:00,180,66,15
1503960366,2016-04-22 16:00:00,22,58,16
1503960366,2016-04-22 17:00:00,1041,104,17
1503960366,2016-04-22 18:00:00,514,87,18
1503960366,2016-04-22 19:00:00,629,82,19
1503960366,2016-04-22 20:00:00,329,71,20
1503960366,2016-04-22 21:00:00,5934,311,21
1503960366,2016-04-22 22:00:00,855,95,22
1503960366,2016-04-22 23:00:00,1925,136,23
1503960366,2016-04-23 00:00:00,182,63,0
1503960366,2016-04-23 01:00:00,0,47,1
1503960366,2016-04-23 02:00:00,11,49,2
1503960366,2016-04-23 03:00:00,0,47,3
1503960366,2016-04-23 04:00:00,0,47,4
1503960366,2016-04-23 05:00:00,0,48,5
1503960366,2016-04-23 06:00:00,12,50,6
1503960366,2016-04-23 07:00:00,0,48,7
1503960366,2016-04-23 08:00:00,127,59,8
1503960366,2016-04-23 09:00:00,285,75,9
1503960366,2016-04-23 10:00:00,49,56,10
1503960366,2016-04-23 11:00:00,703,84,11
1503960366,2016-04-23 12:00:00,1597,129,12
1503960366,2016-04-23 13:00:00,1453,129,13
1503960366,2016-04-23 14:00:00,202,78,14
1503960366,2016-04-23 15:00:00,158,73,15
1503960366,2016-04-23 16:00:00,2008,140,16
1503960366,2016-04-23 17:00:00,1472,121,17
1503960366,2016-04-23 18:00:00,2569,173,18
1503960366,2016-04-23 19:00:00,29,51,19
1503960366,2016-04-23 20:00:00,142,63,20
1503960366,2016-04-23 21:00:00,2432,162,21
1503960366,2016-04-23 22:00:00,709,96,22
1503960366,2016-04-23 23:00:00,231,60,23
1503960366,2016-04-24 00:00:00,141,66,0
1503960366,2016-04-24 01:00:00,42,54,1
1503960366,2016-04-24 02:00:00,0,48,2
1503960366,2016-04-24 03:00:00,0,48,3
1503960366,2016-04-24 04:00:00,8,49,4
1503960366,2016-04-24 05:00:00,0,48,5
1503960366,2016-04-24 06:00:00,7,49,6
1503960366,2016-04-24 07:00:00,0,47,7
1503960366,2016-04-24 08:00:00,8,49,8
1503960366,2016-04-24 09:00:00,76,59,9
1503960366,2016-04-24 10:00:00,492,90,10
1503960366,2016-04-24 11:00:00,149,67,11
1503960366,2016-04-24 12:00:00,548,82,12
1503960366,2016-04-24 13:00:00,394,74,13
1503960366,2016-04-24 14:00:00,26,52,14
1503960366,2016-04-24 15:00:00,27,52,15
1503960366,2016-04-24 16:00:00,885,102,16
1503960366,2016-04-24 17:00:00,411,86,17
1503960366,2016-04-24 18:00:00,911,115,18
1503960366,2016-04-24 19:00:00,4871,270,19
1503960366,2016-04-24 20:00:00,342,76,20
1503960366,2016-04-24 21:00:00,244,74,21
1503960366,2016-04-24 22:00:00,66,61,22
1503960366,2016-04-24 23:00:00,391,72,23
1503960366,2016-04-25 00:00:00,95,62,0
1503960366,2016-04-25 01:00:00,22,53,1
1503960366,2016-04-25 02:00:00,97,57,2
1503960366,2016-04-25 03:00:00,0,47,3
1503960366,2016-04-25 04:00:00,25,50,4
1503960366,2016-04-25 05:00:00,4,49,5
1503960366,2016-04-25 06:00:00,0,47,6
1503960366,2016-04-25 07:00:00,44,52,7
1503960366,2016-04-25 08:00:00,426,83,8
1503960366,2016-04-25 09:00:00,2041,146,9
1503960366,2016-04-25 10:00:00,258,73,10
1503960366,2016-04-25 11:00:00,1468,121,11
1503960366,2016-04-25 12:00:00,707,92,12
1503960366,2016-04-25 13:00:00,299,75,13
1503960366,2016-04-25 14:00:00,94,62,14
1503960366,2016-04-25 15:00:00,359,76,15
1503960366,2016-04-25 16:00:00,263,71,16
1503960366,2016-04-25 17:00:00,188,67,17
1503960366,2016-04-25 18:00:00,116,61,18
1503960366,2016-04-25 19:00:00,2815,182,19
1503960366,2016-04-25 20:00:00,895,95,20
1503960366,2016-04-25 21:00:00,4895,267,21
1503960366,2016-04-25 22:00:00,188,68,22
1503960366,2016-04-25 23:00:00,56,54,23
1503960366,2016-04-26 00:00:00,101,56,0
1503960366,2016-04-26 01:00:00,178,66,1
1503960366,2016-04-26 02:00:00,0,51,2
1503960366,2016-04-26 03:00:00,145,64,3
1503960366,2016-04-26 04:00:00,0,48,4
1503960366,2016-04-26 05:00:00,7,49,5
1503960366,2016-04-26 06:00:00,0,48,6
1503960366,2016-04-26 07:00:00,28,52,7
1503960366,2016-04-26 08:00:00,173,67,8
1503960366,2016-04-26 09:00:00,1826,139,9
1503960366,2016-04-26 10:00:00,666,92,10
1503960366,2016-04-26 11:00:00,266,78,11
1503960366,2016-04-26 12:00:00,415,74,12
1503960366,2016-04-26 13:00:00,1571,126,13
1503960366,2016-04-26 14:00:00,1998,142,14
1503960366,2016-04-26 15:00:00,323,74,15
1503960366,2016-04-26 16:00:00,697,93,16
1503960366,2016-04-26 17:00:00,143,60,17
1503960366,2016-04-26 18:00:00,2513,169,18
1503960366,2016-04-26 19:00:00,148,73,19
1503960366,2016-04-26 20:00:00,1649,127,20
1503960366,2016-04-26 21:00:00,450,79,21
1503960366,2016-04-26 22:00:00,148,66,22
1503960366,2016-04-26 23:00:00,310,80,23
1503960366,2016-04-27 00:00:00,277,68,0
1503960366,2016-04-27 01:00:00,60,59,1
1503960366,2016-04-27 02:00:00,17,53,2
1503960366,2016-04-27 03:00:00,0,47,3
1503960366,2016-04-27 04:00:00,0,47,4
1503960366,2016-04-27 05:00:00,0,47,5
1503960366,2016-04-27 06:00:00,0,47,6
1503960366,2016-04-27 07:00:00,0,47,7
1503960366,2016-04-27 08:00:00,0,47,8
1503960366,2016-04-27 09:00:00,1916,149,9
1503960366,2016-04-27 10:00:00,502,93,10
1503960366,2016-04-27 11:00:00,797,100,11
1503960366,2016-04-27 12:00:00,701,89,12
1503960366,2016-04-27 13:00:00,319,76,13
1503960366,2016-04-27 14:00:00,1932,150,14
1503960366,2016-04-27 15:00:00,59,63,15
1503960366,2016-04-27 16:00:00,98,64,16
1503960366,2016-04-27 17:00:00,261,73,17
1503960366,2016-04-27 18:00:00,2714,178,18
1503960366,2016-04-27 19:00:00,5786,318,19
1503960366,2016-04-27 20:00:00,2420,174,20
1503960366,2016-04-27 21:00:00,266,76,21
1503960366,2016-04-27 22:00:00,0,47,22
1503960366,2016-04-27 23:00:00,0,47,23
1503960366,2016-04-28 00:00:00,0,47,0
1503960366,2016-04-28 01:00:00,127,62,1
1503960366,2016-04-28 02:00:00,0,48,2
1503960366,2016-04-28 03:00:00,0,47,3
1503960366,2016-04-28 04:00:00,0,48,4
1503960366,2016-04-28 05:00:00,0,47,5
1503960366,2016-04-28 06:00:00,0,48,6
1503960366,2016-04-28 07:00:00,14,49,7
1503960366,2016-04-28 08:00:00,128,63,8
1503960366,2016-04-28 09:00:00,1192,116,9
1503960366,2016-04-28 10:00:00,987,105,10
1503960366,2016-04-28 11:00:00,288,73,11
1503960366,2016-04-28 12:00:00,317,78,12
1503960366,2016-04-28 13:00:00,1144,108,13
1503960366,2016-04-28 14:00:00,1512,124,14
1503960366,2016-04-28 15:00:00,115,61,15
1503960366,2016-04-28 16:00:00,554,81,16
1503960366,2016-04-28 17:00:00,235,72,17
1503960366,2016-04-28 18:00:00,1829,138,18
1503960366,2016-04-28 19:00:00,13,56,19
1503960366,2016-04-28 20:00:00,2122,151,20
1503960366,2016-04-28 21:00:00,986,103,21
1503960366,2016-04-28 22:00:00,16,55,22
1503960366,2016-04-28 23:00:00,1512,121,23
1503960366,2016-04-29 00:00:00,202,65,0
1503960366,2016-04-29 01:00:00,0,49,1
1503960366,2016-04-29 02:00:00,71,54,2
1503960366,2016-04-29 03:00:00,0,47,3
1503960366,2016-04-29 04:00:00,0,47,4
1503960366,2016-04-29 05:00:00,0,48,5
1503960366,2016-04-29 06:00:00,0,47,6
1503960366,2016-04-29 07:00:00,27,52,7
1503960366,2016-04-29 08:00:00,201,67,8
1503960366,2016-04-29 09:00:00,1820,142,9
1503960366,2016-04-29 10:00:00,44,60,10
1503960366,2016-04-29 11:00:00,104,60,11
1503960366,2016-04-29 12:00:00,214,65,12
1503960366,2016-04-29 13:00:00,41,62,13
1503960366,2016-04-29 14:00:00,1711,136,14
1503960366,2016-04-29 15:00:00,1076,110,15
1503960366,2016-04-29 16:00:00,285,73,16
1503960366,2016-04-29 17:00:00,380,75,17
1503960366,2016-04-29 18:00:00,118,60,18
1503960366,2016-04-29 19:00:00,267,71,19
1503960366,2016-04-29 20:00:00,386,80,20
1503960366,2016-04-29 21:00:00,1366,118,21
1503960366,2016-04-29 22:00:00,1111,111,22
1503960366,2016-04-29 23:00:00,1757,140,23
1503960366,2016-04-30 00:00:00,19,51,0
1503960366,2016-04-30 01:00:00,65,57,1
1503960366,2016-04-30 02:00:00,0,47,2
1503960366,2016-04-30 03:00:00,6,49,3
1503960366,2016-04-30 04:00:00,0,47,4
1503960366,2016-04-30 05:00:00,0,48,5
1503960366,2016-04-30 06:00:00,0,48,6
1503960366,2016-04-30 07:00:00,0,48,7
1503960366,2016-04-30 08:00:00,60,52,8
1503960366,2016-04-30 09:00:00,148,64,9
1503960366,2016-04-30 10:00:00,239,72,10
1503960366,2016-04-30 11:00:00,127,62,11
1503960366,2016-04-30 12:00:00,92,58,12
1503960366,2016-04-30 13:00:00,141,65,13
1503960366,2016-04-30 14:00:00,520,85,14
1503960366,2016-04-30 15:00:00,993,94,15
1503960366,2016-04-30 16:00:00,3388,203,16
1503960366,2016-04-30 17:00:00,2176,160,17
1503960366,2016-04-30 18:00:00,2319,159,18
1503960366,2016-04-30 19:00:00,92,60,19
1503960366,2016-04-30 20:00:00,117,62,20
1503960366,2016-04-30 21:00:00,840,96,21
1503960366,2016-04-30 22:00:00,2139,144,22
1503960366,2016-04-30 23:00:00,1192,116,23
1503960366,2016-05-01 00:00:00,247,64,0
1503960366,2016-05-01 01:00:00,59,60,1
1503960366,2016-05-01 02:00:00,36,50,2
1503960366,2016-05-01 03:00:00,4,48,3
1503960366,2016-05-01 04:00:00,0,47,4
1503960366,2016-05-01 05:00:00,0,48,5
1503960366,2016-05-01 06:00:00,0,47,6
1503960366,2016-05-01 07:00:00,41,52,7
1503960366,2016-05-01 08:00:00,94,56,8
1503960366,2016-05-01 09:00:00,198,67,9
1503960366,2016-05-01 10:00:00,146,61,10
1503960366,2016-05-01 11:00:00,103,65,11
1503960366,2016-05-01 12:00:00,130,66,12
1503960366,2016-05-01 13:00:00,85,57,13
1503960366,2016-05-01 14:00:00,540,91,14
1503960366,2016-05-01 15:00:00,294,81,15
1503960366,2016-05-01 16:00:00,823,97,16
1503960366,2016-05-01 17:00:00,1053,108,17
1503960366,2016-05-01 18:00:00,2007,159,18
1503960366,2016-05-01 19:00:00,177,71,19
1503960366,2016-05-01 20:00:00,93,59,20
1503960366,2016-05-01 21:00:00,363,86,21
1503960366,2016-05-01 22:00:00,1552,127,22
1503960366,2016-05-01 23:00:00,2557,161,23
1503960366,2016-05-02 00:00:00,0,50,0
1503960366,2016-05-02 01:00:00,119,59,1
1503960366,2016-05-02 02:00:00,0,47,2
1503960366,2016-05-02 03:00:00,21,49,3
1503960366,2016-05-02 04:00:00,0,47,4
1503960366,2016-05-02 05:00:00,0,47,5
1503960366,2016-05-02 06:00:00,0,47,6
1503960366,2016-05-02 07:00:00,28,51,7
1503960366,2016-05-02 08:00:00,245,68,8
1503960366,2016-05-02 09:00:00,1690,142,9
1503960366,2016-05-02 10:00:00,369,82,10
1503960366,2016-05-02 11:00:00,384,78,11
1503960366,2016-05-02 12:00:00,2116,153,12
1503960366,2016-05-02 13:00:00,1064,107,13
1503960366,2016-05-02 14:00:00,355,75,14
1503960366,2016-05-02 15:00:00,418,76,15
1503960366,2016-05-02 16:00:00,420,88,16
1503960366,2016-05-02 17:00:00,340,73,17
1503960366,2016-05-02 18:00:00,227,68,18
1503960366,2016-05-02 19:00:00,235,73,19
1503960366,2016-05-02 20:00:00,3903,231,20
1503960366,2016-05-02 21:00:00,1427,119,21
1503960366,2016-05-02 22:00:00,945,106,22
1503960366,2016-05-02 23:00:00,404,80,23
1503960366,2016-05-03 00:00:00,55,54,0
1503960366,2016-05-03 01:00:00,79,58,1
1503960366,2016-05-03 02:00:00,20,49,2
1503960366,2016-05-03 03:00:00,110,57,3
1503960366,2016-05-03 04:00:00,0,47,4
1503960366,2016-05-03 05:00:00,0,47,5
1503960366,2016-05-03 06:00:00,16,50,6
1503960366,2016-05-03 07:00:00,23,51,7
1503960366,2016-05-03 08:00:00,158,64,8
1503960366,2016-05-03 09:00:00,1391,114,9
1503960366,2016-05-03 10:00:00,955,99,10
1503960366,2016-05-03 11:00:00,297,74,11
1503960366,2016-05-03 12:00:00,396,81,12
1503960366,2016-05-03 13:00:00,309,83,13
1503960366,2016-05-03 14:00:00,384,88,14
1503960366,2016-05-03 15:00:00,1719,136,15
1503960366,2016-05-03 16:00:00,870,103,16
1503960366,2016-05-03 17:00:00,690,89,17
1503960366,2016-05-03 18:00:00,3119,191,18
1503960366,2016-05-03 19:00:00,140,58,19
1503960366,2016-05-03 20:00:00,6,50,20
1503960366,2016-05-03 21:00:00,1333,109,21
1503960366,2016-05-03 22:00:00,2549,163,22
1503960366,2016-05-03 23:00:00,484,77,23
1503960366,2016-05-04 00:00:00,400,79,0
1503960366,2016-05-04 01:00:00,18,53,1
1503960366,2016-05-04 02:00:00,0,47,2
1503960366,2016-05-04 03:00:00,0,47,3
1503960366,2016-05-04 04:00:00,0,47,4
1503960366,2016-05-04 05:00:00,0,47,5
1503960366,2016-05-04 06:00:00,0,47,6
1503960366,2016-05-04 07:00:00,0,47,7
1503960366,2016-05-04 08:00:00,68,53,8
1503960366,2016-05-04 09:00:00,1470,125,9
1503960366,2016-05-04 10:00:00,598,87,10
1503960366,2016-05-04 11:00:00,194,65,11
1503960366,2016-05-04 12:00:00,366,75,12
1503960366,2016-05-04 13:00:00,318,76,13
1503960366,2016-05-04 14:00:00,2284,152,14
1503960366,2016-05-04 15:00:00,138,65,15
1503960366,2016-05-04 16:00:00,144,64,16
1503960366,2016-05-04 17:00:00,341,71,17
1503960366,2016-05-04 18:00:00,2041,145,18
1503960366,2016-05-04 19:00:00,205,78,19
1503960366,2016-05-04 20:00:00,1316,124,20
1503960366,2016-05-04 21:00:00,1106,110,21
1503960366,2016-05-04 22:00:00,93,63,22
1503960366,2016-05-04 23:00:00,0,52,23
1503960366,2016-05-05 00:00:00,70,56,0
1503960366,2016-05-05 01:00:00,113,58,1
1503960366,2016-05-05 02:00:00,19,52,2
1503960366,2016-05-05 03:00:00,0,47,3
1503960366,2016-05-05 04:00:00,44,53,4
1503960366,2016-05-05 05:00:00,0,47,5
1503960366,2016-05-05 06:00:00,8,49,6
1503960366,2016-05-05 07:00:00,23,51,7
1503960366,2016-05-05 08:00:00,107,61,8
1503960366,2016-05-05 09:00:00,1615,131,9
1503960366,2016-05-05 10:00:00,360,78,10
1503960366,2016-05-05 11:00:00,28,59,11
1503960366,2016-05-05 12:00:00,318,75,12
1503960366,2016-05-05 13:00:00,1231,110,13
1503960366,2016-05-05 14:00:00,375,75,14
1503960366,2016-05-05 15:00:00,187,72,15
1503960366,2016-05-05 16:00:00,989,102,16
1503960366,2016-05-05 17:00:00,2217,154,17
1503960366,2016-05-05 18:00:00,715,95,18
1503960366,2016-05-05 19:00:00,348,82,19
1503960366,2016-05-05 20:00:00,283,79,20
1503960366,2016-05-05 21:00:00,3897,219,21
1503960366,2016-05-05 22:00:00,900,95,22
1503960366,2016-05-05 23:00:00,200,60,23
1503960366,2016-05-06 00:00:00,186,68,0
1503960366,2016-05-06 01:00:00,4,51,1
1503960366,2016-05-06 02:00:00,88,57,2
1503960366,2016-05-06 03:00:00,0,47,3
1503960366,2016-05-06 04:00:00,19,48,4
1503960366,2016-05-06 05:00:00,0,47,5
1503960366,2016-05-06 06:00:00,0,48,6
1503960366,2016-05-06 07:00:00,23,51,7
1503960366,2016-05-06 08:00:00,146,63,8
1503960366,2016-05-06 09:00:00,1683,134,9
1503960366,2016-05-06 10:00:00,504,85,10
1503960366,2016-05-06 11:00:00,234,65,11
1503960366,2016-05-06 12:00:00,261,72,12
1503960366,2016-05-06 13:00:00,175,66,13
1503960366,2016-05-06 14:00:00,535,83,14
1503960366,2016-05-06 15:00:00,900,104,15
1503960366,2016-05-06 16:00:00,335,78,16
1503960366,2016-05-06 17:00:00,279,73,17
1503960366,2016-05-06 18:00:00,1532,127,18
1503960366,2016-05-06 19:00:00,2500,172,19
1503960366,2016-05-06 20:00:00,255,73,20
1503960366,2016-05-06 21:00:00,514,83,21
1503960366,2016-05-06 22:00:00,375,78,22
1503960366,2016-05-06 23:00:00,1611,124,23
1503960366,2016-05-07 00:00:00,168,65,0
1503960366,2016-05-07 01:00:00,0,48,1
1503960366,2016-05-07 02:00:00,19,50,2
1503960366,2016-05-07 03:00:00,0,47,3
1503960366,2016-05-07 04:00:00,0,48,4
1503960366,2016-05-07 05:00:00,0,47,5
1503960366,2016-05-07 06:00:00,0,47,6
1503960366,2016-05-07 07:00:00,0,47,7
1503960366,2016-05-07 08:00:00,132,61,8
1503960366,2016-05-07 09:00:00,115,59,9
1503960366,2016-05-07 10:00:00,1291,133,10
1503960366,2016-05-07 11:00:00,2352,164,11
1503960366,2016-05-07 12:00:00,129,62,12
1503960366,2016-05-07 13:00:00,77,55,13
1503960366,2016-05-07 14:00:00,125,64,14
1503960366,2016-05-07 15:00:00,318,65,15
1503960366,2016-05-07 16:00:00,259,68,16
1503960366,2016-05-07 17:00:00,173,64,17
1503960366,2016-05-07 18:00:00,253,71,18
1503960366,2016-05-07 19:00:00,652,91,19
1503960366,2016-05-07 20:00:00,102,59,20
1503960366,2016-05-07 21:00:00,2073,140,21
1503960366,2016-05-07 22:00:00,3696,209,22
1503960366,2016-05-07 23:00:00,58,55,23
1503960366,2016-05-08 00:00:00,147,62,0
1503960366,2016-05-08 01:00:00,0,48,1
1503960366,2016-05-08 02:00:00,0,47,2
1503960366,2016-05-08 03:00:00,0,47,3
1503960366,2016-05-08 04:00:00,6,48,4
1503960366,2016-05-08 05:00:00,0,47,5
1503960366,2016-05-08 06:00:00,7,48,6
1503960366,2016-05-08 07:00:00,0,47,7
1503960366,2016-05-08 08:00:00,0,47,8
1503960366,2016-05-08 09:00:00,0,47,9
1503960366,2016-05-08 10:00:00,0,47,10
1503960366,2016-05-08 11:00:00,0,47,11
1503960366,2016-05-08 12:00:00,511,85,12
1503960366,2016-05-08 13:00:00,227,65,13
1503960366,2016-05-08 14:00:00,660,98,14
1503960366,2016-05-08 15:00:00,341,68,15
1503960366,2016-05-08 16:00:00,100,58,16
1503960366,2016-05-08 17:00:00,240,69,17
1503960366,2016-05-08 18:00:00,4472,261,18
1503960366,2016-05-08 19:00:00,1069,107,19
1503960366,2016-05-08 20:00:00,793,88,20
1503960366,2016-05-08 21:00:00,663,101,21
1503960366,2016-05-08 22:00:00,553,92,22
1503960366,2016-05-08 23:00:00,271,66,23
1503960366,2016-05-09 00:00:00,135,60,0
1503960366,2016-05-09 01:00:00,0,47,1
1503960366,2016-05-09 02:00:00,0,47,2
1503960366,2016-05-09 03:00:00,0,47,3
1503960366,2016-05-09 04:00:00,0,47,4
1503960366,2016-05-09 05:00:00,14,49,5
1503960366,2016-05-09 06:00:00,408,81,6
1503960366,2016-05-09 07:00:00,214,63,7
1503960366,2016-05-09 08:00:00,109,58,8
1503960366,2016-05-09 09:00:00,160,58,9
1503960366,2016-05-09 10:00:00,322,69,10
1503960366,2016-05-09 11:00:00,477,74,11
1503960366,2016-05-09 12:00:00,507,79,12
1503960366,2016-05-09 13:00:00,7,52,13
1503960366,2016-05-09 14:00:00,0,51,14
1503960366,2016-05-09 15:00:00,22,53,15
1503960366,2016-05-09 16:00:00,2692,176,16
1503960366,2016-05-09 17:00:00,1260,125,17
1503960366,2016-05-09 18:00:00,624,90,18
1503960366,2016-05-09 19:00:00,1062,115,19
1503960366,2016-05-09 20:00:00,1325,117,20
1503960366,2016-05-09 21:00:00,2684,168,21
1503960366,2016-05-09 22:00:00,0,47,22
1503960366,2016-05-09 23:00:00,0,47,23
1503960366,2016-05-10 00:00:00,0,47,0
1503960366,2016-05-10 01:00:00,92,58,1
1503960366,2016-05-10 02:00:00,0,47,2
1503960366,2016-05-10 03:00:00,0,47,3
1503960366,2016-05-10 04:00:00,0,47,4
1503960366,2016-05-10 05:00:00,0,47,5
1503960366,2016-05-10 06:00:00,0,47,6
1503960366,2016-05-10 07:00:00,47,53,7
1503960366,2016-05-10 08:00:00,227,67,8
1503960366,2016-05-10 09:00:00,1461,118,9
1503960366,2016-05-10 10:00:00,258,76,10
1503960366,2016-05-10 11:00:00,988,102,11
1503960366,2016-05-10 12:00:00,74,63,12
1503960366,2016-05-10 13:00:00,234,73,13
1503960366,2016-05-10 14:00:00,159,66,14
1503960366,2016-05-10 15:00:00,1038,101,15
1503960366,2016-05-10 16:00:00,312,83,16
1503960366,2016-05-10 17:00:00,645,88,17
1503960366,2016-05-10 18:00:00,2494,160,18
1503960366,2016-05-10 19:00:00,1418,127,19
1503960366,2016-05-10 20:00:00,2480,164,20
1503960366,2016-05-10 21:00:00,251,77,21
1503960366,2016-05-10 22:00:00,0,50,22
1503960366,2016-05-10 23:00:00,29,53,23
1503960366,2016-05-11 00:00:00,266,72,0
1503960366,2016-05-11 01:00:00,45,54,1
1503960366,2016-05-11 02:00:00,73,54,2
1503960366,2016-05-11 03:00:00,10,49,3
1503960366,2016-05-11 04:00:00,0,47,4
1503960366,2016-05-11 05:00:00,0,47,5
1503960366,2016-05-11 06:00:00,0,47,6
1503960366,2016-05-11 07:00:00,47,53,7
1503960366,2016-05-11 08:00:00,312,78,8
1503960366,2016-05-11 09:00:00,1914,144,9
1503960366,2016-05-11 10:00:00,644,89,10
1503960366,2016-05-11 11:00:00,259,75,11
1503960366,2016-05-11 12:00:00,116,63,12
1503960366,2016-05-11 13:00:00,811,101,13
1503960366,2016-05-11 14:00:00,1560,130,14
1503960366,2016-05-11 15:00:00,348,72,15
1503960366,2016-05-11 16:00:00,289,70,16
1503960366,2016-05-11 17:00:00,245,67,17
1503960366,2016-05-11 18:00:00,3449,208,18
1503960366,2016-05-11 19:00:00,293,90,19
1503960366,2016-05-11 20:00:00,1209,114,20
1624580081,2016-04-12 00:00:00,31,55,0
1624580081,2016-04-12 01:00:00,0,51,1
1624580081,2016-04-12 02:00:00,0,50,2
1624580081,2016-04-12 03:00:00,7,51,3
1624580081,2016-04-12 04:00:00,0,50,4
1624580081,2016-04-12 05:00:00,0,50,5
1624580081,2016-04-12 06:00:00,0,50,6
1624580081,2016-04-12 07:00:00,0,50,7
1624580081,2016-04-12 08:00:00,0,51,8
1624580081,2016-04-12 09:00:00,1085,74,9
1624580081,2016-04-12 10:00:00,5375,141,10
1624580081,2016-04-12 11:00:00,129,56,11
1624580081,2016-04-12 12:00:00,81,57,12
1624580081,2016-04-12 13:00:00,67,54,13
1624580081,2016-04-12 14:00:00,43,55,14
1624580081,2016-04-12 15:00:00,0,52,15
1624580081,2016-04-12 16:00:00,79,54,16
1624580081,2016-04-12 17:00:00,235,63,17
1624580081,2016-04-12 18:00:00,257,62,18
1624580081,2016-04-12 19:00:00,501,77,19
1624580081,2016-04-12 20:00:00,99,60,20
1624580081,2016-04-12 21:00:00,0,50,21
1624580081,2016-04-12 22:00:00,0,50,22
1624580081,2016-04-12 23:00:00,174,70,23
1624580081,2016-04-13 00:00:00,75,58,0
1624580081,2016-04-13 01:00:00,0,51,1
1624580081,2016-04-13 02:00:00,0,50,2
1624580081,2016-04-13 03:00:00,0,50,3
1624580081,2016-04-13 04:00:00,0,50,4
1624580081,2016-04-13 05:00:00,0,50,5
1624580081,2016-04-13 06:00:00,0,50,6
1624580081,2016-04-13 07:00:00,0,50,7
1624580081,2016-04-13 08:00:00,0,51,8
1624580081,2016-04-13 09:00:00,1663,90,9
1624580081,2016-04-13 10:00:00,3685,112,10
1624580081,2016-04-13 11:00:00,608,68,11
1624580081,2016-04-13 12:00:00,80,59,12
1624580081,2016-04-13 13:00:00,0,50,13
1624580081,2016-04-13 14:00:00,36,55,14
1624580081,2016-04-13 15:00:00,0,50,15
1624580081,2016-04-13 16:00:00,126,59,16
1624580081,2016-04-13 17:00:00,39,56,17
1624580081,2016-04-13 18:00:00,491,79,18
1624580081,2016-04-13 19:00:00,7,52,19
1624580081,2016-04-13 20:00:00,14,54,20
1624580081,2016-04-13 21:00:00,183,66,21
1624580081,2016-04-13 22:00:00,0,50,22
1624580081,2016-04-13 23:00:00,0,52,23
1624580081,2016-04-14 00:00:00,0,51,0
1624580081,2016-04-14 01:00:00,0,50,1
1624580081,2016-04-14 02:00:00,0,51,2
1624580081,2016-04-14 03:00:00,0,50,3
1624580081,2016-04-14 04:00:00,0,50,4
1624580081,2016-04-14 05:00:00,0,50,5
1624580081,2016-04-14 06:00:00,0,50,6
1624580081,2016-04-14 07:00:00,0,51,7
1624580081,2016-04-14 08:00:00,1958,95,8
1624580081,2016-04-14 09:00:00,4148,118,9
1624580081,2016-04-14 10:00:00,141,60,10
1624580081,2016-04-14 11:00:00,468,78,11
1624580081,2016-04-14 12:00:00,0,52,12
1624580081,2016-04-14 13:00:00,0,50,13
1624580081,2016-04-14 14:00:00,87,55,14
1624580081,2016-04-14 15:00:00,34,54,15
1624580081,2016-04-14 16:00:00,170,72,16
1624580081,2016-04-14 17:00:00,1197,127,17
1624580081,2016-04-14 18:00:00,182,78,18
1624580081,2016-04-14 19:00:00,445,86,19
1624580081,2016-04-14 20:00:00,0,58,20
1624580081,2016-04-14 21:00:00,227,74,21
1624580081,2016-04-14 22:00:00,0,50,22
1624580081,2016-04-14 23:00:00,50,65,23
1624580081,2016-04-15 00:00:00,178,70,0
1624580081,2016-04-15 01:00:00,6,53,1
1624580081,2016-04-15 02:00:00,0,50,2
1624580081,2016-04-15 03:00:00,0,50,3
1624580081,2016-04-15 04:00:00,0,50,4
1624580081,2016-04-15 05:00:00,0,50,5
1624580081,2016-04-15 06:00:00,0,51,6
1624580081,2016-04-15 07:00:00,0,51,7
1624580081,2016-04-15 08:00:00,0,50,8
1624580081,2016-04-15 09:00:00,0,50,9
1624580081,2016-04-15 10:00:00,0,50,10
1624580081,2016-04-15 11:00:00,415,86,11
1624580081,2016-04-15 12:00:00,0,50,12
1624580081,2016-04-15 13:00:00,0,50,13
1624580081,2016-04-15 14:00:00,0,50,14
1624580081,2016-04-15 15:00:00,0,50,15
1624580081,2016-04-15 16:00:00,0,50,16
1624580081,2016-04-15 17:00:00,0,51,17
1624580081,2016-04-15 18:00:00,6,54,18
1624580081,2016-04-15 19:00:00,386,89,19
1624580081,2016-04-15 20:00:00,0,50,20
1624580081,2016-04-15 21:00:00,27,54,21
1624580081,2016-04-15 22:00:00,287,74,22
1624580081,2016-04-15 23:00:00,185,63,23
1624580081,2016-04-16 00:00:00,465,78,0
1624580081,2016-04-16 01:00:00,0,50,1
1624580081,2016-04-16 02:00:00,81,56,2
1624580081,2016-04-16 03:00:00,0,50,3
1624580081,2016-04-16 04:00:00,0,50,4
1624580081,2016-04-16 05:00:00,0,50,5
1624580081,2016-04-16 06:00:00,0,50,6
1624580081,2016-04-16 07:00:00,0,50,7
1624580081,2016-04-16 08:00:00,0,50,8
1624580081,2016-04-16 09:00:00,0,50,9
1624580081,2016-04-16 10:00:00,259,67,10
1624580081,2016-04-16 11:00:00,231,61,11
1624580081,2016-04-16 12:00:00,126,59,12
1624580081,2016-04-16 13:00:00,0,50,13
1624580081,2016-04-16 14:00:00,291,68,14
1624580081,2016-04-16 15:00:00,82,56,15
1624580081,2016-04-16 16:00:00,0,50,16
1624580081,2016-04-16 17:00:00,39,56,17
1624580081,2016-04-16 18:00:00,0,53,18
1624580081,2016-04-16 19:00:00,472,90,19
1624580081,2016-04-16 20:00:00,28,55,20
1624580081,2016-04-16 21:00:00,1211,94,21
1624580081,2016-04-16 22:00:00,1962,115,22
1624580081,2016-04-16 23:00:00,123,58,23
1624580081,2016-04-17 00:00:00,115,57,0
1624580081,2016-04-17 01:00:00,0,51,1
1624580081,2016-04-17 02:00:00,67,52,2
1624580081,2016-04-17 03:00:00,0,50,3
1624580081,2016-04-17 04:00:00,0,50,4
1624580081,2016-04-17 05:00:00,0,51,5
1624580081,2016-04-17 06:00:00,0,50,6
1624580081,2016-04-17 07:00:00,0,50,7
1624580081,2016-04-17 08:00:00,0,50,8
1624580081,2016-04-17 09:00:00,0,52,9
1624580081,2016-04-17 10:00:00,49,56,10
1624580081,2016-04-17 11:00:00,0,52,11
1624580081,2016-04-17 12:00:00,193,78,12
1624580081,2016-04-17 13:00:00,1374,122,13
1624580081,2016-04-17 14:00:00,657,80,14
1624580081,2016-04-17 15:00:00,19,56,15
1624580081,2016-04-17 16:00:00,0,50,16
1624580081,2016-04-17 17:00:00,2047,129,17
1624580081,2016-04-17 18:00:00,401,73,18
1624580081,2016-04-17 19:00:00,782,91,19
1624580081,2016-04-17 20:00:00,156,79,20
1624580081,2016-04-17 21:00:00,173,63,21
1624580081,2016-04-17 22:00:00,28,58,22
1624580081,2016-04-17 23:00:00,89,55,23
1624580081,2016-04-18 00:00:00,59,54,0
1624580081,2016-04-18 01:00:00,29,55,1
1624580081,2016-04-18 02:00:00,0,51,2
1624580081,2016-04-18 03:00:00,0,50,3
1624580081,2016-04-18 04:00:00,0,50,4
1624580081,2016-04-18 05:00:00,0,50,5
1624580081,2016-04-18 06:00:00,0,50,6
1624580081,2016-04-18 07:00:00,354,63,7
1624580081,2016-04-18 08:00:00,4120,120,8
1624580081,2016-04-18 09:00:00,17,57,9
1624580081,2016-04-18 10:00:00,458,78,10
1624580081,2016-04-18 11:00:00,261,68,11
1624580081,2016-04-18 12:00:00,6,51,12
1624580081,2016-04-18 13:00:00,0,50,13
1624580081,2016-04-18 14:00:00,0,50,14
1624580081,2016-04-18 15:00:00,812,90,15
1624580081,2016-04-18 16:00:00,3242,166,16
1624580081,2016-04-18 17:00:00,186,61,17
1624580081,2016-04-18 18:00:00,314,72,18
1624580081,2016-04-18 19:00:00,131,62,19
1624580081,2016-04-18 20:00:00,180,66,20
1624580081,2016-04-18 21:00:00,120,65,21
1624580081,2016-04-18 22:00:00,124,62,22
1624580081,2016-04-18 23:00:00,123,63,23
1624580081,2016-04-19 00:00:00,0,52,0
1624580081,2016-04-19 01:00:00,0,50,1
1624580081,2016-04-19 02:00:00,0,50,2
1624580081,2016-04-19 03:00:00,0,50,3
1624580081,2016-04-19 04:00:00,0,50,4
1624580081,2016-04-19 05:00:00,106,60,5
1624580081,2016-04-19 06:00:00,333,77,6
1624580081,2016-04-19 07:00:00,13,54,7
1624580081,2016-04-19 08:00:00,227,66,8
1624580081,2016-04-19 09:00:00,0,51,9
1624580081,2016-04-19 10:00:00,0,50,10
1624580081,2016-04-19 11:00:00,120,64,11
1624580081,2016-04-19 12:00:00,826,109,12
1624580081,2016-04-19 13:00:00,235,70,13
1624580081,2016-04-19 14:00:00,495,71,14
1624580081,2016-04-19 15:00:00,0,50,15
1624580081,2016-04-19 16:00:00,0,53,16
1624580081,2016-04-19 17:00:00,0,52,17
1624580081,2016-04-19 18:00:00,351,80,18
1624580081,2016-04-19 19:00:00,137,59,19
1624580081,2016-04-19 20:00:00,12,55,20
1624580081,2016-04-19 21:00:00,22,55,21
1624580081,2016-04-19 22:00:00,39,59,22
1624580081,2016-04-19 23:00:00,0,51,23
1624580081,2016-04-20 00:00:00,123,60,0
1624580081,2016-04-20 01:00:00,0,50,1
1624580081,2016-04-20 02:00:00,0,50,2
1624580081,2016-04-20 03:00:00,0,50,3
1624580081,2016-04-20 04:00:00,0,50,4
1624580081,2016-04-20 05:00:00,0,50,5
1624580081,2016-04-20 06:00:00,0,50,6
1624580081,2016-04-20 07:00:00,0,50,7
1624580081,2016-04-20 08:00:00,0,51,8
1624580081,2016-04-20 09:00:00,2608,117,9
1624580081,2016-04-20 10:00:00,159,59,10
1624580081,2016-04-20 11:00:00,89,60,11
1624580081,2016-04-20 12:00:00,319,75,12
1624580081,2016-04-20 13:00:00,8,54,13
1624580081,2016-04-20 14:00:00,0,54,14
1624580081,2016-04-20 15:00:00,46,59,15
1624580081,2016-04-20 16:00:00,311,69,16
1624580081,2016-04-20 17:00:00,353,68,17
1624580081,2016-04-20 18:00:00,445,82,18
1624580081,2016-04-20 19:00:00,62,56,19
1624580081,2016-04-20 20:00:00,26,52,20
1624580081,2016-04-20 21:00:00,35,55,21
1624580081,2016-04-20 22:00:00,264,71,22
1624580081,2016-04-20 23:00:00,126,56,23
1624580081,2016-04-21 00:00:00,9,51,0
1624580081,2016-04-21 01:00:00,0,50,1
1624580081,2016-04-21 02:00:00,0,52,2
1624580081,2016-04-21 03:00:00,106,54,3
1624580081,2016-04-21 04:00:00,0,50,4
1624580081,2016-04-21 05:00:00,0,50,5
1624580081,2016-04-21 06:00:00,0,51,6
1624580081,2016-04-21 07:00:00,0,50,7
1624580081,2016-04-21 08:00:00,0,51,8
1624580081,2016-04-21 09:00:00,186,61,9
1624580081,2016-04-21 10:00:00,502,62,10
1624580081,2016-04-21 11:00:00,339,78,11
1624580081,2016-04-21 12:00:00,9,51,12
1624580081,2016-04-21 13:00:00,0,50,13
1624580081,2016-04-21 14:00:00,226,68,14
1624580081,2016-04-21 15:00:00,111,55,15
1624580081,2016-04-21 16:00:00,28,54,16
1624580081,2016-04-21 17:00:00,218,64,17
1624580081,2016-04-21 18:00:00,1287,97,18
1624580081,2016-04-21 19:00:00,2880,124,19
1624580081,2016-04-21 20:00:00,88,60,20
1624580081,2016-04-21 21:00:00,180,68,21
1624580081,2016-04-21 22:00:00,180,65,22
1624580081,2016-04-21 23:00:00,0,52,23
1624580081,2016-04-22 00:00:00,0,51,0
1624580081,2016-04-22 01:00:00,0,50,1
1624580081,2016-04-22 02:00:00,0,50,2
1624580081,2016-04-22 03:00:00,105,54,3
1624580081,2016-04-22 04:00:00,0,50,4
1624580081,2016-04-22 05:00:00,0,50,5
1624580081,2016-04-22 06:00:00,0,50,6
1624580081,2016-04-22 07:00:00,142,70,7
1624580081,2016-04-22 08:00:00,0,52,8
1624580081,2016-04-22 09:00:00,12,53,9
1624580081,2016-04-22 10:00:00,240,63,10
1624580081,2016-04-22 11:00:00,205,68,11
1624580081,2016-04-22 12:00:00,55,56,12
1624580081,2016-04-22 13:00:00,149,60,13
1624580081,2016-04-22 14:00:00,0,51,14
1624580081,2016-04-22 15:00:00,0,53,15
1624580081,2016-04-22 16:00:00,102,55,16
1624580081,2016-04-22 17:00:00,58,57,17
1624580081,2016-04-22 18:00:00,9,51,18
1624580081,2016-04-22 19:00:00,345,96,19
1624580081,2016-04-22 20:00:00,671,91,20
1624580081,2016-04-22 21:00:00,430,76,21
1624580081,2016-04-22 22:00:00,1013,88,22
1624580081,2016-04-22 23:00:00,466,76,23
1624580081,2016-04-23 00:00:00,218,68,0
1624580081,2016-04-23 01:00:00,16,55,1
1624580081,2016-04-23 02:00:00,0,50,2
1624580081,2016-04-23 03:00:00,0,50,3
1624580081,2016-04-23 04:00:00,0,50,4
1624580081,2016-04-23 05:00:00,0,50,5
1624580081,2016-04-23 06:00:00,0,50,6
1624580081,2016-04-23 07:00:00,0,50,7
1624580081,2016-04-23 08:00:00,0,51,8
1624580081,2016-04-23 09:00:00,150,63,9
1624580081,2016-04-23 10:00:00,722,80,10
1624580081,2016-04-23 11:00:00,0,50,11
1624580081,2016-04-23 12:00:00,97,58,12
1624580081,2016-04-23 13:00:00,39,52,13
1624580081,2016-04-23 14:00:00,221,64,14
1624580081,2016-04-23 15:00:00,0,52,15
1624580081,2016-04-23 16:00:00,350,77,16
1624580081,2016-04-23 17:00:00,8,53,17
1624580081,2016-04-23 18:00:00,74,60,18
1624580081,2016-04-23 19:00:00,446,95,19
1624580081,2016-04-23 20:00:00,2628,128,20
1624580081,2016-04-23 21:00:00,2666,121,21
1624580081,2016-04-23 22:00:00,854,81,22
1624580081,2016-04-23 23:00:00,49,53,23
1624580081,2016-04-24 00:00:00,174,64,0
1624580081,2016-04-24 01:00:00,34,59,1
1624580081,2016-04-24 02:00:00,0,50,2
1624580081,2016-04-24 03:00:00,0,50,3
1624580081,2016-04-24 04:00:00,0,50,4
1624580081,2016-04-24 05:00:00,0,51,5
1624580081,2016-04-24 06:00:00,0,52,6
1624580081,2016-04-24 07:00:00,0,50,7
1624580081,2016-04-24 08:00:00,0,54,8
1624580081,2016-04-24 09:00:00,121,60,9
1624580081,2016-04-24 10:00:00,313,89,10
1624580081,2016-04-24 11:00:00,103,70,11
1624580081,2016-04-24 12:00:00,1236,106,12
1624580081,2016-04-24 13:00:00,1604,114,13
1624580081,2016-04-24 14:00:00,217,70,14
1624580081,2016-04-24 15:00:00,0,50,15
1624580081,2016-04-24 16:00:00,12,54,16
1624580081,2016-04-24 17:00:00,53,61,17
1624580081,2016-04-24 18:00:00,1456,145,18
1624580081,2016-04-24 19:00:00,232,82,19
1624580081,2016-04-24 20:00:00,397,77,20
1624580081,2016-04-24 21:00:00,24,53,21
1624580081,2016-04-24 22:00:00,100,57,22
1624580081,2016-04-24 23:00:00,0,50,23
1624580081,2016-04-25 00:00:00,0,50,0
1624580081,2016-04-25 01:00:00,6,54,1
1624580081,2016-04-25 02:00:00,0,50,2
1624580081,2016-04-25 03:00:00,0,50,3
1624580081,2016-04-25 04:00:00,0,50,4
1624580081,2016-04-25 05:00:00,0,50,5
1624580081,2016-04-25 06:00:00,0,50,6
1624580081,2016-04-25 07:00:00,0,50,7
1624580081,2016-04-25 08:00:00,221,64,8
1624580081,2016-04-25 09:00:00,148,62,9
1624580081,2016-04-25 10:00:00,2401,99,10
1624580081,2016-04-25 11:00:00,967,102,11
1624580081,2016-04-25 12:00:00,508,77,12
1624580081,2016-04-25 13:00:00,64,61,13
1624580081,2016-04-25 14:00:00,45,54,14
1624580081,2016-04-25 15:00:00,14,54,15
1624580081,2016-04-25 16:00:00,154,60,16
1624580081,2016-04-25 17:00:00,951,86,17
1624580081,2016-04-25 18:00:00,355,72,18
1624580081,2016-04-25 19:00:00,383,71,19
1624580081,2016-04-25 20:00:00,0,51,20
1624580081,2016-04-25 21:00:00,41,53,21
1624580081,2016-04-25 22:00:00,66,61,22
1624580081,2016-04-25 23:00:00,163,62,23
1624580081,2016-04-26 00:00:00,38,55,0
1624580081,2016-04-26 01:00:00,0,51,1
1624580081,2016-04-26 02:00:00,0,50,2
1624580081,2016-04-26 03:00:00,0,50,3
1624580081,2016-04-26 04:00:00,0,50,4
1624580081,2016-04-26 05:00:00,0,50,5
1624580081,2016-04-26 06:00:00,0,51,6
1624580081,2016-04-26 07:00:00,0,50,7
1624580081,2016-04-26 08:00:00,0,51,8
1624580081,2016-04-26 09:00:00,470,79,9
1624580081,2016-04-26 10:00:00,388,70,10
1624580081,2016-04-26 11:00:00,43,60,11
1624580081,2016-04-26 12:00:00,160,62,12
1624580081,2016-04-26 13:00:00,269,65,13
1624580081,2016-04-26 14:00:00,239,74,14
1624580081,2016-04-26 15:00:00,0,52,15
1624580081,2016-04-26 16:00:00,81,57,16
1624580081,2016-04-26 17:00:00,449,69,17
1624580081,2016-04-26 18:00:00,258,67,18
1624580081,2016-04-26 19:00:00,383,74,19
1624580081,2016-04-26 20:00:00,7,55,20
1624580081,2016-04-26 21:00:00,41,57,21
1624580081,2016-04-26 22:00:00,0,53,22
1624580081,2016-04-26 23:00:00,0,50,23
1624580081,2016-04-27 00:00:00,133,54,0
1624580081,2016-04-27 01:00:00,0,50,1
1624580081,2016-04-27 02:00:00,0,50,2
1624580081,2016-04-27 03:00:00,0,50,3
1624580081,2016-04-27 04:00:00,0,50,4
1624580081,2016-04-27 05:00:00,0,50,5
1624580081,2016-04-27 06:00:00,0,51,6
1624580081,2016-04-27 07:00:00,0,50,7
1624580081,2016-04-27 08:00:00,0,50,8
1624580081,2016-04-27 09:00:00,247,60,9
1624580081,2016-04-27 10:00:00,32,53,10
1624580081,2016-04-27 11:00:00,433,88,11
1624580081,2016-04-27 12:00:00,212,71,12
1624580081,2016-04-27 13:00:00,1239,111,13
1624580081,2016-04-27 14:00:00,4016,222,14
1624580081,2016-04-27 15:00:00,413,67,15
1624580081,2016-04-27 16:00:00,561,80,16
1624580081,2016-04-27 17:00:00,510,72,17
1624580081,2016-04-27 18:00:00,157,62,18
1624580081,2016-04-27 19:00:00,26,66,19
1624580081,2016-04-27 20:00:00,0,55,20
1624580081,2016-04-27 21:00:00,79,71,21
1624580081,2016-04-27 22:00:00,104,68,22
1624580081,2016-04-27 23:00:00,205,71,23
1624580081,2016-04-28 00:00:00,36,56,0
1624580081,2016-04-28 01:00:00,0,50,1
1624580081,2016-04-28 02:00:00,0,50,2
1624580081,2016-04-28 03:00:00,0,50,3
1624580081,2016-04-28 04:00:00,0,50,4
1624580081,2016-04-28 05:00:00,0,50,5
1624580081,2016-04-28 06:00:00,0,50,6
1624580081,2016-04-28 07:00:00,0,50,7
1624580081,2016-04-28 08:00:00,139,62,8
1624580081,2016-04-28 09:00:00,137,56,9
1624580081,2016-04-28 10:00:00,167,67,10
1624580081,2016-04-28 11:00:00,182,63,11
1624580081,2016-04-28 12:00:00,0,50,12
1624580081,2016-04-28 13:00:00,0,50,13
1624580081,2016-04-28 14:00:00,188,62,14
1624580081,2016-04-28 15:00:00,0,50,15
1624580081,2016-04-28 16:00:00,635,92,16
1624580081,2016-04-28 17:00:00,572,96,17
1624580081,2016-04-28 18:00:00,0,50,18
1624580081,2016-04-28 19:00:00,0,50,19
1624580081,2016-04-28 20:00:00,409,76,20
1624580081,2016-04-28 21:00:00,69,58,21
1624580081,2016-04-28 22:00:00,225,65,22
1624580081,2016-04-28 23:00:00,0,51,23
1624580081,2016-04-29 00:00:00,69,55,0
1624580081,2016-04-29 01:00:00,0,51,1
1624580081,2016-04-29 02:00:00,0,50,2
1624580081,2016-04-29 03:00:00,0,50,3
1624580081,2016-04-29 04:00:00,0,50,4
1624580081,2016-04-29 05:00:00,0,50,5
1624580081,2016-04-29 06:00:00,0,50,6
1624580081,2016-04-29 07:00:00,36,57,7
1624580081,2016-04-29 08:00:00,0,51,8
1624580081,2016-04-29 09:00:00,0,50,9
1624580081,2016-04-29 10:00:00,0,51,10
1624580081,2016-04-29 11:00:00,0,50,11
1624580081,2016-04-29 12:00:00,304,74,12
1624580081,2016-04-29 13:00:00,84,60,13
1624580081,2016-04-29 14:00:00,129,57,14
1624580081,2016-04-29 15:00:00,0,52,15
1624580081,2016-04-29 16:00:00,790,82,16
1624580081,2016-04-29 17:00:00,205,81,17
1624580081,2016-04-29 18:00:00,259,78,18
1624580081,2016-04-29 19:00:00,205,82,19
1624580081,2016-04-29 20:00:00,148,64,20
1624580081,2016-04-29 21:00:00,33,53,21
1624580081,2016-04-29 22:00:00,128,58,22
1624580081,2016-04-29 23:00:00,0,50,23
1624580081,2016-04-30 00:00:00,324,75,0
1624580081,2016-04-30 01:00:00,0,50,1
1624580081,2016-04-30 02:00:00,11,51,2
1624580081,2016-04-30 03:00:00,0,50,3
1624580081,2016-04-30 04:00:00,0,50,4
1624580081,2016-04-30 05:00:00,0,50,5
1624580081,2016-04-30 06:00:00,0,53,6
1624580081,2016-04-30 07:00:00,0,50,7
1624580081,2016-04-30 08:00:00,0,52,8
1624580081,2016-04-30 09:00:00,0,51,9
1624580081,2016-04-30 10:00:00,179,63,10
1624580081,2016-04-30 11:00:00,272,82,11
1624580081,2016-04-30 12:00:00,135,63,12
1624580081,2016-04-30 13:00:00,3579,190,13
1624580081,2016-04-30 14:00:00,307,80,14
1624580081,2016-04-30 15:00:00,648,91,15
1624580081,2016-04-30 16:00:00,57,54,16
1624580081,2016-04-30 17:00:00,0,53,17
1624580081,2016-04-30 18:00:00,381,83,18
1624580081,2016-04-30 19:00:00,185,94,19
1624580081,2016-04-30 20:00:00,66,57,20
1624580081,2016-04-30 21:00:00,107,77,21
1624580081,2016-04-30 22:00:00,145,70,22
1624580081,2016-04-30 23:00:00,78,67,23
1624580081,2016-05-01 00:00:00,6,51,0
1624580081,2016-05-01 01:00:00,0,50,1
1624580081,2016-05-01 02:00:00,0,51,2
1624580081,2016-05-01 03:00:00,0,52,3
1624580081,2016-05-01 04:00:00,207,87,4
1624580081,2016-05-01 05:00:00,1748,132,5
1624580081,2016-05-01 06:00:00,2759,177,6
1624580081,2016-05-01 07:00:00,7609,336,7
1624580081,2016-05-01 08:00:00,8520,369,8
1624580081,2016-05-01 09:00:00,8976,374,9
1624580081,2016-05-01 10:00:00,4282,201,10
1624580081,2016-05-01 11:00:00,176,66,11
1624580081,2016-05-01 12:00:00,217,71,12
1624580081,2016-05-01 13:00:00,41,52,13
1624580081,2016-05-01 14:00:00,0,50,14
1624580081,2016-05-01 15:00:00,0,51,15
1624580081,2016-05-01 16:00:00,180,65,16
1624580081,2016-05-01 17:00:00,46,54,17
1624580081,2016-05-01 18:00:00,128,55,18
1624580081,2016-05-01 19:00:00,125,55,19
1624580081,2016-05-01 20:00:00,385,74,20
1624580081,2016-05-01 21:00:00,289,94,21
1624580081,2016-05-01 22:00:00,272,71,22
1624580081,2016-05-01 23:00:00,53,54,23
1624580081,2016-05-02 00:00:00,82,55,0
1624580081,2016-05-02 01:00:00,0,50,1
1624580081,2016-05-02 02:00:00,0,50,2
1624580081,2016-05-02 03:00:00,0,50,3
1624580081,2016-05-02 04:00:00,0,50,4
1624580081,2016-05-02 05:00:00,0,50,5
1624580081,2016-05-02 06:00:00,100,58,6
1624580081,2016-05-02 07:00:00,0,50,7
1624580081,2016-05-02 08:00:00,0,50,8
1624580081,2016-05-02 09:00:00,0,51,9
1624580081,2016-05-02 10:00:00,671,75,10
1624580081,2016-05-02 11:00:00,1649,111,11
1624580081,2016-05-02 12:00:00,111,61,12
1624580081,2016-05-02 13:00:00,103,60,13
1624580081,2016-05-02 14:00:00,0,53,14
1624580081,2016-05-02 15:00:00,180,62,15
1624580081,2016-05-02 16:00:00,19,51,16
1624580081,2016-05-02 17:00:00,81,56,17
1624580081,2016-05-02 18:00:00,569,78,18
1624580081,2016-05-02 19:00:00,3261,152,19
1624580081,2016-05-02 20:00:00,50,57,20
1624580081,2016-05-02 21:00:00,57,53,21
1624580081,2016-05-02 22:00:00,150,61,22
1624580081,2016-05-02 23:00:00,72,53,23
1624580081,2016-05-03 00:00:00,0,51,0
1624580081,2016-05-03 01:00:00,0,50,1
1624580081,2016-05-03 02:00:00,0,50,2
1624580081,2016-05-03 03:00:00,0,50,3
1624580081,2016-05-03 04:00:00,0,50,4
1624580081,2016-05-03 05:00:00,0,50,5
1624580081,2016-05-03 06:00:00,66,56,6
1624580081,2016-05-03 07:00:00,507,72,7
1624580081,2016-05-03 08:00:00,0,50,8
1624580081,2016-05-03 09:00:00,0,50,9
1624580081,2016-05-03 10:00:00,0,50,10
1624580081,2016-05-03 11:00:00,0,50,11
1624580081,2016-05-03 12:00:00,130,67,12
1624580081,2016-05-03 13:00:00,127,56,13
1624580081,2016-05-03 14:00:00,128,58,14
1624580081,2016-05-03 15:00:00,7,52,15
1624580081,2016-05-03 16:00:00,0,51,16
1624580081,2016-05-03 17:00:00,0,50,17
1624580081,2016-05-03 18:00:00,585,81,18
1624580081,2016-05-03 19:00:00,223,62,19
1624580081,2016-05-03 20:00:00,0,51,20
1624580081,2016-05-03 21:00:00,16,54,21
1624580081,2016-05-03 22:00:00,155,62,22
1624580081,2016-05-03 23:00:00,156,61,23
1624580081,2016-05-04 00:00:00,0,51,0
1624580081,2016-05-04 01:00:00,0,53,1
1624580081,2016-05-04 02:00:00,15,55,2
1624580081,2016-05-04 03:00:00,0,50,3
1624580081,2016-05-04 04:00:00,0,50,4
1624580081,2016-05-04 05:00:00,0,50,5
1624580081,2016-05-04 06:00:00,45,55,6
1624580081,2016-05-04 07:00:00,0,50,7
1624580081,2016-05-04 08:00:00,0,50,8
1624580081,2016-05-04 09:00:00,0,50,9
1624580081,2016-05-04 10:00:00,181,65,10
1624580081,2016-05-04 11:00:00,341,86,11
1624580081,2016-05-04 12:00:00,34,52,12
1624580081,2016-05-04 13:00:00,0,50,13
1624580081,2016-05-04 14:00:00,0,50,14
1624580081,2016-05-04 15:00:00,634,77,15
1624580081,2016-05-04 16:00:00,132,56,16
1624580081,2016-05-04 17:00:00,99,55,17
1624580081,2016-05-04 18:00:00,218,67,18
1624580081,2016-05-04 19:00:00,129,58,19
1624580081,2016-05-04 20:00:00,106,62,20
1624580081,2016-05-04 21:00:00,177,71,21
1624580081,2016-05-04 22:00:00,4,51,22
1624580081,2016-05-04 23:00:00,78,58,23
1624580081,2016-05-05 00:00:00,0,50,0
1624580081,2016-05-05 01:00:00,0,50,1
1624580081,2016-05-05 02:00:00,0,51,2
1624580081,2016-05-05 03:00:00,0,50,3
1624580081,2016-05-05 04:00:00,0,50,4
1624580081,2016-05-05 05:00:00,0,50,5
1624580081,2016-05-05 06:00:00,116,56,6
1624580081,2016-05-05 07:00:00,0,51,7
1624580081,2016-05-05 08:00:00,0,50,8
1624580081,2016-05-05 09:00:00,0,52,9
1624580081,2016-05-05 10:00:00,0,50,10
1624580081,2016-05-05 11:00:00,497,83,11
1624580081,2016-05-05 12:00:00,97,67,12
1624580081,2016-05-05 13:00:00,523,87,13
1624580081,2016-05-05 14:00:00,340,64,14
1624580081,2016-05-05 15:00:00,83,58,15
1624580081,2016-05-05 16:00:00,48,55,16
1624580081,2016-05-05 17:00:00,82,56,17
1624580081,2016-05-05 18:00:00,52,52,18
1624580081,2016-05-05 19:00:00,419,68,19
1624580081,2016-05-05 20:00:00,9,51,20
1624580081,2016-05-05 21:00:00,60,56,21
1624580081,2016-05-05 22:00:00,76,61,22
1624580081,2016-05-05 23:00:00,68,54,23
1624580081,2016-05-06 00:00:00,151,59,0
1624580081,2016-05-06 01:00:00,0,50,1
1624580081,2016-05-06 02:00:00,174,58,2
1624580081,2016-05-06 03:00:00,0,51,3
1624580081,2016-05-06 04:00:00,0,50,4
1624580081,2016-05-06 05:00:00,0,50,5
1624580081,2016-05-06 06:00:00,0,50,6
1624580081,2016-05-06 07:00:00,0,50,7
1624580081,2016-05-06 08:00:00,0,50,8
1624580081,2016-05-06 09:00:00,0,52,9
1624580081,2016-05-06 10:00:00,0,50,10
1624580081,2016-05-06 11:00:00,144,59,11
1624580081,2016-05-06 12:00:00,60,53,12
1624580081,2016-05-06 13:00:00,101,56,13
1624580081,2016-05-06 14:00:00,4,54,14
1624580081,2016-05-06 15:00:00,0,50,15
1624580081,2016-05-06 16:00:00,0,50,16
1624580081,2016-05-06 17:00:00,5,51,17
1624580081,2016-05-06 18:00:00,152,65,18
1624580081,2016-05-06 19:00:00,230,75,19
1624580081,2016-05-06 20:00:00,223,63,20
1624580081,2016-05-06 21:00:00,136,62,21
1624580081,2016-05-06 22:00:00,136,64,22
1624580081,2016-05-06 23:00:00,211,69,23
1624580081,2016-05-07 00:00:00,121,61,0
1624580081,2016-05-07 01:00:00,277,88,1
1624580081,2016-05-07 02:00:00,171,76,2
1624580081,2016-05-07 03:00:00,0,50,3
1624580081,2016-05-07 04:00:00,0,55,4
1624580081,2016-05-07 05:00:00,0,50,5
1624580081,2016-05-07 06:00:00,0,50,6
1624580081,2016-05-07 07:00:00,0,51,7
1624580081,2016-05-07 08:00:00,0,50,8
1624580081,2016-05-07 09:00:00,0,50,9
1624580081,2016-05-07 10:00:00,0,50,10
1624580081,2016-05-07 11:00:00,0,50,11
1624580081,2016-05-07 12:00:00,199,85,12
1624580081,2016-05-07 13:00:00,210,91,13
1624580081,2016-05-07 14:00:00,262,76,14
1624580081,2016-05-07 15:00:00,0,50,15
1624580081,2016-05-07 16:00:00,0,50,16
1624580081,2016-05-07 17:00:00,162,68,17
1624580081,2016-05-07 18:00:00,417,90,18
1624580081,2016-05-07 19:00:00,173,70,19
1624580081,2016-05-07 20:00:00,50,58,20
1624580081,2016-05-07 21:00:00,7,51,21
1624580081,2016-05-07 22:00:00,19,51,22
1624580081,2016-05-07 23:00:00,36,53,23
1624580081,2016-05-08 00:00:00,0,51,0
1624580081,2016-05-08 01:00:00,0,50,1
1624580081,2016-05-08 02:00:00,473,80,2
1624580081,2016-05-08 03:00:00,52,56,3
1624580081,2016-05-08 04:00:00,0,50,4
1624580081,2016-05-08 05:00:00,0,51,5
1624580081,2016-05-08 06:00:00,0,50,6
1624580081,2016-05-08 07:00:00,0,52,7
1624580081,2016-05-08 08:00:00,0,51,8
1624580081,2016-05-08 09:00:00,8,56,9
1624580081,2016-05-08 10:00:00,144,63,10
1624580081,2016-05-08 11:00:00,310,66,11
1624580081,2016-05-08 12:00:00,22,56,12
1624580081,2016-05-08 13:00:00,82,55,13
1624580081,2016-05-08 14:00:00,333,65,14
1624580081,2016-05-08 15:00:00,588,76,15
1624580081,2016-05-08 16:00:00,74,56,16
1624580081,2016-05-08 17:00:00,470,75,17
1624580081,2016-05-08 18:00:00,110,64,18
1624580081,2016-05-08 19:00:00,149,63,19
1624580081,2016-05-08 20:00:00,230,68,20
1624580081,2016-05-08 21:00:00,158,60,21
1624580081,2016-05-08 22:00:00,0,50,22
1624580081,2016-05-08 23:00:00,224,62,23
1624580081,2016-05-09 00:00:00,0,50,0
1624580081,2016-05-09 01:00:00,0,50,1
1624580081,2016-05-09 02:00:00,36,56,2
1624580081,2016-05-09 03:00:00,0,50,3
1624580081,2016-05-09 04:00:00,0,50,4
1624580081,2016-05-09 05:00:00,0,50,5
1624580081,2016-05-09 06:00:00,0,51,6
1624580081,2016-05-09 07:00:00,0,51,7
1624580081,2016-05-09 08:00:00,0,50,8
1624580081,2016-05-09 09:00:00,0,50,9
1624580081,2016-05-09 10:00:00,0,51,10
1624580081,2016-05-09 11:00:00,0,50,11
1624580081,2016-05-09 12:00:00,307,77,12
1624580081,2016-05-09 13:00:00,243,64,13
1624580081,2016-05-09 14:00:00,309,71,14
1624580081,2016-05-09 15:00:00,73,55,15
1624580081,2016-05-09 16:00:00,243,64,16
1624580081,2016-05-09 17:00:00,10,54,17
1624580081,2016-05-09 18:00:00,100,59,18
1624580081,2016-05-09 19:00:00,274,66,19
1624580081,2016-05-09 20:00:00,0,50,20
1624580081,2016-05-09 21:00:00,83,53,21
1624580081,2016-05-09 22:00:00,43,54,22
1624580081,2016-05-09 23:00:00,11,53,23
1624580081,2016-05-10 00:00:00,111,59,0
1624580081,2016-05-10 01:00:00,0,51,1
1624580081,2016-05-10 02:00:00,0,51,2
1624580081,2016-05-10 03:00:00,0,50,3
1624580081,2016-05-10 04:00:00,0,50,4
1624580081,2016-05-10 05:00:00,0,50,5
1624580081,2016-05-10 06:00:00,0,50,6
1624580081,2016-05-10 07:00:00,0,50,7
1624580081,2016-05-10 08:00:00,0,50,8
1624580081,2016-05-10 09:00:00,0,52,9
1624580081,2016-05-10 10:00:00,0,50,10
1624580081,2016-05-10 11:00:00,0,51,11
1624580081,2016-05-10 12:00:00,19,59,12
1624580081,2016-05-10 13:00:00,1376,94,13
1624580081,2016-05-10 14:00:00,338,64,14
1624580081,2016-05-10 15:00:00,6,53,15
1624580081,2016-05-10 16:00:00,13,58,16
1624580081,2016-05-10 17:00:00,118,78,17
1624580081,2016-05-10 18:00:00,644,93,18
1624580081,2016-05-10 19:00:00,47,55,19
1624580081,2016-05-10 20:00:00,172,60,20
1624580081,2016-05-10 21:00:00,30,52,21
1624580081,2016-05-10 22:00:00,84,54,22
1624580081,2016-05-10 23:00:00,11,59,23
1624580081,2016-05-11 00:00:00,0,54,0
1624580081,2016-05-11 01:00:00,0,51,1
1624580081,2016-05-11 02:00:00,18,58,2
1624580081,2016-05-11 03:00:00,0,51,3
1624580081,2016-05-11 04:00:00,0,50,4
1624580081,2016-05-11 05:00:00,0,50,5
1624580081,2016-05-11 06:00:00,0,50,6
1624580081,2016-05-11 07:00:00,0,50,7
1624580081,2016-05-11 08:00:00,0,50,8
1624580081,2016-05-11 09:00:00,0,50,9
1624580081,2016-05-11 10:00:00,0,51,10
1624580081,2016-05-11 11:00:00,0,50,11
1624580081,2016-05-11 12:00:00,0,50,12
1624580081,2016-05-11 13:00:00,154,64,13
1624580081,2016-05-11 14:00:00,199,65,14
1624580081,2016-05-11 15:00:00,664,69,15
1624580081,2016-05-11 16:00:00,302,64,16
1624580081,2016-05-11 17:00:00,477,68,17
1624580081,2016-05-11 18:00:00,861,81,18
1624580081,2016-05-11 19:00:00,53,53,19
1624580081,2016-05-11 20:00:00,77,59,20
1624580081,2016-05-11 21:00:00,0,51,21
1624580081,2016-05-11 22:00:00,251,65,22
1624580081,2016-05-11 23:00:00,78,59,23
1624580081,2016-05-12 00:00:00,24,54,0
1624580081,2016-05-12 01:00:00,60,56,1
1624580081,2016-05-12 02:00:00,121,57,2
1624580081,2016-05-12 03:00:00,0,52,3
1624580081,2016-05-12 04:00:00,6,54,4
1624580081,2016-05-12 05:00:00,0,50,5
1624580081,2016-05-12 06:00:00,0,50,6
1624580081,2016-05-12 07:00:00,0,50,7
1624580081,2016-05-12 08:00:00,0,50,8
1624580081,2016-05-12 09:00:00,0,50,9
1624580081,2016-05-12 10:00:00,97,59,10
1624580081,2016-05-12 11:00:00,0,50,11
1624580081,2016-05-12 12:00:00,215,65,12
1624580081,2016-05-12 13:00:00,300,83,13
1624580081,2016-05-12 14:00:00,1795,116,14
1624580081,2016-05-12 15:00:00,121,63,15
1644430081,2016-04-12 00:00:00,45,89,0
1644430081,2016-04-12 01:00:00,8,87,1
1644430081,2016-04-12 02:00:00,0,84,2
1644430081,2016-04-12 03:00:00,0,84,3
1644430081,2016-04-12 04:00:00,0,84,4
1644430081,2016-04-12 05:00:00,0,84,5
1644430081,2016-04-12 06:00:00,0,84,6
1644430081,2016-04-12 07:00:00,0,84,7
1644430081,2016-04-12 08:00:00,451,130,8
1644430081,2016-04-12 09:00:00,318,131,9
1644430081,2016-04-12 10:00:00,288,129,10
1644430081,2016-04-12 11:00:00,107,121,11
1644430081,2016-04-12 12:00:00,68,102,12
1644430081,2016-04-12 13:00:00,5,96,13
1644430081,2016-04-12 14:00:00,539,154,14
1644430081,2016-04-12 15:00:00,79,110,15
1644430081,2016-04-12 16:00:00,156,115,16
1644430081,2016-04-12 17:00:00,205,114,17
1644430081,2016-04-12 18:00:00,1676,237,18
1644430081,2016-04-12 19:00:00,1669,250,19
1644430081,2016-04-12 20:00:00,1467,231,20
1644430081,2016-04-12 21:00:00,2076,279,21
1644430081,2016-04-12 22:00:00,1527,234,22
1644430081,2016-04-12 23:00:00,10,87,23
1644430081,2016-04-13 00:00:00,0,84,0
1644430081,2016-04-13 01:00:00,0,84,1
1644430081,2016-04-13 02:00:00,0,84,2
1644430081,2016-04-13 03:00:00,0,84,3
1644430081,2016-04-13 04:00:00,0,84,4
1644430081,2016-04-13 05:00:00,0,84,5
1644430081,2016-04-13 06:00:00,0,84,6
1644430081,2016-04-13 07:00:00,0,84,7
1644430081,2016-04-13 08:00:00,488,141,8
1644430081,2016-04-13 09:00:00,255,123,9
1644430081,2016-04-13 10:00:00,11,100,10
1644430081,2016-04-13 11:00:00,217,121,11
1644430081,2016-04-13 12:00:00,501,148,12
1644430081,2016-04-13 13:00:00,88,116,13
1644430081,2016-04-13 14:00:00,72,114,14
1644430081,2016-04-13 15:00:00,20,101,15
1644430081,2016-04-13 16:00:00,170,116,16
1644430081,2016-04-13 17:00:00,418,141,17
1644430081,2016-04-13 18:00:00,602,149,18
1644430081,2016-04-13 19:00:00,4660,456,19
1644430081,2016-04-13 20:00:00,499,149,20
1644430081,2016-04-13 21:00:00,0,84,21
1644430081,2016-04-13 22:00:00,0,84,22
1644430081,2016-04-13 23:00:00,0,84,23
1644430081,2016-04-14 00:00:00,0,84,0
1644430081,2016-04-14 01:00:00,0,84,1
1644430081,2016-04-14 02:00:00,0,84,2
1644430081,2016-04-14 03:00:00,0,84,3
1644430081,2016-04-14 04:00:00,0,84,4
1644430081,2016-04-14 05:00:00,0,84,5
1644430081,2016-04-14 06:00:00,0,84,6
1644430081,2016-04-14 07:00:00,0,84,7
1644430081,2016-04-14 08:00:00,466,134,8
1644430081,2016-04-14 09:00:00,18,103,9
1644430081,2016-04-14 10:00:00,25,100,10
1644430081,2016-04-14 11:00:00,525,143,11
1644430081,2016-04-14 12:00:00,101,105,12
1644430081,2016-04-14 13:00:00,465,147,13
1644430081,2016-04-14 14:00:00,73,106,14
1644430081,2016-04-14 15:00:00,173,121,15
1644430081,2016-04-14 16:00:00,174,125,16
1644430081,2016-04-14 17:00:00,392,134,17
1644430081,2016-04-14 18:00:00,1108,205,18
1644430081,2016-04-14 19:00:00,2162,275,19
1644430081,2016-04-14 20:00:00,1723,258,20
1644430081,2016-04-14 21:00:00,1686,248,21
1644430081,2016-04-14 22:00:00,1937,261,22
1644430081,2016-04-14 23:00:00,9,87,23
1644430081,2016-04-15 00:00:00,0,84,0
1644430081,2016-04-15 01:00:00,0,84,1
1644430081,2016-04-15 02:00:00,0,84,2
1644430081,2016-04-15 03:00:00,0,84,3
1644430081,2016-04-15 04:00:00,0,84,4
1644430081,2016-04-15 05:00:00,0,84,5
1644430081,2016-04-15 06:00:00,0,84,6
1644430081,2016-04-15 07:00:00,586,148,7
1644430081,2016-04-15 08:00:00,89,117,8
1644430081,2016-04-15 09:00:00,9,98,9
1644430081,2016-04-15 10:00:00,5,97,10
1644430081,2016-04-15 11:00:00,352,135,11
1644430081,2016-04-15 12:00:00,210,113,12
1644430081,2016-04-15 13:00:00,94,115,13
1644430081,2016-04-15 14:00:00,458,158,14
1644430081,2016-04-15 15:00:00,32,99,15
1644430081,2016-04-15 16:00:00,512,151,16
1644430081,2016-04-15 17:00:00,129,114,17
1644430081,2016-04-15 18:00:00,655,157,18
1644430081,2016-04-15 19:00:00,449,133,19
1644430081,2016-04-15 20:00:00,1337,209,20
1644430081,2016-04-15 21:00:00,11,96,21
1644430081,2016-04-15 22:00:00,31,101,22
1644430081,2016-04-15 23:00:00,304,119,23
1644430081,2016-04-16 00:00:00,0,84,0
1644430081,2016-04-16 01:00:00,0,84,1
1644430081,2016-04-16 02:00:00,0,84,2
1644430081,2016-04-16 03:00:00,0,84,3
1644430081,2016-04-16 04:00:00,0,84,4
1644430081,2016-04-16 05:00:00,0,84,5
1644430081,2016-04-16 06:00:00,0,84,6
1644430081,2016-04-16 07:00:00,0,84,7
1644430081,2016-04-16 08:00:00,0,84,8
1644430081,2016-04-16 09:00:00,0,84,9
1644430081,2016-04-16 10:00:00,0,84,10
1644430081,2016-04-16 11:00:00,783,169,11
1644430081,2016-04-16 12:00:00,1959,273,12
1644430081,2016-04-16 13:00:00,1814,244,13
1644430081,2016-04-16 14:00:00,879,179,14
1644430081,2016-04-16 15:00:00,1229,200,15
1644430081,2016-04-16 16:00:00,3434,364,16
1644430081,2016-04-16 17:00:00,1163,196,17
1644430081,2016-04-16 18:00:00,562,150,18
1644430081,2016-04-16 19:00:00,62,114,19
1644430081,2016-04-16 20:00:00,679,160,20
1644430081,2016-04-16 21:00:00,1100,187,21
1644430081,2016-04-16 22:00:00,1400,215,22
1644430081,2016-04-16 23:00:00,159,114,23
1644430081,2016-04-17 00:00:00,836,173,0
1644430081,2016-04-17 01:00:00,561,145,1
1644430081,2016-04-17 02:00:00,0,84,2
1644430081,2016-04-17 03:00:00,0,84,3
1644430081,2016-04-17 04:00:00,0,84,4
1644430081,2016-04-17 05:00:00,0,84,5
1644430081,2016-04-17 06:00:00,0,84,6
1644430081,2016-04-17 07:00:00,0,84,7
1644430081,2016-04-17 08:00:00,0,84,8
1644430081,2016-04-17 09:00:00,0,84,9
1644430081,2016-04-17 10:00:00,0,84,10
1644430081,2016-04-17 11:00:00,0,84,11
1644430081,2016-04-17 12:00:00,608,147,12
1644430081,2016-04-17 13:00:00,979,178,13
1644430081,2016-04-17 14:00:00,3195,345,14
1644430081,2016-04-17 15:00:00,278,128,15
1644430081,2016-04-17 16:00:00,44,101,16
1644430081,2016-04-17 17:00:00,149,110,17
1644430081,2016-04-17 18:00:00,189,122,18
1644430081,2016-04-17 19:00:00,327,133,19
1644430081,2016-04-17 20:00:00,629,165,20
1644430081,2016-04-17 21:00:00,394,157,21
1644430081,2016-04-17 22:00:00,319,137,22
1644430081,2016-04-17 23:00:00,249,126,23
1644430081,2016-04-18 00:00:00,152,111,0
1644430081,2016-04-18 01:00:00,0,84,1
1644430081,2016-04-18 02:00:00,0,84,2
1644430081,2016-04-18 03:00:00,0,84,3
1644430081,2016-04-18 04:00:00,0,84,4
1644430081,2016-04-18 05:00:00,0,84,5
1644430081,2016-04-18 06:00:00,0,84,6
1644430081,2016-04-18 07:00:00,16,89,7
1644430081,2016-04-18 08:00:00,596,149,8
1644430081,2016-04-18 09:00:00,160,115,9
1644430081,2016-04-18 10:00:00,18,101,10
1644430081,2016-04-18 11:00:00,11,96,11
1644430081,2016-04-18 12:00:00,219,124,12
1644430081,2016-04-18 13:00:00,679,158,13
1644430081,2016-04-18 14:00:00,105,108,14
1644430081,2016-04-18 15:00:00,153,105,15
1644430081,2016-04-18 16:00:00,31,104,16
1644430081,2016-04-18 17:00:00,470,137,17
1644430081,2016-04-18 18:00:00,498,151,18
1644430081,2016-04-18 19:00:00,3815,383,19
1644430081,2016-04-18 20:00:00,209,116,20
1644430081,2016-04-18 21:00:00,0,85,21
1644430081,2016-04-18 22:00:00,0,84,22
1644430081,2016-04-18 23:00:00,0,84,23
1644430081,2016-04-19 00:00:00,0,84,0
1644430081,2016-04-19 01:00:00,0,84,1
1644430081,2016-04-19 02:00:00,0,84,2
1644430081,2016-04-19 03:00:00,0,84,3
1644430081,2016-04-19 04:00:00,0,84,4
1644430081,2016-04-19 05:00:00,0,84,5
1644430081,2016-04-19 06:00:00,0,84,6
1644430081,2016-04-19 07:00:00,0,84,7
1644430081,2016-04-19 08:00:00,524,144,8
1644430081,2016-04-19 09:00:00,127,116,9
1644430081,2016-04-19 10:00:00,228,121,10
1644430081,2016-04-19 11:00:00,85,109,11
1644430081,2016-04-19 12:00:00,323,130,12
1644430081,2016-04-19 13:00:00,97,109,13
1644430081,2016-04-19 14:00:00,610,166,14
1644430081,2016-04-19 15:00:00,96,114,15
1644430081,2016-04-19 16:00:00,66,109,16
1644430081,2016-04-19 17:00:00,274,128,17
1644430081,2016-04-19 18:00:00,1470,219,18
1644430081,2016-04-19 19:00:00,2402,292,19
1644430081,2016-04-19 20:00:00,1296,224,20
1644430081,2016-04-19 21:00:00,1949,271,21
1644430081,2016-04-19 22:00:00,1521,228,22
1644430081,2016-04-19 23:00:00,163,101,23
1644430081,2016-04-20 00:00:00,5,94,0
1644430081,2016-04-20 01:00:00,4,91,1
1644430081,2016-04-20 02:00:00,3,90,2
1644430081,2016-04-20 03:00:00,2,88,3
1644430081,2016-04-20 04:00:00,3,90,4
1644430081,2016-04-20 05:00:00,3,90,5
1644430081,2016-04-20 06:00:00,2,88,6
1644430081,2016-04-20 07:00:00,3,90,7
1644430081,2016-04-20 08:00:00,350,123,8
1644430081,2016-04-20 09:00:00,94,107,9
1644430081,2016-04-20 10:00:00,200,117,10
1644430081,2016-04-20 11:00:00,51,105,11
1644430081,2016-04-20 12:00:00,6,98,12
1644430081,2016-04-20 13:00:00,369,122,13
1644430081,2016-04-20 14:00:00,361,131,14
1644430081,2016-04-20 15:00:00,247,119,15
1644430081,2016-04-20 16:00:00,5,93,16
1644430081,2016-04-20 17:00:00,36,102,17
1644430081,2016-04-20 18:00:00,11,99,18
1644430081,2016-04-20 19:00:00,39,98,19
1644430081,2016-04-20 20:00:00,16,86,20
1644430081,2016-04-20 21:00:00,483,128,21
1644430081,2016-04-20 22:00:00,134,96,22
1644430081,2016-04-20 23:00:00,9,85,23
1644430081,2016-04-21 00:00:00,0,84,0
1644430081,2016-04-21 01:00:00,0,84,1
1644430081,2016-04-21 02:00:00,0,84,2
1644430081,2016-04-21 03:00:00,0,84,3
1644430081,2016-04-21 04:00:00,0,84,4
1644430081,2016-04-21 05:00:00,0,84,5
1644430081,2016-04-21 06:00:00,0,84,6
1644430081,2016-04-21 07:00:00,0,84,7
1644430081,2016-04-21 08:00:00,0,84,8
1644430081,2016-04-21 09:00:00,0,84,9
1644430081,2016-04-21 10:00:00,16,86,10
1644430081,2016-04-21 11:00:00,44,91,11
1644430081,2016-04-21 12:00:00,0,84,12
1644430081,2016-04-21 13:00:00,0,84,13
1644430081,2016-04-21 14:00:00,35,87,14
1644430081,2016-04-21 15:00:00,0,84,15
1644430081,2016-04-21 16:00:00,506,135,16
1644430081,2016-04-21 17:00:00,0,84,17
1644430081,2016-04-21 18:00:00,0,84,18
1644430081,2016-04-21 19:00:00,120,95,19
1644430081,2016-04-21 20:00:00,320,110,20
1644430081,2016-04-21 21:00:00,161,101,21
1644430081,2016-04-21 22:00:00,0,84,22
1644430081,2016-04-21 23:00:00,21,86,23
1644430081,2016-04-22 00:00:00,0,84,0
1644430081,2016-04-22 01:00:00,0,84,1
1644430081,2016-04-22 02:00:00,329,111,2
1644430081,2016-04-22 03:00:00,0,84,3
1644430081,2016-04-22 04:00:00,59,90,4
1644430081,2016-04-22 05:00:00,0,84,5
1644430081,2016-04-22 06:00:00,0,84,6
1644430081,2016-04-22 07:00:00,0,84,7
1644430081,2016-04-22 08:00:00,0,84,8
1644430081,2016-04-22 09:00:00,0,84,9
1644430081,2016-04-22 10:00:00,0,84,10
1644430081,2016-04-22 11:00:00,0,84,11
1644430081,2016-04-22 12:00:00,556,129,12
1644430081,2016-04-22 13:00:00,720,150,13
1644430081,2016-04-22 14:00:00,756,151,14
1644430081,2016-04-22 15:00:00,11,85,15
1644430081,2016-04-22 16:00:00,263,109,16
1644430081,2016-04-22 17:00:00,0,85,17
1644430081,2016-04-22 18:00:00,0,84,18
1644430081,2016-04-22 19:00:00,23,88,19
1644430081,2016-04-22 20:00:00,819,156,20
1644430081,2016-04-22 21:00:00,137,95,21
1644430081,2016-04-22 22:00:00,0,84,22
1644430081,2016-04-22 23:00:00,0,84,23
1644430081,2016-04-23 00:00:00,0,84,0
1644430081,2016-04-23 01:00:00,24,87,1
1644430081,2016-04-23 02:00:00,23,87,2
1644430081,2016-04-23 03:00:00,0,84,3
1644430081,2016-04-23 04:00:00,0,84,4
1644430081,2016-04-23 05:00:00,0,84,5
1644430081,2016-04-23 06:00:00,0,84,6
1644430081,2016-04-23 07:00:00,0,84,7
1644430081,2016-04-23 08:00:00,8,89,8
1644430081,2016-04-23 09:00:00,0,84,9
1644430081,2016-04-23 10:00:00,0,84,10
1644430081,2016-04-23 11:00:00,0,84,11
1644430081,2016-04-23 12:00:00,0,84,12
1644430081,2016-04-23 13:00:00,0,84,13
1644430081,2016-04-23 14:00:00,0,84,14
1644430081,2016-04-23 15:00:00,0,84,15
1644430081,2016-04-23 16:00:00,170,98,16
1644430081,2016-04-23 17:00:00,727,160,17
1644430081,2016-04-23 18:00:00,1451,236,18
1644430081,2016-04-23 19:00:00,1984,277,19
1644430081,2016-04-23 20:00:00,2098,275,20
1644430081,2016-04-23 21:00:00,144,102,21
1644430081,2016-04-23 22:00:00,0,84,22
1644430081,2016-04-23 23:00:00,8,85,23
1644430081,2016-04-24 00:00:00,16,85,0
1644430081,2016-04-24 01:00:00,16,86,1
1644430081,2016-04-24 02:00:00,12,85,2
1644430081,2016-04-24 03:00:00,0,84,3
1644430081,2016-04-24 04:00:00,0,84,4
1644430081,2016-04-24 05:00:00,0,84,5
1644430081,2016-04-24 06:00:00,0,84,6
1644430081,2016-04-24 07:00:00,0,84,7
1644430081,2016-04-24 08:00:00,0,84,8
1644430081,2016-04-24 09:00:00,0,84,9
1644430081,2016-04-24 10:00:00,0,84,10
1644430081,2016-04-24 11:00:00,0,84,11
1644430081,2016-04-24 12:00:00,176,112,12
1644430081,2016-04-24 13:00:00,844,166,13
1644430081,2016-04-24 14:00:00,871,168,14
1644430081,2016-04-24 15:00:00,368,129,15
1644430081,2016-04-24 16:00:00,6,89,16
1644430081,2016-04-24 17:00:00,288,116,17
1644430081,2016-04-24 18:00:00,45,99,18
1644430081,2016-04-24 19:00:00,336,134,19
1644430081,2016-04-24 20:00:00,313,129,20
1644430081,2016-04-24 21:00:00,0,84,21
1644430081,2016-04-24 22:00:00,22,86,22
1644430081,2016-04-24 23:00:00,8,86,23
1644430081,2016-04-25 00:00:00,0,84,0
1644430081,2016-04-25 01:00:00,0,84,1
1644430081,2016-04-25 02:00:00,0,84,2
1644430081,2016-04-25 03:00:00,0,84,3
1644430081,2016-04-25 04:00:00,0,84,4
1644430081,2016-04-25 05:00:00,0,84,5
1644430081,2016-04-25 06:00:00,0,84,6
1644430081,2016-04-25 07:00:00,0,84,7
1644430081,2016-04-25 08:00:00,541,142,8
1644430081,2016-04-25 09:00:00,7,99,9
1644430081,2016-04-25 10:00:00,981,180,10
1644430081,2016-04-25 11:00:00,247,117,11
1644430081,2016-04-25 12:00:00,24,100,12
1644430081,2016-04-25 13:00:00,343,134,13
1644430081,2016-04-25 14:00:00,0,92,14
1644430081,2016-04-25 15:00:00,14,99,15
1644430081,2016-04-25 16:00:00,39,106,16
1644430081,2016-04-25 17:00:00,421,136,17
1644430081,2016-04-25 18:00:00,283,126,18
1644430081,2016-04-25 19:00:00,583,143,19
1644430081,2016-04-25 20:00:00,0,84,20
1644430081,2016-04-25 21:00:00,0,84,21
1644430081,2016-04-25 22:00:00,0,84,22
1644430081,2016-04-25 23:00:00,97,95,23
1644430081,2016-04-26 00:00:00,8,85,0
1644430081,2016-04-26 01:00:00,0,84,1
1644430081,2016-04-26 02:00:00,0,84,2
1644430081,2016-04-26 03:00:00,0,84,3
1644430081,2016-04-26 04:00:00,0,84,4
1644430081,2016-04-26 05:00:00,0,84,5
1644430081,2016-04-26 06:00:00,0,84,6
1644430081,2016-04-26 07:00:00,0,84,7
1644430081,2016-04-26 08:00:00,478,131,8
1644430081,2016-04-26 09:00:00,368,131,9
1644430081,2016-04-26 10:00:00,18,100,10
1644430081,2016-04-26 11:00:00,73,106,11
1644430081,2016-04-26 12:00:00,32,101,12
1644430081,2016-04-26 13:00:00,389,135,13
1644430081,2016-04-26 14:00:00,204,115,14
1644430081,2016-04-26 15:00:00,239,125,15
1644430081,2016-04-26 16:00:00,160,115,16
1644430081,2016-04-26 17:00:00,181,113,17
1644430081,2016-04-26 18:00:00,1565,229,18
1644430081,2016-04-26 19:00:00,1123,215,19
1644430081,2016-04-26 20:00:00,802,183,20
1644430081,2016-04-26 21:00:00,2810,329,21
1644430081,2016-04-26 22:00:00,1431,221,22
1644430081,2016-04-26 23:00:00,38,96,23
1644430081,2016-04-27 00:00:00,0,84,0
1644430081,2016-04-27 01:00:00,0,84,1
1644430081,2016-04-27 02:00:00,0,84,2
1644430081,2016-04-27 03:00:00,0,84,3
1644430081,2016-04-27 04:00:00,0,84,4
1644430081,2016-04-27 05:00:00,0,84,5
1644430081,2016-04-27 06:00:00,0,84,6
1644430081,2016-04-27 07:00:00,0,84,7
1644430081,2016-04-27 08:00:00,472,131,8
1644430081,2016-04-27 09:00:00,48,112,9
1644430081,2016-04-27 10:00:00,73,117,10
1644430081,2016-04-27 11:00:00,148,118,11
1644430081,2016-04-27 12:00:00,78,101,12
1644430081,2016-04-27 13:00:00,448,141,13
1644430081,2016-04-27 14:00:00,138,107,14
1644430081,2016-04-27 15:00:00,298,144,15
1644430081,2016-04-27 16:00:00,60,107,16
1644430081,2016-04-27 17:00:00,553,142,17
1644430081,2016-04-27 18:00:00,357,135,18
1644430081,2016-04-27 19:00:00,314,114,19
1644430081,2016-04-27 20:00:00,45,95,20
1644430081,2016-04-27 21:00:00,0,84,21
1644430081,2016-04-27 22:00:00,0,84,22
1644430081,2016-04-27 23:00:00,0,84,23
1644430081,2016-04-28 00:00:00,0,84,0
1644430081,2016-04-28 01:00:00,0,84,1
1644430081,2016-04-28 02:00:00,0,84,2
1644430081,2016-04-28 03:00:00,0,84,3
1644430081,2016-04-28 04:00:00,0,84,4
1644430081,2016-04-28 05:00:00,0,84,5
1644430081,2016-04-28 06:00:00,0,84,6
1644430081,2016-04-28 07:00:00,0,84,7
1644430081,2016-04-28 08:00:00,378,123,8
1644430081,2016-04-28 09:00:00,111,112,9
1644430081,2016-04-28 10:00:00,194,126,10
1644430081,2016-04-28 11:00:00,53,108,11
1644430081,2016-04-28 12:00:00,27,102,12
1644430081,2016-04-28 13:00:00,164,120,13
1644430081,2016-04-28 14:00:00,30,107,14
1644430081,2016-04-28 15:00:00,243,130,15
1644430081,2016-04-28 16:00:00,117,120,16
1644430081,2016-04-28 17:00:00,513,139,17
1644430081,2016-04-28 18:00:00,1356,213,18
1644430081,2016-04-28 19:00:00,2035,272,19
1644430081,2016-04-28 20:00:00,1236,218,20
1644430081,2016-04-28 21:00:00,1833,259,21
1644430081,2016-04-28 22:00:00,1115,201,22
1644430081,2016-04-28 23:00:00,0,84,23
1644430081,2016-04-29 00:00:00,0,84,0
1644430081,2016-04-29 01:00:00,0,84,1
1644430081,2016-04-29 02:00:00,0,84,2
1644430081,2016-04-29 03:00:00,0,84,3
1644430081,2016-04-29 04:00:00,0,84,4
1644430081,2016-04-29 05:00:00,0,84,5
1644430081,2016-04-29 06:00:00,0,84,6
1644430081,2016-04-29 07:00:00,366,122,7
1644430081,2016-04-29 08:00:00,36,102,8
1644430081,2016-04-29 09:00:00,24,101,9
1644430081,2016-04-29 10:00:00,336,127,10
1644430081,2016-04-29 11:00:00,338,134,11
1644430081,2016-04-29 12:00:00,11,96,12
1644430081,2016-04-29 13:00:00,363,133,13
1644430081,2016-04-29 14:00:00,469,141,14
1644430081,2016-04-29 15:00:00,290,135,15
1644430081,2016-04-29 16:00:00,76,116,16
1644430081,2016-04-29 17:00:00,755,168,17
1644430081,2016-04-29 18:00:00,59,97,18
1644430081,2016-04-29 19:00:00,0,85,19
1644430081,2016-04-29 20:00:00,0,85,20
1644430081,2016-04-29 21:00:00,53,97,21
1644430081,2016-04-29 22:00:00,0,84,22
1644430081,2016-04-29 23:00:00,0,84,23
1644430081,2016-04-30 00:00:00,0,84,0
1644430081,2016-04-30 01:00:00,0,84,1
1644430081,2016-04-30 02:00:00,0,84,2
1644430081,2016-04-30 03:00:00,0,84,3
1644430081,2016-04-30 04:00:00,0,84,4
1644430081,2016-04-30 05:00:00,0,84,5
1644430081,2016-04-30 06:00:00,0,84,6
1644430081,2016-04-30 07:00:00,1306,204,7
1644430081,2016-04-30 08:00:00,1116,194,8
1644430081,2016-04-30 09:00:00,687,176,9
1644430081,2016-04-30 10:00:00,506,168,10
1644430081,2016-04-30 11:00:00,1522,236,11
1644430081,2016-04-30 12:00:00,954,189,12
1644430081,2016-04-30 13:00:00,783,175,13
1644430081,2016-04-30 14:00:00,469,139,14
1644430081,2016-04-30 15:00:00,51,93,15
1644430081,2016-04-30 16:00:00,0,85,16
1644430081,2016-04-30 17:00:00,694,159,17
1644430081,2016-04-30 18:00:00,2743,323,18
1644430081,2016-04-30 19:00:00,2275,287,19
1644430081,2016-04-30 20:00:00,1363,224,20
1644430081,2016-04-30 21:00:00,2543,307,21
1644430081,2016-04-30 22:00:00,1201,212,22
1644430081,2016-04-30 23:00:00,0,84,23
1644430081,2016-05-01 00:00:00,0,84,0
1644430081,2016-05-01 01:00:00,0,84,1
1644430081,2016-05-01 02:00:00,0,84,2
1644430081,2016-05-01 03:00:00,0,84,3
1644430081,2016-05-01 04:00:00,0,84,4
1644430081,2016-05-01 05:00:00,0,84,5
1644430081,2016-05-01 06:00:00,0,84,6
1644430081,2016-05-01 07:00:00,0,84,7
1644430081,2016-05-01 08:00:00,0,84,8
1644430081,2016-05-01 09:00:00,0,84,9
1644430081,2016-05-01 10:00:00,0,84,10
1644430081,2016-05-01 11:00:00,0,84,11
1644430081,2016-05-01 12:00:00,375,129,12
1644430081,2016-05-01 13:00:00,315,125,13
1644430081,2016-05-01 14:00:00,1234,197,14
1644430081,2016-05-01 15:00:00,162,109,15
1644430081,2016-05-01 16:00:00,1090,202,16
1644430081,2016-05-01 17:00:00,655,161,17
1644430081,2016-05-01 18:00:00,1013,189,18
1644430081,2016-05-01 19:00:00,920,179,19
1644430081,2016-05-01 20:00:00,368,139,20
1644430081,2016-05-01 21:00:00,0,84,21
1644430081,2016-05-01 22:00:00,0,84,22
1644430081,2016-05-01 23:00:00,0,84,23
1644430081,2016-05-02 00:00:00,0,84,0
1644430081,2016-05-02 01:00:00,0,84,1
1644430081,2016-05-02 02:00:00,0,84,2
1644430081,2016-05-02 03:00:00,0,84,3
1644430081,2016-05-02 04:00:00,0,84,4
1644430081,2016-05-02 05:00:00,0,84,5
1644430081,2016-05-02 06:00:00,0,84,6
1644430081,2016-05-02 07:00:00,0,84,7
1644430081,2016-05-02 08:00:00,0,84,8
1644430081,2016-05-02 09:00:00,0,84,9
1644430081,2016-05-02 10:00:00,0,84,10
1644430081,2016-05-02 11:00:00,404,132,11
1644430081,2016-05-02 12:00:00,173,113,12
1644430081,2016-05-02 13:00:00,21,98,13
1644430081,2016-05-02 14:00:00,239,135,14
1644430081,2016-05-02 15:00:00,95,112,15
1644430081,2016-05-02 16:00:00,206,132,16
1644430081,2016-05-02 17:00:00,794,170,17
1644430081,2016-05-02 18:00:00,685,171,18
1644430081,2016-05-02 19:00:00,803,171,19
1644430081,2016-05-02 20:00:00,308,122,20
1644430081,2016-05-02 21:00:00,0,84,21
1644430081,2016-05-02 22:00:00,0,84,22
1644430081,2016-05-02 23:00:00,0,85,23
1644430081,2016-05-03 00:00:00,7,87,0
1644430081,2016-05-03 01:00:00,0,84,1
1644430081,2016-05-03 02:00:00,0,84,2
1644430081,2016-05-03 03:00:00,0,84,3
1644430081,2016-05-03 04:00:00,0,84,4
1644430081,2016-05-03 05:00:00,0,84,5
1644430081,2016-05-03 06:00:00,0,84,6
1644430081,2016-05-03 07:00:00,0,84,7
1644430081,2016-05-03 08:00:00,373,119,8
1644430081,2016-05-03 09:00:00,189,110,9
1644430081,2016-05-03 10:00:00,466,149,10
1644430081,2016-05-03 11:00:00,73,113,11
1644430081,2016-05-03 12:00:00,20,101,12
1644430081,2016-05-03 13:00:00,431,146,13
1644430081,2016-05-03 14:00:00,40,101,14
1644430081,2016-05-03 15:00:00,35,101,15
1644430081,2016-05-03 16:00:00,69,113,16
1644430081,2016-05-03 17:00:00,376,134,17
1644430081,2016-05-03 18:00:00,1298,205,18
1644430081,2016-05-03 19:00:00,2095,278,19
1644430081,2016-05-03 20:00:00,2674,319,20
1644430081,2016-05-03 21:00:00,2700,313,21
1644430081,2016-05-03 22:00:00,1925,256,22
1644430081,2016-05-03 23:00:00,18,87,23
1644430081,2016-05-04 00:00:00,20,86,0
1644430081,2016-05-04 01:00:00,0,84,1
1644430081,2016-05-04 02:00:00,0,84,2
1644430081,2016-05-04 03:00:00,0,84,3
1644430081,2016-05-04 04:00:00,0,84,4
1644430081,2016-05-04 05:00:00,0,84,5
1644430081,2016-05-04 06:00:00,0,84,6
1644430081,2016-05-04 07:00:00,0,84,7
1644430081,2016-05-04 08:00:00,518,129,8
1644430081,2016-05-04 09:00:00,0,84,9
1644430081,2016-05-04 10:00:00,0,84,10
1644430081,2016-05-04 11:00:00,0,84,11
1644430081,2016-05-04 12:00:00,127,96,12
1644430081,2016-05-04 13:00:00,206,104,13
1644430081,2016-05-04 14:00:00,0,84,14
1644430081,2016-05-04 15:00:00,652,144,15
1644430081,2016-05-04 16:00:00,0,84,16
1644430081,2016-05-04 17:00:00,0,84,17
1644430081,2016-05-04 18:00:00,708,141,18
1644430081,2016-05-04 19:00:00,0,84,19
1644430081,2016-05-04 20:00:00,52,88,20
1644430081,2016-05-04 21:00:00,17,86,21
1644430081,2016-05-04 22:00:00,9,85,22
1644430081,2016-05-04 23:00:00,0,84,23
1644430081,2016-05-05 00:00:00,0,84,0
1644430081,2016-05-05 01:00:00,0,84,1
1644430081,2016-05-05 02:00:00,0,84,2
1644430081,2016-05-05 03:00:00,0,84,3
1644430081,2016-05-05 04:00:00,0,84,4
1644430081,2016-05-05 05:00:00,0,84,5
1644430081,2016-05-05 06:00:00,0,84,6
1644430081,2016-05-05 07:00:00,0,84,7
1644430081,2016-05-05 08:00:00,475,122,8
1644430081,2016-05-05 09:00:00,0,84,9
1644430081,2016-05-05 10:00:00,0,84,10
1644430081,2016-05-05 11:00:00,0,84,11
1644430081,2016-05-05 12:00:00,308,110,12
1644430081,2016-05-05 13:00:00,15,86,13
1644430081,2016-05-05 14:00:00,0,84,14
1644430081,2016-05-05 15:00:00,0,84,15
1644430081,2016-05-05 16:00:00,0,84,16
1644430081,2016-05-05 17:00:00,631,135,17
1644430081,2016-05-05 18:00:00,325,115,18
1644430081,2016-05-05 19:00:00,832,165,19
1644430081,2016-05-05 20:00:00,190,108,20
1644430081,2016-05-05 21:00:00,162,123,21
1644430081,2016-05-05 22:00:00,50,108,22
1644430081,2016-05-05 23:00:00,1375,211,23
1644430081,2016-05-06 00:00:00,974,205,0
1644430081,2016-05-06 01:00:00,226,136,1
1644430081,2016-05-06 02:00:00,116,152,2
1644430081,2016-05-06 03:00:00,227,155,3
1644430081,2016-05-06 04:00:00,4,92,4
1644430081,2016-05-06 05:00:00,4,92,5
1644430081,2016-05-06 06:00:00,4,92,6
1644430081,2016-05-06 07:00:00,4,92,7
1644430081,2016-05-06 08:00:00,342,131,8
1644430081,2016-05-06 09:00:00,926,198,9
1644430081,2016-05-06 10:00:00,126,116,10
1644430081,2016-05-06 11:00:00,26,106,11
1644430081,2016-05-06 12:00:00,1588,235,12
1644430081,2016-05-06 13:00:00,1187,202,13
1644430081,2016-05-06 14:00:00,408,141,14
1644430081,2016-05-06 15:00:00,1780,255,15
1644430081,2016-05-06 16:00:00,136,114,16
1644430081,2016-05-06 17:00:00,176,128,17
1644430081,2016-05-06 18:00:00,123,121,18
1644430081,2016-05-06 19:00:00,253,129,19
1644430081,2016-05-06 20:00:00,187,123,20
1644430081,2016-05-06 21:00:00,785,164,21
1644430081,2016-05-06 22:00:00,63,105,22
1644430081,2016-05-06 23:00:00,93,98,23
1644430081,2016-05-07 00:00:00,148,103,0
1644430081,2016-05-07 01:00:00,0,84,1
1644430081,2016-05-07 02:00:00,0,84,2
1644430081,2016-05-07 03:00:00,0,84,3
1644430081,2016-05-07 04:00:00,0,84,4
1644430081,2016-05-07 05:00:00,0,84,5
1644430081,2016-05-07 06:00:00,0,84,6
1644430081,2016-05-07 07:00:00,0,84,7
1644430081,2016-05-07 08:00:00,512,140,8
1644430081,2016-05-07 09:00:00,97,108,9
1644430081,2016-05-07 10:00:00,85,113,10
1644430081,2016-05-07 11:00:00,1922,257,11
1644430081,2016-05-07 12:00:00,1695,240,12
1644430081,2016-05-07 13:00:00,1936,265,13
1644430081,2016-05-07 14:00:00,1599,225,14
1644430081,2016-05-07 15:00:00,773,171,15
1644430081,2016-05-07 16:00:00,1481,223,16
1644430081,2016-05-07 17:00:00,1626,227,17
1644430081,2016-05-07 18:00:00,14,99,18
1644430081,2016-05-07 19:00:00,303,124,19
1644430081,2016-05-07 20:00:00,331,141,20
1644430081,2016-05-07 21:00:00,429,133,21
1644430081,2016-05-07 22:00:00,202,127,22
1644430081,2016-05-07 23:00:00,219,118,23
1644430081,2016-05-08 00:00:00,137,112,0
1644430081,2016-05-08 01:00:00,298,132,1
1644430081,2016-05-08 02:00:00,798,167,2
1644430081,2016-05-08 03:00:00,7,96,3
1644430081,2016-05-08 04:00:00,7,98,4
1644430081,2016-05-08 05:00:00,7,98,5
1644430081,2016-05-08 06:00:00,7,98,6
1644430081,2016-05-08 07:00:00,7,98,7
1644430081,2016-05-08 08:00:00,7,98,8
1644430081,2016-05-08 09:00:00,587,153,9
1644430081,2016-05-08 10:00:00,867,178,10
1644430081,2016-05-08 11:00:00,609,155,11
1644430081,2016-05-08 12:00:00,256,125,12
1644430081,2016-05-08 13:00:00,380,133,13
1644430081,2016-05-08 14:00:00,354,132,14
1644430081,2016-05-08 15:00:00,302,128,15
1644430081,2016-05-08 16:00:00,493,147,16
1644430081,2016-05-08 17:00:00,769,173,17
1644430081,2016-05-08 18:00:00,37,91,18
1644430081,2016-05-08 19:00:00,8,90,19
1644430081,2016-05-08 20:00:00,15,92,20
1644430081,2016-05-08 21:00:00,460,143,21
1644430081,2016-05-08 22:00:00,270,141,22
1644430081,2016-05-08 23:00:00,42,109,23
1644430081,2016-05-09 00:00:00,2,88,0
1644430081,2016-05-09 01:00:00,1,86,1
1644430081,2016-05-09 02:00:00,1,86,2
1644430081,2016-05-09 03:00:00,1,86,3
1644430081,2016-05-09 04:00:00,1,86,4
1644430081,2016-05-09 05:00:00,1,86,5
1644430081,2016-05-09 06:00:00,1,86,6
1644430081,2016-05-09 07:00:00,1,86,7
1644430081,2016-05-09 08:00:00,611,168,8
1644430081,2016-05-09 09:00:00,15,113,9
1644430081,2016-05-09 10:00:00,14,110,10
1644430081,2016-05-09 11:00:00,97,119,11
1644430081,2016-05-09 12:00:00,163,200,12
1644430081,2016-05-09 13:00:00,218,177,13
1644430081,2016-05-09 14:00:00,19,115,14
1644430081,2016-05-09 15:00:00,18,119,15
1644430081,2016-05-09 16:00:00,19,117,16
1644430081,2016-05-09 17:00:00,19,117,17
1644430081,2016-05-09 18:00:00,710,147,18
1644430081,2016-05-09 19:00:00,4084,413,19
1644430081,2016-05-09 20:00:00,549,137,20
1644430081,2016-05-09 21:00:00,48,90,21
1644430081,2016-05-09 22:00:00,0,84,22
1644430081,2016-05-09 23:00:00,50,88,23
1644430081,2016-05-10 00:00:00,27,87,0
1644430081,2016-05-10 01:00:00,0,84,1
1644430081,2016-05-10 02:00:00,0,84,2
1644430081,2016-05-10 03:00:00,0,84,3
1644430081,2016-05-10 04:00:00,0,84,4
1644430081,2016-05-10 05:00:00,0,84,5
1644430081,2016-05-10 06:00:00,0,84,6
1644430081,2016-05-10 07:00:00,0,84,7
1644430081,2016-05-10 08:00:00,158,97,8
1644430081,2016-05-10 09:00:00,574,131,9
1644430081,2016-05-10 10:00:00,194,101,10
1644430081,2016-05-10 11:00:00,0,84,11
1644430081,2016-05-10 12:00:00,0,84,12
1644430081,2016-05-10 13:00:00,369,115,13
1644430081,2016-05-10 14:00:00,0,84,14
1644430081,2016-05-10 15:00:00,0,84,15
1644430081,2016-05-10 16:00:00,0,84,16
1644430081,2016-05-10 17:00:00,0,84,17
1644430081,2016-05-10 18:00:00,1803,235,18
1644430081,2016-05-10 19:00:00,1115,191,19
1644430081,2016-05-10 20:00:00,1474,205,20
1644430081,2016-05-10 21:00:00,2213,268,21
1644430081,2016-05-10 22:00:00,1227,186,22
1644430081,2016-05-10 23:00:00,13,87,23
1644430081,2016-05-11 00:00:00,8,85,0
1644430081,2016-05-11 01:00:00,0,84,1
1644430081,2016-05-11 02:00:00,0,84,2
1644430081,2016-05-11 03:00:00,0,84,3
1644430081,2016-05-11 04:00:00,0,84,4
1644430081,2016-05-11 05:00:00,0,84,5
1644430081,2016-05-11 06:00:00,0,84,6
1644430081,2016-05-11 07:00:00,166,113,7
1644430081,2016-05-11 08:00:00,463,130,8
1644430081,2016-05-11 09:00:00,179,122,9
1644430081,2016-05-11 10:00:00,70,114,10
1644430081,2016-05-11 11:00:00,103,111,11
1844505072,2016-04-12 00:00:00,0,56,0
1844505072,2016-04-12 01:00:00,0,56,1
1844505072,2016-04-12 02:00:00,0,56,2
1844505072,2016-04-12 03:00:00,0,56,3
1844505072,2016-04-12 04:00:00,0,56,4
1844505072,2016-04-12 05:00:00,0,56,5
1844505072,2016-04-12 06:00:00,0,56,6
1844505072,2016-04-12 07:00:00,0,56,7
1844505072,2016-04-12 08:00:00,114,66,8
1844505072,2016-04-12 09:00:00,682,124,9
1844505072,2016-04-12 10:00:00,582,108,10
1844505072,2016-04-12 11:00:00,429,105,11
1844505072,2016-04-12 12:00:00,814,127,12
1844505072,2016-04-12 13:00:00,377,97,13
1844505072,2016-04-12 14:00:00,301,97,14
1844505072,2016-04-12 15:00:00,643,108,15
1844505072,2016-04-12 16:00:00,456,105,16
1844505072,2016-04-12 17:00:00,410,100,17
1844505072,2016-04-12 18:00:00,533,104,18
1844505072,2016-04-12 19:00:00,228,93,19
1844505072,2016-04-12 20:00:00,489,106,20
1844505072,2016-04-12 21:00:00,166,82,21
1844505072,2016-04-12 22:00:00,436,96,22
1844505072,2016-04-12 23:00:00,37,65,23
1844505072,2016-04-13 00:00:00,0,56,0
1844505072,2016-04-13 01:00:00,0,56,1
1844505072,2016-04-13 02:00:00,0,56,2
1844505072,2016-04-13 03:00:00,0,56,3
1844505072,2016-04-13 04:00:00,0,56,4
1844505072,2016-04-13 05:00:00,0,56,5
1844505072,2016-04-13 06:00:00,0,56,6
1844505072,2016-04-13 07:00:00,0,56,7
1844505072,2016-04-13 08:00:00,0,56,8
1844505072,2016-04-13 09:00:00,0,57,9
1844505072,2016-04-13 10:00:00,744,116,10
1844505072,2016-04-13 11:00:00,281,91,11
1844505072,2016-04-13 12:00:00,347,95,12
1844505072,2016-04-13 13:00:00,43,65,13
1844505072,2016-04-13 14:00:00,175,73,14
1844505072,2016-04-13 15:00:00,139,81,15
1844505072,2016-04-13 16:00:00,452,98,16
1844505072,2016-04-13 17:00:00,234,85,17
1844505072,2016-04-13 18:00:00,608,112,18
1844505072,2016-04-13 19:00:00,401,97,19
1844505072,2016-04-13 20:00:00,323,95,20
1844505072,2016-04-13 21:00:00,561,109,21
1844505072,2016-04-13 22:00:00,168,81,22
1844505072,2016-04-13 23:00:00,453,101,23
1844505072,2016-04-14 00:00:00,189,82,0
1844505072,2016-04-14 01:00:00,87,65,1
1844505072,2016-04-14 02:00:00,0,56,2
1844505072,2016-04-14 03:00:00,0,56,3
1844505072,2016-04-14 04:00:00,0,56,4
1844505072,2016-04-14 05:00:00,0,56,5
1844505072,2016-04-14 06:00:00,0,56,6
1844505072,2016-04-14 07:00:00,48,62,7
1844505072,2016-04-14 08:00:00,638,115,8
1844505072,2016-04-14 09:00:00,613,113,9
1844505072,2016-04-14 10:00:00,836,130,10
1844505072,2016-04-14 11:00:00,555,114,11
1844505072,2016-04-14 12:00:00,288,85,12
1844505072,2016-04-14 13:00:00,505,112,13
1844505072,2016-04-14 14:00:00,284,80,14
1844505072,2016-04-14 15:00:00,188,89,15
1844505072,2016-04-14 16:00:00,222,84,16
1844505072,2016-04-14 17:00:00,688,117,17
1844505072,2016-04-14 18:00:00,315,88,18
1844505072,2016-04-14 19:00:00,1290,152,19
1844505072,2016-04-14 20:00:00,560,107,20
1844505072,2016-04-14 21:00:00,288,95,21
1844505072,2016-04-14 22:00:00,167,80,22
1844505072,2016-04-14 23:00:00,144,78,23
1844505072,2016-04-15 00:00:00,100,63,0
1844505072,2016-04-15 01:00:00,0,56,1
1844505072,2016-04-15 02:00:00,0,56,2
1844505072,2016-04-15 03:00:00,0,56,3
1844505072,2016-04-15 04:00:00,0,56,4
1844505072,2016-04-15 05:00:00,0,56,5
1844505072,2016-04-15 06:00:00,0,56,6
1844505072,2016-04-15 07:00:00,0,56,7
1844505072,2016-04-15 08:00:00,0,56,8
1844505072,2016-04-15 09:00:00,0,56,9
1844505072,2016-04-15 10:00:00,176,76,10
1844505072,2016-04-15 11:00:00,170,86,11
1844505072,2016-04-15 12:00:00,354,93,12
1844505072,2016-04-15 13:00:00,413,97,13
1844505072,2016-04-15 14:00:00,443,100,14
1844505072,2016-04-15 15:00:00,441,99,15
1844505072,2016-04-15 16:00:00,280,92,16
1844505072,2016-04-15 17:00:00,213,71,17
1844505072,2016-04-15 18:00:00,0,56,18
1844505072,2016-04-15 19:00:00,0,56,19
1844505072,2016-04-15 20:00:00,0,56,20
1844505072,2016-04-15 21:00:00,457,91,21
1844505072,2016-04-15 22:00:00,494,94,22
1844505072,2016-04-15 23:00:00,303,89,23
1844505072,2016-04-16 00:00:00,0,56,0
1844505072,2016-04-16 01:00:00,0,56,1
1844505072,2016-04-16 02:00:00,0,56,2
1844505072,2016-04-16 03:00:00,0,56,3
1844505072,2016-04-16 04:00:00,0,56,4
1844505072,2016-04-16 05:00:00,0,56,5
1844505072,2016-04-16 06:00:00,0,56,6
1844505072,2016-04-16 07:00:00,0,56,7
1844505072,2016-04-16 08:00:00,0,56,8
1844505072,2016-04-16 09:00:00,63,66,9
1844505072,2016-04-16 10:00:00,308,95,10
1844505072,2016-04-16 11:00:00,481,111,11
1844505072,2016-04-16 12:00:00,480,101,12
1844505072,2016-04-16 13:00:00,1150,144,13
1844505072,2016-04-16 14:00:00,787,118,14
1844505072,2016-04-16 15:00:00,134,67,15
1844505072,2016-04-16 16:00:00,11,58,16
1844505072,2016-04-16 17:00:00,0,56,17
1844505072,2016-04-16 18:00:00,0,56,18
1844505072,2016-04-16 19:00:00,0,56,19
1844505072,2016-04-16 20:00:00,0,56,20
1844505072,2016-04-16 21:00:00,0,56,21
1844505072,2016-04-16 22:00:00,0,56,22
1844505072,2016-04-16 23:00:00,0,56,23
1844505072,2016-04-17 00:00:00,0,56,0
1844505072,2016-04-17 01:00:00,0,57,1
1844505072,2016-04-17 02:00:00,0,56,2
1844505072,2016-04-17 03:00:00,0,56,3
1844505072,2016-04-17 04:00:00,0,56,4
1844505072,2016-04-17 05:00:00,0,56,5
1844505072,2016-04-17 06:00:00,0,56,6
1844505072,2016-04-17 07:00:00,0,56,7
1844505072,2016-04-17 08:00:00,0,56,8
1844505072,2016-04-17 09:00:00,0,56,9
1844505072,2016-04-17 10:00:00,0,56,10
1844505072,2016-04-17 11:00:00,0,56,11
1844505072,2016-04-17 12:00:00,0,56,12
1844505072,2016-04-17 13:00:00,0,56,13
1844505072,2016-04-17 14:00:00,391,102,14
1844505072,2016-04-17 15:00:00,815,121,15
1844505072,2016-04-17 16:00:00,1450,153,16
1844505072,2016-04-17 17:00:00,337,97,17
1844505072,2016-04-17 18:00:00,190,82,18
1844505072,2016-04-17 19:00:00,332,97,19
1844505072,2016-04-17 20:00:00,420,101,20
1844505072,2016-04-17 21:00:00,253,91,21
1844505072,2016-04-17 22:00:00,181,84,22
1844505072,2016-04-17 23:00:00,156,79,23
1844505072,2016-04-18 00:00:00,371,96,0
1844505072,2016-04-18 01:00:00,0,56,1
1844505072,2016-04-18 02:00:00,0,56,2
1844505072,2016-04-18 03:00:00,0,56,3
1844505072,2016-04-18 04:00:00,0,56,4
1844505072,2016-04-18 05:00:00,0,56,5
1844505072,2016-04-18 06:00:00,113,72,6
1844505072,2016-04-18 07:00:00,74,67,7
1844505072,2016-04-18 08:00:00,396,95,8
1844505072,2016-04-18 09:00:00,200,82,9
1844505072,2016-04-18 10:00:00,362,88,10
1844505072,2016-04-18 11:00:00,0,56,11
1844505072,2016-04-18 12:00:00,0,56,12
1844505072,2016-04-18 13:00:00,0,56,13
1844505072,2016-04-18 14:00:00,0,56,14
1844505072,2016-04-18 15:00:00,14,63,15
1844505072,2016-04-18 16:00:00,20,58,16
1844505072,2016-04-18 17:00:00,259,82,17
1844505072,2016-04-18 18:00:00,365,103,18
1844505072,2016-04-18 19:00:00,605,122,19
1844505072,2016-04-18 20:00:00,182,87,20
1844505072,2016-04-18 21:00:00,437,91,21
1844505072,2016-04-18 22:00:00,1104,130,22
1844505072,2016-04-18 23:00:00,95,74,23
1844505072,2016-04-19 00:00:00,138,70,0
1844505072,2016-04-19 01:00:00,0,56,1
1844505072,2016-04-19 02:00:00,0,56,2
1844505072,2016-04-19 03:00:00,0,56,3
1844505072,2016-04-19 04:00:00,0,56,4
1844505072,2016-04-19 05:00:00,0,56,5
1844505072,2016-04-19 06:00:00,0,56,6
1844505072,2016-04-19 07:00:00,0,56,7
1844505072,2016-04-19 08:00:00,0,56,8
1844505072,2016-04-19 09:00:00,0,56,9
1844505072,2016-04-19 10:00:00,59,62,10
1844505072,2016-04-19 11:00:00,0,56,11
1844505072,2016-04-19 12:00:00,0,56,12
1844505072,2016-04-19 13:00:00,0,56,13
1844505072,2016-04-19 14:00:00,0,56,14
1844505072,2016-04-19 15:00:00,0,56,15
1844505072,2016-04-19 16:00:00,0,56,16
1844505072,2016-04-19 17:00:00,0,56,17
1844505072,2016-04-19 18:00:00,0,56,18
1844505072,2016-04-19 19:00:00,0,56,19
1844505072,2016-04-19 20:00:00,0,56,20
1844505072,2016-04-19 21:00:00,0,56,21
1844505072,2016-04-19 22:00:00,0,56,22
1844505072,2016-04-19 23:00:00,0,56,23
1844505072,2016-04-20 00:00:00,0,56,0
1844505072,2016-04-20 01:00:00,0,56,1
1844505072,2016-04-20 02:00:00,0,56,2
1844505072,2016-04-20 03:00:00,0,56,3
1844505072,2016-04-20 04:00:00,0,56,4
1844505072,2016-04-20 05:00:00,0,56,5
1844505072,2016-04-20 06:00:00,0,56,6
1844505072,2016-04-20 07:00:00,0,56,7
1844505072,2016-04-20 08:00:00,0,56,8
1844505072,2016-04-20 09:00:00,0,56,9
1844505072,2016-04-20 10:00:00,0,56,10
1844505072,2016-04-20 11:00:00,0,56,11
1844505072,2016-04-20 12:00:00,0,56,12
1844505072,2016-04-20 13:00:00,0,56,13
1844505072,2016-04-20 14:00:00,0,56,14
1844505072,2016-04-20 15:00:00,0,56,15
1844505072,2016-04-20 16:00:00,0,56,16
1844505072,2016-04-20 17:00:00,0,56,17
1844505072,2016-04-20 18:00:00,0,56,18
1844505072,2016-04-20 19:00:00,0,56,19
1844505072,2016-04-20 20:00:00,0,56,20
1844505072,2016-04-20 21:00:00,0,56,21
1844505072,2016-04-20 22:00:00,8,58,22
1844505072,2016-04-20 23:00:00,0,56,23
1844505072,2016-04-21 00:00:00,0,56,0
1844505072,2016-04-21 01:00:00,0,56,1
1844505072,2016-04-21 02:00:00,0,56,2
1844505072,2016-04-21 03:00:00,0,56,3
1844505072,2016-04-21 04:00:00,0,56,4
1844505072,2016-04-21 05:00:00,0,56,5
1844505072,2016-04-21 06:00:00,0,56,6
1844505072,2016-04-21 07:00:00,0,56,7
1844505072,2016-04-21 08:00:00,325,83,8
1844505072,2016-04-21 09:00:00,817,126,9
1844505072,2016-04-21 10:00:00,622,116,10
1844505072,2016-04-21 11:00:00,482,99,11
1844505072,2016-04-21 12:00:00,252,80,12
1844505072,2016-04-21 13:00:00,298,95,13
1844505072,2016-04-21 14:00:00,452,96,14
1844505072,2016-04-21 15:00:00,263,89,15
1844505072,2016-04-21 16:00:00,396,101,16
1844505072,2016-04-21 17:00:00,850,129,17
1844505072,2016-04-21 18:00:00,192,89,18
1844505072,2016-04-21 19:00:00,547,101,19
1844505072,2016-04-21 20:00:00,2043,184,20
1844505072,2016-04-21 21:00:00,130,75,21
1844505072,2016-04-21 22:00:00,385,96,22
1844505072,2016-04-21 23:00:00,0,56,23
1844505072,2016-04-22 00:00:00,0,56,0
1844505072,2016-04-22 01:00:00,0,56,1
1844505072,2016-04-22 02:00:00,0,56,2
1844505072,2016-04-22 03:00:00,0,56,3
1844505072,2016-04-22 04:00:00,0,56,4
1844505072,2016-04-22 05:00:00,0,56,5
1844505072,2016-04-22 06:00:00,0,56,6
1844505072,2016-04-22 07:00:00,0,56,7
1844505072,2016-04-22 08:00:00,0,56,8
1844505072,2016-04-22 09:00:00,0,56,9
1844505072,2016-04-22 10:00:00,518,95,10
1844505072,2016-04-22 11:00:00,762,115,11
1844505072,2016-04-22 12:00:00,328,98,12
1844505072,2016-04-22 13:00:00,619,105,13
1844505072,2016-04-22 14:00:00,561,110,14
1844505072,2016-04-22 15:00:00,234,74,15
1844505072,2016-04-22 16:00:00,0,56,16
1844505072,2016-04-22 17:00:00,0,56,17
1844505072,2016-04-22 18:00:00,137,68,18
1844505072,2016-04-22 19:00:00,797,126,19
1844505072,2016-04-22 20:00:00,371,91,20
1844505072,2016-04-22 21:00:00,363,98,21
1844505072,2016-04-22 22:00:00,97,76,22
1844505072,2016-04-22 23:00:00,585,100,23
1844505072,2016-04-23 00:00:00,149,72,0
1844505072,2016-04-23 01:00:00,0,56,1
1844505072,2016-04-23 02:00:00,0,56,2
1844505072,2016-04-23 03:00:00,0,56,3
1844505072,2016-04-23 04:00:00,0,56,4
1844505072,2016-04-23 05:00:00,0,56,5
1844505072,2016-04-23 06:00:00,0,56,6
1844505072,2016-04-23 07:00:00,0,56,7
1844505072,2016-04-23 08:00:00,0,56,8
1844505072,2016-04-23 09:00:00,0,56,9
1844505072,2016-04-23 10:00:00,392,82,10
1844505072,2016-04-23 11:00:00,758,120,11
1844505072,2016-04-23 12:00:00,539,98,12
1844505072,2016-04-23 13:00:00,128,68,13
1844505072,2016-04-23 14:00:00,0,57,14
1844505072,2016-04-23 15:00:00,583,111,15
1844505072,2016-04-23 16:00:00,947,132,16
1844505072,2016-04-23 17:00:00,74,63,17
1844505072,2016-04-23 18:00:00,0,56,18
1844505072,2016-04-23 19:00:00,0,56,19
1844505072,2016-04-23 20:00:00,0,56,20
1844505072,2016-04-23 21:00:00,0,56,21
1844505072,2016-04-23 22:00:00,0,56,22
1844505072,2016-04-23 23:00:00,0,56,23
1844505072,2016-04-24 00:00:00,0,56,0
1844505072,2016-04-24 01:00:00,0,56,1
1844505072,2016-04-24 02:00:00,0,56,2
1844505072,2016-04-24 03:00:00,0,56,3
1844505072,2016-04-24 04:00:00,0,56,4
1844505072,2016-04-24 05:00:00,0,56,5
1844505072,2016-04-24 06:00:00,0,56,6
1844505072,2016-04-24 07:00:00,0,56,7
1844505072,2016-04-24 08:00:00,0,56,8
1844505072,2016-04-24 09:00:00,0,56,9
1844505072,2016-04-24 10:00:00,0,56,10
1844505072,2016-04-24 11:00:00,0,56,11
1844505072,2016-04-24 12:00:00,0,56,12
1844505072,2016-04-24 13:00:00,0,56,13
1844505072,2016-04-24 14:00:00,0,56,14
1844505072,2016-04-24 15:00:00,0,56,15
1844505072,2016-04-24 16:00:00,0,56,16
1844505072,2016-04-24 17:00:00,0,56,17
1844505072,2016-04-24 18:00:00,0,56,18
1844505072,2016-04-24 19:00:00,0,56,19
1844505072,2016-04-24 20:00:00,0,56,20
1844505072,2016-04-24 21:00:00,0,56,21
1844505072,2016-04-24 22:00:00,0,56,22
1844505072,2016-04-24 23:00:00,0,56,23
1844505072,2016-04-25 00:00:00,0,56,0
1844505072,2016-04-25 01:00:00,0,56,1
1844505072,2016-04-25 02:00:00,0,56,2
1844505072,2016-04-25 03:00:00,0,56,3
1844505072,2016-04-25 04:00:00,0,56,4
1844505072,2016-04-25 05:00:00,0,56,5
1844505072,2016-04-25 06:00:00,0,56,6
1844505072,2016-04-25 07:00:00,0,56,7
1844505072,2016-04-25 08:00:00,0,56,8
1844505072,2016-04-25 09:00:00,0,56,9
1844505072,2016-04-25 10:00:00,0,56,10
1844505072,2016-04-25 11:00:00,0,56,11
1844505072,2016-04-25 12:00:00,0,56,12
1844505072,2016-04-25 13:00:00,0,56,13
1844505072,2016-04-25 14:00:00,0,56,14
1844505072,2016-04-25 15:00:00,0,56,15
1844505072,2016-04-25 16:00:00,0,56,16
1844505072,2016-04-25 17:00:00,0,56,17
1844505072,2016-04-25 18:00:00,0,56,18
1844505072,2016-04-25 19:00:00,0,56,19
1844505072,2016-04-25 20:00:00,0,56,20
1844505072,2016-04-25 21:00:00,0,56,21
1844505072,2016-04-25 22:00:00,0,56,22
1844505072,2016-04-25 23:00:00,0,56,23
1844505072,2016-04-26 00:00:00,0,56,0
1844505072,2016-04-26 01:00:00,0,56,1
1844505072,2016-04-26 02:00:00,0,56,2
1844505072,2016-04-26 03:00:00,0,56,3
1844505072,2016-04-26 04:00:00,0,56,4
1844505072,2016-04-26 05:00:00,0,56,5
1844505072,2016-04-26 06:00:00,0,56,6
1844505072,2016-04-26 07:00:00,0,56,7
1844505072,2016-04-26 08:00:00,0,56,8
1844505072,2016-04-26 09:00:00,0,56,9
1844505072,2016-04-26 10:00:00,0,56,10
1844505072,2016-04-26 11:00:00,0,56,11
1844505072,2016-04-26 12:00:00,0,56,12
1844505072,2016-04-26 13:00:00,0,56,13
1844505072,2016-04-26 14:00:00,0,56,14
1844505072,2016-04-26 15:00:00,0,56,15
1844505072,2016-04-26 16:00:00,0,56,16
1844505072,2016-04-26 17:00:00,0,56,17
1844505072,2016-04-26 18:00:00,0,56,18
1844505072,2016-04-26 19:00:00,0,56,19
1844505072,2016-04-26 20:00:00,0,56,20
1844505072,2016-04-26 21:00:00,0,56,21
1844505072,2016-04-26 22:00:00,0,56,22
1844505072,2016-04-26 23:00:00,0,56,23
1844505072,2016-04-27 00:00:00,0,56,0
1844505072,2016-04-27 01:00:00,0,56,1
1844505072,2016-04-27 02:00:00,0,56,2
1844505072,2016-04-27 03:00:00,0,56,3
1844505072,2016-04-27 04:00:00,0,56,4
1844505072,2016-04-27 05:00:00,0,56,5
1844505072,2016-04-27 06:00:00,0,56,6
1844505072,2016-04-27 07:00:00,0,56,7
1844505072,2016-04-27 08:00:00,0,56,8
1844505072,2016-04-27 09:00:00,0,56,9
1844505072,2016-04-27 10:00:00,0,56,10
1844505072,2016-04-27 11:00:00,0,56,11
1844505072,2016-04-27 12:00:00,0,56,12
1844505072,2016-04-27 13:00:00,0,56,13
1844505072,2016-04-27 14:00:00,4,58,14
1844505072,2016-04-27 15:00:00,0,56,15
1844505072,2016-04-27 16:00:00,0,56,16
1844505072,2016-04-27 17:00:00,0,56,17
1844505072,2016-04-27 18:00:00,0,56,18
1844505072,2016-04-27 19:00:00,0,56,19
1844505072,2016-04-27 20:00:00,0,56,20
1844505072,2016-04-27 21:00:00,0,56,21
1844505072,2016-04-27 22:00:00,0,56,22
1844505072,2016-04-27 23:00:00,0,56,23
1844505072,2016-04-28 00:00:00,0,56,0
1844505072,2016-04-28 01:00:00,0,56,1
1844505072,2016-04-28 02:00:00,0,56,2
1844505072,2016-04-28 03:00:00,0,56,3
1844505072,2016-04-28 04:00:00,0,56,4
1844505072,2016-04-28 05:00:00,0,56,5
1844505072,2016-04-28 06:00:00,0,56,6
1844505072,2016-04-28 07:00:00,0,56,7
1844505072,2016-04-28 08:00:00,0,56,8
1844505072,2016-04-28 09:00:00,0,56,9
1844505072,2016-04-28 10:00:00,205,71,10
1844505072,2016-04-28 11:00:00,788,118,11
1844505072,2016-04-28 12:00:00,705,122,12
1844505072,2016-04-28 13:00:00,284,89,13
1844505072,2016-04-28 14:00:00,454,101,14
1844505072,2016-04-28 15:00:00,534,113,15
1844505072,2016-04-28 16:00:00,332,94,16
1844505072,2016-04-28 17:00:00,777,114,17
1844505072,2016-04-28 18:00:00,151,79,18
1844505072,2016-04-28 19:00:00,335,89,19
1844505072,2016-04-28 20:00:00,208,85,20
1844505072,2016-04-28 21:00:00,1001,148,21
1844505072,2016-04-28 22:00:00,861,122,22
1844505072,2016-04-28 23:00:00,264,88,23
1844505072,2016-04-29 00:00:00,68,72,0
1844505072,2016-04-29 01:00:00,184,78,1
1844505072,2016-04-29 02:00:00,0,56,2
1844505072,2016-04-29 03:00:00,0,56,3
1844505072,2016-04-29 04:00:00,0,56,4
1844505072,2016-04-29 05:00:00,0,56,5
1844505072,2016-04-29 06:00:00,0,56,6
1844505072,2016-04-29 07:00:00,0,56,7
1844505072,2016-04-29 08:00:00,0,56,8
1844505072,2016-04-29 09:00:00,232,77,9
1844505072,2016-04-29 10:00:00,431,105,10
1844505072,2016-04-29 11:00:00,845,130,11
1844505072,2016-04-29 12:00:00,53,60,12
1844505072,2016-04-29 13:00:00,0,56,13
1844505072,2016-04-29 14:00:00,542,95,14
1844505072,2016-04-29 15:00:00,57,61,15
1844505072,2016-04-29 16:00:00,114,70,16
1844505072,2016-04-29 17:00:00,196,82,17
1844505072,2016-04-29 18:00:00,405,104,18
1844505072,2016-04-29 19:00:00,322,93,19
1844505072,2016-04-29 20:00:00,665,115,20
1844505072,2016-04-29 21:00:00,133,78,21
1844505072,2016-04-29 22:00:00,538,112,22
1844505072,2016-04-29 23:00:00,135,75,23
1844505072,2016-04-30 00:00:00,0,57,0
1844505072,2016-04-30 01:00:00,0,56,1
1844505072,2016-04-30 02:00:00,0,56,2
1844505072,2016-04-30 03:00:00,0,56,3
1844505072,2016-04-30 04:00:00,0,56,4
1844505072,2016-04-30 05:00:00,0,56,5
1844505072,2016-04-30 06:00:00,0,56,6
1844505072,2016-04-30 07:00:00,0,56,7
1844505072,2016-04-30 08:00:00,0,56,8
1844505072,2016-04-30 09:00:00,0,56,9
1844505072,2016-04-30 10:00:00,612,103,10
1844505072,2016-04-30 11:00:00,517,107,11
1844505072,2016-04-30 12:00:00,551,109,12
1844505072,2016-04-30 13:00:00,0,57,13
1844505072,2016-04-30 14:00:00,166,69,14
1844505072,2016-04-30 15:00:00,314,91,15
1844505072,2016-04-30 16:00:00,191,72,16
1844505072,2016-04-30 17:00:00,217,83,17
1844505072,2016-04-30 18:00:00,276,85,18
1844505072,2016-04-30 19:00:00,107,76,19
1844505072,2016-04-30 20:00:00,154,81,20
1844505072,2016-04-30 21:00:00,203,86,21
1844505072,2016-04-30 22:00:00,258,91,22
1844505072,2016-04-30 23:00:00,448,92,23
1844505072,2016-05-01 00:00:00,1193,138,0
1844505072,2016-05-01 01:00:00,555,103,1
1844505072,2016-05-01 02:00:00,773,117,2
1844505072,2016-05-01 03:00:00,52,61,3
1844505072,2016-05-01 04:00:00,0,56,4
1844505072,2016-05-01 05:00:00,0,56,5
1844505072,2016-05-01 06:00:00,0,56,6
1844505072,2016-05-01 07:00:00,0,56,7
1844505072,2016-05-01 08:00:00,0,56,8
1844505072,2016-05-01 09:00:00,0,56,9
1844505072,2016-05-01 10:00:00,0,56,10
1844505072,2016-05-01 11:00:00,0,56,11
1844505072,2016-05-01 12:00:00,0,56,12
1844505072,2016-05-01 13:00:00,0,56,13
1844505072,2016-05-01 14:00:00,0,56,14
1844505072,2016-05-01 15:00:00,0,56,15
1844505072,2016-05-01 16:00:00,0,56,16
1844505072,2016-05-01 17:00:00,0,56,17
1844505072,2016-05-01 18:00:00,0,56,18
1844505072,2016-05-01 19:00:00,0,56,19
1844505072,2016-05-01 20:00:00,0,56,20
1844505072,2016-05-01 21:00:00,0,56,21
1844505072,2016-05-01 22:00:00,0,56,22
1844505072,2016-05-01 23:00:00,0,56,23
1844505072,2016-05-02 00:00:00,0,56,0
1844505072,2016-05-02 01:00:00,0,57,1
1844505072,2016-05-02 02:00:00,0,56,2
1844505072,2016-05-02 03:00:00,0,56,3
1844505072,2016-05-02 04:00:00,0,56,4
1844505072,2016-05-02 05:00:00,0,56,5
1844505072,2016-05-02 06:00:00,0,56,6
1844505072,2016-05-02 07:00:00,0,56,7
1844505072,2016-05-02 08:00:00,0,56,8
1844505072,2016-05-02 09:00:00,0,56,9
1844505072,2016-05-02 10:00:00,0,56,10
1844505072,2016-05-02 11:00:00,0,56,11
1844505072,2016-05-02 12:00:00,0,56,12
1844505072,2016-05-02 13:00:00,0,56,13
1844505072,2016-05-02 14:00:00,0,56,14
1844505072,2016-05-02 15:00:00,0,56,15
1844505072,2016-05-02 16:00:00,0,56,16
1844505072,2016-05-02 17:00:00,0,56,17
1844505072,2016-05-02 18:00:00,0,56,18
1844505072,2016-05-02 19:00:00,0,56,19
1844505072,2016-05-02 20:00:00,0,56,20
1844505072,2016-05-02 21:00:00,0,56,21
1844505072,2016-05-02 22:00:00,0,56,22
1844505072,2016-05-02 23:00:00,0,56,23
1844505072,2016-05-03 00:00:00,0,56,0
1844505072,2016-05-03 01:00:00,0,56,1
1844505072,2016-05-03 02:00:00,0,56,2
1844505072,2016-05-03 03:00:00,0,56,3
1844505072,2016-05-03 04:00:00,0,56,4
1844505072,2016-05-03 05:00:00,0,56,5
1844505072,2016-05-03 06:00:00,0,56,6
1844505072,2016-05-03 07:00:00,0,56,7
1844505072,2016-05-03 08:00:00,0,56,8
1844505072,2016-05-03 09:00:00,0,56,9
1844505072,2016-05-03 10:00:00,486,95,10
1844505072,2016-05-03 11:00:00,683,113,11
1844505072,2016-05-03 12:00:00,361,97,12
1844505072,2016-05-03 13:00:00,95,70,13
1844505072,2016-05-03 14:00:00,769,122,14
1844505072,2016-05-03 15:00:00,80,64,15
1844505072,2016-05-03 16:00:00,37,60,16
1844505072,2016-05-03 17:00:00,622,109,17
1844505072,2016-05-03 18:00:00,41,62,18
1844505072,2016-05-03 19:00:00,265,89,19
1844505072,2016-05-03 20:00:00,312,92,20
1844505072,2016-05-03 21:00:00,194,78,21
1844505072,2016-05-03 22:00:00,57,66,22
1844505072,2016-05-03 23:00:00,57,65,23
1844505072,2016-05-04 00:00:00,0,56,0
1844505072,2016-05-04 01:00:00,0,56,1
1844505072,2016-05-04 02:00:00,0,56,2
1844505072,2016-05-04 03:00:00,0,56,3
1844505072,2016-05-04 04:00:00,0,56,4
1844505072,2016-05-04 05:00:00,0,56,5
1844505072,2016-05-04 06:00:00,0,56,6
1844505072,2016-05-04 07:00:00,0,56,7
1844505072,2016-05-04 08:00:00,0,56,8
1844505072,2016-05-04 09:00:00,0,56,9
1844505072,2016-05-04 10:00:00,63,64,10
1844505072,2016-05-04 11:00:00,720,117,11
1844505072,2016-05-04 12:00:00,276,88,12
1844505072,2016-05-04 13:00:00,208,82,13
1844505072,2016-05-04 14:00:00,9,63,14
1844505072,2016-05-04 15:00:00,402,93,15
1844505072,2016-05-04 16:00:00,402,88,16
1844505072,2016-05-04 17:00:00,0,56,17
1844505072,2016-05-04 18:00:00,0,56,18
1844505072,2016-05-04 19:00:00,0,56,19
1844505072,2016-05-04 20:00:00,0,56,20
1844505072,2016-05-04 21:00:00,0,56,21
1844505072,2016-05-04 22:00:00,0,56,22
1844505072,2016-05-04 23:00:00,0,56,23
1844505072,2016-05-05 00:00:00,0,56,0
1844505072,2016-05-05 01:00:00,0,56,1
1844505072,2016-05-05 02:00:00,0,56,2
1844505072,2016-05-05 03:00:00,0,56,3
1844505072,2016-05-05 04:00:00,0,56,4
1844505072,2016-05-05 05:00:00,0,56,5
1844505072,2016-05-05 06:00:00,0,56,6
1844505072,2016-05-05 07:00:00,0,56,7
1844505072,2016-05-05 08:00:00,0,56,8
1844505072,2016-05-05 09:00:00,0,56,9
1844505072,2016-05-05 10:00:00,145,72,10
1844505072,2016-05-05 11:00:00,423,106,11
1844505072,2016-05-05 12:00:00,184,82,12
1844505072,2016-05-05 13:00:00,464,102,13
1844505072,2016-05-05 14:00:00,542,111,14
1844505072,2016-05-05 15:00:00,479,106,15
1844505072,2016-05-05 16:00:00,0,56,16
1844505072,2016-05-05 17:00:00,0,56,17
1844505072,2016-05-05 18:00:00,0,56,18
1844505072,2016-05-05 19:00:00,0,56,19
1844505072,2016-05-05 20:00:00,0,56,20
1844505072,2016-05-05 21:00:00,0,56,21
1844505072,2016-05-05 22:00:00,0,56,22
1844505072,2016-05-05 23:00:00,0,56,23
1844505072,2016-05-06 00:00:00,0,56,0
1844505072,2016-05-06 01:00:00,0,56,1
1844505072,2016-05-06 02:00:00,0,56,2
1844505072,2016-05-06 03:00:00,0,56,3
1844505072,2016-05-06 04:00:00,0,56,4
1844505072,2016-05-06 05:00:00,0,56,5
1844505072,2016-05-06 06:00:00,0,56,6
1844505072,2016-05-06 07:00:00,0,56,7
1844505072,2016-05-06 08:00:00,0,56,8
1844505072,2016-05-06 09:00:00,0,56,9
1844505072,2016-05-06 10:00:00,0,56,10
1844505072,2016-05-06 11:00:00,0,56,11
1844505072,2016-05-06 12:00:00,0,56,12
1844505072,2016-05-06 13:00:00,0,56,13
1844505072,2016-05-06 14:00:00,0,56,14
1844505072,2016-05-06 15:00:00,0,56,15
1844505072,2016-05-06 16:00:00,0,56,16
1844505072,2016-05-06 17:00:00,0,56,17
1844505072,2016-05-06 18:00:00,0,56,18
1844505072,2016-05-06 19:00:00,44,60,19
1844505072,2016-05-06 20:00:00,0,56,20
1844505072,2016-05-06 21:00:00,0,56,21
1844505072,2016-05-06 22:00:00,0,56,22
1844505072,2016-05-06 23:00:00,0,56,23
1844505072,2016-05-07 00:00:00,0,56,0
1844505072,2016-05-07 01:00:00,0,56,1
1844505072,2016-05-07 02:00:00,0,56,2
1844505072,2016-05-07 03:00:00,0,56,3
1844505072,2016-05-07 04:00:00,0,56,4
1844505072,2016-05-07 05:00:00,0,56,5
1844505072,2016-05-07 06:00:00,0,56,6
1844505072,2016-05-07 07:00:00,0,56,7
1844505072,2016-05-07 08:00:00,0,56,8
1844505072,2016-05-07 09:00:00,0,56,9
1844505072,2016-05-07 10:00:00,0,56,10
1844505072,2016-05-07 11:00:00,0,56,11
1844505072,2016-05-07 12:00:00,0,56,12
1844505072,2016-05-07 13:00:00,0,56,13
1844505072,2016-05-07 14:00:00,0,56,14
1844505072,2016-05-07 15:00:00,0,56,15
1844505072,2016-05-07 16:00:00,0,56,16
1844505072,2016-05-07 17:00:00,0,56,17
1844505072,2016-05-07 18:00:00,0,56,18
1844505072,2016-05-07 19:00:00,0,56,19
1844505072,2016-05-07 20:00:00,0,56,20
1844505072,2016-05-07 21:00:00,0,56,21
1844505072,2016-05-07 22:00:00,0,56,22
1844505072,2016-05-07 23:00:00,0,56,23
1844505072,2016-05-08 00:00:00,0,56,0
1844505072,2016-05-08 01:00:00,0,56,1
1844505072,2016-05-08 02:00:00,0,56,2
1844505072,2016-05-08 03:00:00,0,56,3
1844505072,2016-05-08 04:00:00,0,56,4
1844505072,2016-05-08 05:00:00,0,56,5
1844505072,2016-05-08 06:00:00,0,56,6
1844505072,2016-05-08 07:00:00,0,56,7
1844505072,2016-05-08 08:00:00,0,56,8
1844505072,2016-05-08 09:00:00,0,56,9
1844505072,2016-05-08 10:00:00,0,56,10
1844505072,2016-05-08 11:00:00,0,56,11
1844505072,2016-05-08 12:00:00,0,56,12
1844505072,2016-05-08 13:00:00,0,56,13
1844505072,2016-05-08 14:00:00,0,56,14
1844505072,2016-05-08 15:00:00,0,56,15
1844505072,2016-05-08 16:00:00,0,56,16
1844505072,2016-05-08 17:00:00,0,56,17
1844505072,2016-05-08 18:00:00,0,56,18
1844505072,2016-05-08 19:00:00,0,56,19
1844505072,2016-05-08 20:00:00,0,56,20
1844505072,2016-05-08 21:00:00,0,56,21
1844505072,2016-05-08 22:00:00,0,56,22
1844505072,2016-05-08 23:00:00,0,56,23
1844505072,2016-05-09 00:00:00,0,56,0
1844505072,2016-05-09 01:00:00,0,56,1
1844505072,2016-05-09 02:00:00,0,56,2
1844505072,2016-05-09 03:00:00,0,56,3
1844505072,2016-05-09 04:00:00,0,56,4
1844505072,2016-05-09 05:00:00,0,56,5
1844505072,2016-05-09 06:00:00,0,56,6
1844505072,2016-05-09 07:00:00,0,56,7
1844505072,2016-05-09 08:00:00,0,56,8
1844505072,2016-05-09 09:00:00,0,56,9
1844505072,2016-05-09 10:00:00,0,56,10
1844505072,2016-05-09 11:00:00,0,56,11
1844505072,2016-05-09 12:00:00,0,56,12
1844505072,2016-05-09 13:00:00,0,56,13
1844505072,2016-05-09 14:00:00,0,56,14
1844505072,2016-05-09 15:00:00,0,56,15
1844505072,2016-05-09 16:00:00,0,56,16
1844505072,2016-05-09 17:00:00,0,56,17
1844505072,2016-05-09 18:00:00,0,56,18
1844505072,2016-05-09 19:00:00,0,56,19
1844505072,2016-05-09 20:00:00,0,56,20
1844505072,2016-05-09 21:00:00,0,56,21
1844505072,2016-05-09 22:00:00,0,56,22
1844505072,2016-05-09 23:00:00,0,56,23
1844505072,2016-05-10 00:00:00,0,56,0
1844505072,2016-05-10 01:00:00,0,56,1
1844505072,2016-05-10 02:00:00,0,56,2
1844505072,2016-05-10 03:00:00,0,56,3
1844505072,2016-05-10 04:00:00,0,56,4
1844505072,2016-05-10 05:00:00,0,56,5
1844505072,2016-05-10 06:00:00,0,56,6
1844505072,2016-05-10 07:00:00,0,56,7
1844505072,2016-05-10 08:00:00,0,56,8
1844505072,2016-05-10 09:00:00,0,56,9
1844505072,2016-05-10 10:00:00,0,56,10
1844505072,2016-05-10 11:00:00,0,56,11
1844505072,2016-05-10 12:00:00,0,56,12
1844505072,2016-05-10 13:00:00,0,56,13
1844505072,2016-05-10 14:00:00,0,56,14
1844505072,2016-05-10 15:00:00,0,56,15
1844505072,2016-05-10 16:00:00,0,56,16
1844505072,2016-05-10 17:00:00,0,56,17
1844505072,2016-05-10 18:00:00,0,56,18
1844505072,2016-05-10 19:00:00,0,56,19
1844505072,2016-05-10 20:00:00,0,56,20
1844505072,2016-05-10 21:00:00,0,56,21
1844505072,2016-05-10 22:00:00,0,56,22
1844505072,2016-05-10 23:00:00,0,56,23
1844505072,2016-05-11 00:00:00,0,56,0
1844505072,2016-05-11 01:00:00,0,56,1
1844505072,2016-05-11 02:00:00,0,56,2
1844505072,2016-05-11 03:00:00,0,56,3
1844505072,2016-05-11 04:00:00,0,56,4
1844505072,2016-05-11 05:00:00,0,56,5
1844505072,2016-05-11 06:00:00,0,56,6
1844505072,2016-05-11 07:00:00,0,56,7
1844505072,2016-05-11 08:00:00,0,56,8
1844505072,2016-05-11 09:00:00,0,56,9
1844505072,2016-05-11 10:00:00,0,56,10
1844505072,2016-05-11 11:00:00,0,56,11
1844505072,2016-05-11 12:00:00,0,56,12
1844505072,2016-05-11 13:00:00,0,56,13
1844505072,2016-05-11 14:00:00,0,56,14
1844505072,2016-05-11 15:00:00,0,56,15
1844505072,2016-05-11 16:00:00,0,56,16
1844505072,2016-05-11 17:00:00,0,56,17
1844505072,2016-05-11 18:00:00,0,56,18
1844505072,2016-05-11 19:00:00,0,56,19
1844505072,2016-05-11 20:00:00,0,56,20
1844505072,2016-05-11 21:00:00,0,56,21
1844505072,2016-05-11 22:00:00,0,56,22
1844505072,2016-05-11 23:00:00,0,56,23
1844505072,2016-05-12 00:00:00,0,56,0
1844505072,2016-05-12 01:00:00,0,56,1
1844505072,2016-05-12 02:00:00,0,56,2
1844505072,2016-05-12 03:00:00,0,56,3
1844505072,2016-05-12 04:00:00,0,56,4
1844505072,2016-05-12 05:00:00,0,56,5
1844505072,2016-05-12 06:00:00,0,56,6
1844505072,2016-05-12 07:00:00,0,56,7
1844505072,2016-05-12 08:00:00,0,56,8
1844505072,2016-05-12 09:00:00,0,56,9
1844505072,2016-05-12 10:00:00,0,56,10
1927972279,2016-04-12 00:00:00,0,85,0
1927972279,2016-04-12 01:00:00,0,85,1
1927972279,2016-04-12 02:00:00,0,85,2
1927972279,2016-04-12 03:00:00,0,84,3
1927972279,2016-04-12 04:00:00,4,87,4
1927972279,2016-04-12 05:00:00,0,85,5
1927972279,2016-04-12 06:00:00,20,90,6
1927972279,2016-04-12 07:00:00,0,85,7
1927972279,2016-04-12 08:00:00,0,85,8
1927972279,2016-04-12 09:00:00,0,85,9
1927972279,2016-04-12 10:00:00,0,85,10
1927972279,2016-04-12 11:00:00,17,89,11
1927972279,2016-04-12 12:00:00,0,84,12
1927972279,2016-04-12 13:00:00,0,85,13
1927972279,2016-04-12 14:00:00,169,111,14
1927972279,2016-04-12 15:00:00,12,93,15
1927972279,2016-04-12 16:00:00,77,102,16
1927972279,2016-04-12 17:00:00,119,117,17
1927972279,2016-04-12 18:00:00,0,88,18
1927972279,2016-04-12 19:00:00,28,92,19
1927972279,2016-04-12 20:00:00,32,97,20
1927972279,2016-04-12 21:00:00,105,109,21
1927972279,2016-04-12 22:00:00,50,94,22
1927972279,2016-04-12 23:00:00,45,93,23
1927972279,2016-04-13 00:00:00,4,90,0
1927972279,2016-04-13 01:00:00,16,92,1
1927972279,2016-04-13 02:00:00,17,91,2
1927972279,2016-04-13 03:00:00,0,87,3
1927972279,2016-04-13 04:00:00,12,91,4
1927972279,2016-04-13 05:00:00,0,86,5
1927972279,2016-04-13 06:00:00,0,86,6
1927972279,2016-04-13 07:00:00,0,86,7
1927972279,2016-04-13 08:00:00,0,86,8
1927972279,2016-04-13 09:00:00,79,102,9
1927972279,2016-04-13 10:00:00,0,86,10
1927972279,2016-04-13 11:00:00,5,88,11
1927972279,2016-04-13 12:00:00,0,86,12
1927972279,2016-04-13 13:00:00,0,86,13
1927972279,2016-04-13 14:00:00,0,86,14
1927972279,2016-04-13 15:00:00,0,86,15
1927972279,2016-04-13 16:00:00,0,86,16
1927972279,2016-04-13 17:00:00,115,110,17
1927972279,2016-04-13 18:00:00,108,109,18
1927972279,2016-04-13 19:00:00,0,86,19
1927972279,2016-04-13 20:00:00,0,86,20
1927972279,2016-04-13 21:00:00,0,86,21
1927972279,2016-04-13 22:00:00,0,86,22
1927972279,2016-04-13 23:00:00,0,86,23
1927972279,2016-04-14 00:00:00,0,86,0
1927972279,2016-04-14 01:00:00,0,86,1
1927972279,2016-04-14 02:00:00,0,86,2
1927972279,2016-04-14 03:00:00,0,86,3
1927972279,2016-04-14 04:00:00,0,86,4
1927972279,2016-04-14 05:00:00,0,86,5
1927972279,2016-04-14 06:00:00,0,86,6
1927972279,2016-04-14 07:00:00,0,86,7
1927972279,2016-04-14 08:00:00,0,86,8
1927972279,2016-04-14 09:00:00,0,86,9
1927972279,2016-04-14 10:00:00,0,86,10
1927972279,2016-04-14 11:00:00,0,86,11
1927972279,2016-04-14 12:00:00,0,86,12
1927972279,2016-04-14 13:00:00,0,86,13
1927972279,2016-04-14 14:00:00,54,92,14
1927972279,2016-04-14 15:00:00,959,183,15
1927972279,2016-04-14 16:00:00,440,147,16
1927972279,2016-04-14 17:00:00,388,144,17
1927972279,2016-04-14 18:00:00,143,118,18
1927972279,2016-04-14 19:00:00,70,107,19
1927972279,2016-04-14 20:00:00,22,99,20
1927972279,2016-04-14 21:00:00,46,101,21
1927972279,2016-04-14 22:00:00,34,99,22
1927972279,2016-04-14 23:00:00,7,88,23
1927972279,2016-04-15 00:00:00,5,88,0
1927972279,2016-04-15 01:00:00,0,86,1
1927972279,2016-04-15 02:00:00,0,87,2
1927972279,2016-04-15 03:00:00,0,87,3
1927972279,2016-04-15 04:00:00,94,102,4
1927972279,2016-04-15 05:00:00,0,87,5
1927972279,2016-04-15 06:00:00,0,86,6
1927972279,2016-04-15 07:00:00,0,86,7
1927972279,2016-04-15 08:00:00,0,87,8
1927972279,2016-04-15 09:00:00,403,139,9
1927972279,2016-04-15 10:00:00,41,96,10
1927972279,2016-04-15 11:00:00,328,138,11
1927972279,2016-04-15 12:00:00,109,105,12
1927972279,2016-04-15 13:00:00,0,88,13
1927972279,2016-04-15 14:00:00,0,86,14
1927972279,2016-04-15 15:00:00,0,86,15
1927972279,2016-04-15 16:00:00,0,86,16
1927972279,2016-04-15 17:00:00,0,86,17
1927972279,2016-04-15 18:00:00,0,86,18
1927972279,2016-04-15 19:00:00,0,86,19
1927972279,2016-04-15 20:00:00,0,86,20
1927972279,2016-04-15 21:00:00,0,86,21
1927972279,2016-04-15 22:00:00,0,86,22
1927972279,2016-04-15 23:00:00,0,86,23
1927972279,2016-04-16 00:00:00,0,86,0
1927972279,2016-04-16 01:00:00,0,86,1
1927972279,2016-04-16 02:00:00,0,86,2
1927972279,2016-04-16 03:00:00,0,86,3
1927972279,2016-04-16 04:00:00,0,86,4
1927972279,2016-04-16 05:00:00,0,86,5
1927972279,2016-04-16 06:00:00,0,86,6
1927972279,2016-04-16 07:00:00,0,86,7
1927972279,2016-04-16 08:00:00,0,86,8
1927972279,2016-04-16 09:00:00,0,86,9
1927972279,2016-04-16 10:00:00,0,86,10
1927972279,2016-04-16 11:00:00,0,86,11
1927972279,2016-04-16 12:00:00,0,86,12
1927972279,2016-04-16 13:00:00,0,86,13
1927972279,2016-04-16 14:00:00,0,86,14
1927972279,2016-04-16 15:00:00,0,86,15
1927972279,2016-04-16 16:00:00,0,86,16
1927972279,2016-04-16 17:00:00,0,86,17
1927972279,2016-04-16 18:00:00,0,86,18
1927972279,2016-04-16 19:00:00,0,86,19
1927972279,2016-04-16 20:00:00,0,86,20
1927972279,2016-04-16 21:00:00,0,86,21
1927972279,2016-04-16 22:00:00,0,86,22
1927972279,2016-04-16 23:00:00,0,86,23
1927972279,2016-04-17 00:00:00,0,86,0
1927972279,2016-04-17 01:00:00,0,86,1
1927972279,2016-04-17 02:00:00,0,86,2
1927972279,2016-04-17 03:00:00,0,86,3
1927972279,2016-04-17 04:00:00,0,86,4
1927972279,2016-04-17 05:00:00,0,86,5
1927972279,2016-04-17 06:00:00,0,86,6
1927972279,2016-04-17 07:00:00,0,86,7
1927972279,2016-04-17 08:00:00,0,86,8
1927972279,2016-04-17 09:00:00,0,86,9
1927972279,2016-04-17 10:00:00,0,86,10
1927972279,2016-04-17 11:00:00,0,86,11
1927972279,2016-04-17 12:00:00,0,86,12
1927972279,2016-04-17 13:00:00,0,86,13
1927972279,2016-04-17 14:00:00,0,86,14
1927972279,2016-04-17 15:00:00,0,86,15
1927972279,2016-04-17 16:00:00,0,86,16
1927972279,2016-04-17 17:00:00,0,86,17
1927972279,2016-04-17 18:00:00,0,86,18
1927972279,2016-04-17 19:00:00,0,86,19
1927972279,2016-04-17 20:00:00,0,86,20
1927972279,2016-04-17 21:00:00,0,86,21
1927972279,2016-04-17 22:00:00,0,86,22
1927972279,2016-04-17 23:00:00,0,86,23
1927972279,2016-04-18 00:00:00,0,86,0
1927972279,2016-04-18 01:00:00,0,86,1
1927972279,2016-04-18 02:00:00,0,86,2
1927972279,2016-04-18 03:00:00,0,86,3
1927972279,2016-04-18 04:00:00,0,86,4
1927972279,2016-04-18 05:00:00,0,86,5
1927972279,2016-04-18 06:00:00,0,86,6
1927972279,2016-04-18 07:00:00,0,86,7
1927972279,2016-04-18 08:00:00,0,86,8
1927972279,2016-04-18 09:00:00,0,86,9
1927972279,2016-04-18 10:00:00,0,86,10
1927972279,2016-04-18 11:00:00,158,115,11
1927972279,2016-04-18 12:00:00,86,105,12
1927972279,2016-04-18 13:00:00,0,86,13
1927972279,2016-04-18 14:00:00,0,86,14
1927972279,2016-04-18 15:00:00,0,86,15
1927972279,2016-04-18 16:00:00,0,86,16
1927972279,2016-04-18 17:00:00,0,86,17
1927972279,2016-04-18 18:00:00,0,86,18
1927972279,2016-04-18 19:00:00,0,86,19
1927972279,2016-04-18 20:00:00,0,86,20
1927972279,2016-04-18 21:00:00,0,86,21
1927972279,2016-04-18 22:00:00,0,86,22
1927972279,2016-04-18 23:00:00,0,86,23
1927972279,2016-04-19 00:00:00,0,86,0
1927972279,2016-04-19 01:00:00,0,86,1
1927972279,2016-04-19 02:00:00,0,86,2
1927972279,2016-04-19 03:00:00,0,86,3
1927972279,2016-04-19 04:00:00,0,86,4
1927972279,2016-04-19 05:00:00,0,86,5
1927972279,2016-04-19 06:00:00,0,86,6
1927972279,2016-04-19 07:00:00,0,86,7
1927972279,2016-04-19 08:00:00,0,86,8
1927972279,2016-04-19 09:00:00,0,86,9
1927972279,2016-04-19 10:00:00,0,86,10
1927972279,2016-04-19 11:00:00,0,86,11
1927972279,2016-04-19 12:00:00,0,86,12
1927972279,2016-04-19 13:00:00,0,86,13
1927972279,2016-04-19 14:00:00,0,86,14
1927972279,2016-04-19 15:00:00,0,86,15
1927972279,2016-04-19 16:00:00,0,86,16
1927972279,2016-04-19 17:00:00,0,86,17
1927972279,2016-04-19 18:00:00,0,86,18
1927972279,2016-04-19 19:00:00,0,86,19
1927972279,2016-04-19 20:00:00,0,86,20
1927972279,2016-04-19 21:00:00,0,86,21
1927972279,2016-04-19 22:00:00,0,86,22
1927972279,2016-04-19 23:00:00,0,86,23
1927972279,2016-04-20 00:00:00,0,86,0
1927972279,2016-04-20 01:00:00,0,86,1
1927972279,2016-04-20 02:00:00,0,86,2
1927972279,2016-04-20 03:00:00,0,86,3
1927972279,2016-04-20 04:00:00,0,86,4
1927972279,2016-04-20 05:00:00,0,86,5
1927972279,2016-04-20 06:00:00,0,86,6
1927972279,2016-04-20 07:00:00,0,86,7
1927972279,2016-04-20 08:00:00,0,86,8
1927972279,2016-04-20 09:00:00,0,86,9
1927972279,2016-04-20 10:00:00,0,86,10
1927972279,2016-04-20 11:00:00,0,86,11
1927972279,2016-04-20 12:00:00,0,86,12
1927972279,2016-04-20 13:00:00,0,86,13
1927972279,2016-04-20 14:00:00,0,86,14
1927972279,2016-04-20 15:00:00,0,86,15
1927972279,2016-04-20 16:00:00,0,86,16
1927972279,2016-04-20 17:00:00,0,86,17
1927972279,2016-04-20 18:00:00,0,86,18
1927972279,2016-04-20 19:00:00,0,86,19
1927972279,2016-04-20 20:00:00,0,86,20
1927972279,2016-04-20 21:00:00,0,86,21
1927972279,2016-04-20 22:00:00,0,86,22
1927972279,2016-04-20 23:00:00,0,86,23
1927972279,2016-04-21 00:00:00,0,86,0
1927972279,2016-04-21 01:00:00,0,86,1
1927972279,2016-04-21 02:00:00,0,86,2
1927972279,2016-04-21 03:00:00,0,86,3
1927972279,2016-04-21 04:00:00,0,86,4
1927972279,2016-04-21 05:00:00,0,86,5
1927972279,2016-04-21 06:00:00,0,86,6
1927972279,2016-04-21 07:00:00,0,86,7
1927972279,2016-04-21 08:00:00,0,86,8
1927972279,2016-04-21 09:00:00,0,86,9
1927972279,2016-04-21 10:00:00,0,86,10
1927972279,2016-04-21 11:00:00,0,86,11
1927972279,2016-04-21 12:00:00,0,86,12
1927972279,2016-04-21 13:00:00,0,86,13
1927972279,2016-04-21 14:00:00,0,86,14
1927972279,2016-04-21 15:00:00,0,86,15
1927972279,2016-04-21 16:00:00,0,86,16
1927972279,2016-04-21 17:00:00,0,86,17
1927972279,2016-04-21 18:00:00,0,86,18
1927972279,2016-04-21 19:00:00,0,86,19
1927972279,2016-04-21 20:00:00,0,87,20
1927972279,2016-04-21 21:00:00,0,86,21
1927972279,2016-04-21 22:00:00,0,86,22
1927972279,2016-04-21 23:00:00,0,86,23
1927972279,2016-04-22 00:00:00,0,86,0
1927972279,2016-04-22 01:00:00,0,86,1
1927972279,2016-04-22 02:00:00,0,86,2
1927972279,2016-04-22 03:00:00,0,86,3
1927972279,2016-04-22 04:00:00,0,86,4
1927972279,2016-04-22 05:00:00,0,86,5
1927972279,2016-04-22 06:00:00,0,86,6
1927972279,2016-04-22 07:00:00,0,86,7
1927972279,2016-04-22 08:00:00,0,86,8
1927972279,2016-04-22 09:00:00,0,86,9
1927972279,2016-04-22 10:00:00,0,86,10
1927972279,2016-04-22 11:00:00,0,86,11
1927972279,2016-04-22 12:00:00,133,109,12
1927972279,2016-04-22 13:00:00,8,91,13
1927972279,2016-04-22 14:00:00,0,86,14
1927972279,2016-04-22 15:00:00,8,88,15
1927972279,2016-04-22 16:00:00,0,86,16
1927972279,2016-04-22 17:00:00,0,86,17
1927972279,2016-04-22 18:00:00,0,86,18
1927972279,2016-04-22 19:00:00,0,86,19
1927972279,2016-04-22 20:00:00,0,86,20
1927972279,2016-04-22 21:00:00,0,86,21
1927972279,2016-04-22 22:00:00,0,86,22
1927972279,2016-04-22 23:00:00,0,86,23
1927972279,2016-04-23 00:00:00,0,86,0
1927972279,2016-04-23 01:00:00,0,86,1
1927972279,2016-04-23 02:00:00,0,86,2
1927972279,2016-04-23 03:00:00,0,86,3
1927972279,2016-04-23 04:00:00,0,86,4
1927972279,2016-04-23 05:00:00,0,86,5
1927972279,2016-04-23 06:00:00,0,86,6
1927972279,2016-04-23 07:00:00,0,86,7
1927972279,2016-04-23 08:00:00,967,190,8
1927972279,2016-04-23 09:00:00,171,117,9
1927972279,2016-04-23 10:00:00,15,95,10
1927972279,2016-04-23 11:00:00,246,128,11
1927972279,2016-04-23 12:00:00,423,136,12
1927972279,2016-04-23 13:00:00,484,158,13
1927972279,2016-04-23 14:00:00,0,86,14
1927972279,2016-04-23 15:00:00,0,86,15
1927972279,2016-04-23 16:00:00,42,94,16
1927972279,2016-04-23 17:00:00,82,106,17
1927972279,2016-04-23 18:00:00,286,124,18
1927972279,2016-04-23 19:00:00,123,109,19
1927972279,2016-04-23 20:00:00,77,113,20
1927972279,2016-04-23 21:00:00,29,98,21
1927972279,2016-04-23 22:00:00,0,86,22
1927972279,2016-04-23 23:00:00,0,86,23
1927972279,2016-04-24 00:00:00,0,86,0
1927972279,2016-04-24 01:00:00,0,86,1
1927972279,2016-04-24 02:00:00,0,86,2
1927972279,2016-04-24 03:00:00,0,86,3
1927972279,2016-04-24 04:00:00,0,86,4
1927972279,2016-04-24 05:00:00,0,86,5
1927972279,2016-04-24 06:00:00,0,86,6
1927972279,2016-04-24 07:00:00,0,86,7
1927972279,2016-04-24 08:00:00,0,86,8
1927972279,2016-04-24 09:00:00,0,86,9
1927972279,2016-04-24 10:00:00,1038,184,10
1927972279,2016-04-24 11:00:00,422,155,11
1927972279,2016-04-24 12:00:00,259,131,12
1927972279,2016-04-24 13:00:00,371,136,13
1927972279,2016-04-24 14:00:00,0,86,14
1927972279,2016-04-24 15:00:00,0,86,15
1927972279,2016-04-24 16:00:00,0,86,16
1927972279,2016-04-24 17:00:00,0,86,17
1927972279,2016-04-24 18:00:00,0,86,18
1927972279,2016-04-24 19:00:00,0,86,19
1927972279,2016-04-24 20:00:00,0,86,20
1927972279,2016-04-24 21:00:00,0,86,21
1927972279,2016-04-24 22:00:00,0,86,22
1927972279,2016-04-24 23:00:00,0,86,23
1927972279,2016-04-25 00:00:00,0,86,0
1927972279,2016-04-25 01:00:00,0,86,1
1927972279,2016-04-25 02:00:00,0,86,2
1927972279,2016-04-25 03:00:00,0,86,3
1927972279,2016-04-25 04:00:00,0,86,4
1927972279,2016-04-25 05:00:00,0,86,5
1927972279,2016-04-25 06:00:00,0,86,6
1927972279,2016-04-25 07:00:00,0,86,7
1927972279,2016-04-25 08:00:00,0,86,8
1927972279,2016-04-25 09:00:00,0,86,9
1927972279,2016-04-25 10:00:00,0,86,10
1927972279,2016-04-25 11:00:00,0,86,11
1927972279,2016-04-25 12:00:00,0,86,12
1927972279,2016-04-25 13:00:00,0,86,13
1927972279,2016-04-25 14:00:00,0,86,14
1927972279,2016-04-25 15:00:00,0,86,15
1927972279,2016-04-25 16:00:00,0,86,16
1927972279,2016-04-25 17:00:00,0,86,17
1927972279,2016-04-25 18:00:00,0,86,18
1927972279,2016-04-25 19:00:00,0,86,19
1927972279,2016-04-25 20:00:00,29,93,20
1927972279,2016-04-25 21:00:00,123,113,21
1927972279,2016-04-25 22:00:00,0,87,22
1927972279,2016-04-25 23:00:00,0,87,23
1927972279,2016-04-26 00:00:00,11,89,0
1927972279,2016-04-26 01:00:00,7,89,1
1927972279,2016-04-26 02:00:00,0,87,2
1927972279,2016-04-26 03:00:00,22,92,3
1927972279,2016-04-26 04:00:00,0,86,4
1927972279,2016-04-26 05:00:00,0,86,5
1927972279,2016-04-26 06:00:00,8,88,6
1927972279,2016-04-26 07:00:00,0,86,7
1927972279,2016-04-26 08:00:00,0,86,8
1927972279,2016-04-26 09:00:00,0,86,9
1927972279,2016-04-26 10:00:00,65,95,10
1927972279,2016-04-26 11:00:00,378,133,11
1927972279,2016-04-26 12:00:00,60,104,12
1927972279,2016-04-26 13:00:00,370,137,13
1927972279,2016-04-26 14:00:00,205,116,14
1927972279,2016-04-26 15:00:00,202,117,15
1927972279,2016-04-26 16:00:00,977,200,16
1927972279,2016-04-26 17:00:00,307,133,17
1927972279,2016-04-26 18:00:00,516,157,18
1927972279,2016-04-26 19:00:00,346,152,19
1927972279,2016-04-26 20:00:00,100,111,20
1927972279,2016-04-26 21:00:00,69,105,21
1927972279,2016-04-26 22:00:00,74,102,22
1927972279,2016-04-26 23:00:00,44,101,23
1927972279,2016-04-27 00:00:00,0,86,0
1927972279,2016-04-27 01:00:00,0,86,1
1927972279,2016-04-27 02:00:00,0,86,2
1927972279,2016-04-27 03:00:00,0,86,3
1927972279,2016-04-27 04:00:00,0,86,4
1927972279,2016-04-27 05:00:00,0,86,5
1927972279,2016-04-27 06:00:00,0,86,6
1927972279,2016-04-27 07:00:00,0,86,7
1927972279,2016-04-27 08:00:00,0,86,8
1927972279,2016-04-27 09:00:00,0,86,9
1927972279,2016-04-27 10:00:00,0,86,10
1927972279,2016-04-27 11:00:00,0,86,11
1927972279,2016-04-27 12:00:00,0,86,12
1927972279,2016-04-27 13:00:00,0,86,13
1927972279,2016-04-27 14:00:00,0,86,14
1927972279,2016-04-27 15:00:00,0,86,15
1927972279,2016-04-27 16:00:00,0,86,16
1927972279,2016-04-27 17:00:00,0,86,17
1927972279,2016-04-27 18:00:00,0,86,18
1927972279,2016-04-27 19:00:00,0,86,19
1927972279,2016-04-27 20:00:00,0,86,20
1927972279,2016-04-27 21:00:00,0,86,21
1927972279,2016-04-27 22:00:00,0,86,22
1927972279,2016-04-27 23:00:00,0,86,23
1927972279,2016-04-28 00:00:00,0,86,0
1927972279,2016-04-28 01:00:00,0,86,1
1927972279,2016-04-28 02:00:00,0,86,2
1927972279,2016-04-28 03:00:00,0,86,3
1927972279,2016-04-28 04:00:00,0,86,4
1927972279,2016-04-28 05:00:00,0,86,5
1927972279,2016-04-28 06:00:00,0,86,6
1927972279,2016-04-28 07:00:00,0,86,7
1927972279,2016-04-28 08:00:00,437,136,8
1927972279,2016-04-28 09:00:00,99,108,9
1927972279,2016-04-28 10:00:00,273,129,10
1927972279,2016-04-28 11:00:00,133,111,11
1927972279,2016-04-28 12:00:00,4,88,12
1927972279,2016-04-28 13:00:00,13,91,13
1927972279,2016-04-28 14:00:00,74,97,14
1927972279,2016-04-28 15:00:00,39,100,15
1927972279,2016-04-28 16:00:00,100,113,16
1927972279,2016-04-28 17:00:00,78,106,17
1927972279,2016-04-28 18:00:00,362,134,18
1927972279,2016-04-28 19:00:00,24,98,19
1927972279,2016-04-28 20:00:00,39,94,20
1927972279,2016-04-28 21:00:00,0,86,21
1927972279,2016-04-28 22:00:00,0,86,22
1927972279,2016-04-28 23:00:00,0,86,23
1927972279,2016-04-29 00:00:00,0,86,0
1927972279,2016-04-29 01:00:00,0,86,1
1927972279,2016-04-29 02:00:00,0,86,2
1927972279,2016-04-29 03:00:00,0,86,3
1927972279,2016-04-29 04:00:00,0,86,4
1927972279,2016-04-29 05:00:00,0,86,5
1927972279,2016-04-29 06:00:00,0,86,6
1927972279,2016-04-29 07:00:00,0,86,7
1927972279,2016-04-29 08:00:00,0,86,8
1927972279,2016-04-29 09:00:00,0,86,9
1927972279,2016-04-29 10:00:00,0,86,10
1927972279,2016-04-29 11:00:00,0,86,11
1927972279,2016-04-29 12:00:00,0,86,12
1927972279,2016-04-29 13:00:00,0,86,13
1927972279,2016-04-29 14:00:00,0,86,14
1927972279,2016-04-29 15:00:00,0,86,15
1927972279,2016-04-29 16:00:00,0,86,16
1927972279,2016-04-29 17:00:00,0,86,17
1927972279,2016-04-29 18:00:00,0,86,18
1927972279,2016-04-29 19:00:00,0,86,19
1927972279,2016-04-29 20:00:00,0,86,20
1927972279,2016-04-29 21:00:00,0,86,21
1927972279,2016-04-29 22:00:00,0,86,22
1927972279,2016-04-29 23:00:00,0,86,23
1927972279,2016-04-30 00:00:00,0,86,0
1927972279,2016-04-30 01:00:00,0,86,1
1927972279,2016-04-30 02:00:00,0,86,2
1927972279,2016-04-30 03:00:00,0,86,3
1927972279,2016-04-30 04:00:00,0,86,4
1927972279,2016-04-30 05:00:00,0,86,5
1927972279,2016-04-30 06:00:00,0,86,6
1927972279,2016-04-30 07:00:00,0,86,7
1927972279,2016-04-30 08:00:00,0,86,8
1927972279,2016-04-30 09:00:00,0,86,9
1927972279,2016-04-30 10:00:00,0,86,10
1927972279,2016-04-30 11:00:00,0,86,11
1927972279,2016-04-30 12:00:00,0,86,12
1927972279,2016-04-30 13:00:00,0,86,13
1927972279,2016-04-30 14:00:00,0,86,14
1927972279,2016-04-30 15:00:00,0,86,15
1927972279,2016-04-30 16:00:00,0,86,16
1927972279,2016-04-30 17:00:00,0,86,17
1927972279,2016-04-30 18:00:00,0,86,18
1927972279,2016-04-30 19:00:00,0,86,19
1927972279,2016-04-30 20:00:00,0,86,20
1927972279,2016-04-30 21:00:00,0,86,21
1927972279,2016-04-30 22:00:00,0,86,22
1927972279,2016-04-30 23:00:00,0,86,23
1927972279,2016-05-01 00:00:00,0,86,0
1927972279,2016-05-01 01:00:00,0,86,1
1927972279,2016-05-01 02:00:00,0,86,2
1927972279,2016-05-01 03:00:00,0,86,3
1927972279,2016-05-01 04:00:00,0,86,4
1927972279,2016-05-01 05:00:00,0,86,5
1927972279,2016-05-01 06:00:00,0,86,6
1927972279,2016-05-01 07:00:00,0,86,7
1927972279,2016-05-01 08:00:00,27,94,8
1927972279,2016-05-01 09:00:00,0,90,9
1927972279,2016-05-01 10:00:00,79,103,10
1927972279,2016-05-01 11:00:00,151,111,11
1927972279,2016-05-01 12:00:00,84,103,12
1927972279,2016-05-01 13:00:00,1783,240,13
1927972279,2016-05-01 14:00:00,232,117,14
1927972279,2016-05-01 15:00:00,15,94,15
1927972279,2016-05-01 16:00:00,12,98,16
1927972279,2016-05-01 17:00:00,13,96,17
1927972279,2016-05-01 18:00:00,35,98,18
1927972279,2016-05-01 19:00:00,190,120,19
1927972279,2016-05-01 20:00:00,11,90,20
1927972279,2016-05-01 21:00:00,72,97,21
1927972279,2016-05-01 22:00:00,0,86,22
1927972279,2016-05-01 23:00:00,0,86,23
1927972279,2016-05-02 00:00:00,0,86,0
1927972279,2016-05-02 01:00:00,0,86,1
1927972279,2016-05-02 02:00:00,0,86,2
1927972279,2016-05-02 03:00:00,0,86,3
1927972279,2016-05-02 04:00:00,0,86,4
1927972279,2016-05-02 05:00:00,0,86,5
1927972279,2016-05-02 06:00:00,0,86,6
1927972279,2016-05-02 07:00:00,0,86,7
1927972279,2016-05-02 08:00:00,0,86,8
1927972279,2016-05-02 09:00:00,0,86,9
1927972279,2016-05-02 10:00:00,0,86,10
1927972279,2016-05-02 11:00:00,2109,265,11
1927972279,2016-05-02 12:00:00,78,98,12
1927972279,2016-05-02 13:00:00,25,89,13
1927972279,2016-05-02 14:00:00,147,103,14
1927972279,2016-05-02 15:00:00,132,119,15
1927972279,2016-05-02 16:00:00,190,123,16
1927972279,2016-05-02 17:00:00,249,128,17
1927972279,2016-05-02 18:00:00,207,127,18
1927972279,2016-05-02 19:00:00,653,164,19
1927972279,2016-05-02 20:00:00,0,86,20
1927972279,2016-05-02 21:00:00,0,86,21
1927972279,2016-05-02 22:00:00,0,86,22
1927972279,2016-05-02 23:00:00,0,86,23
1927972279,2016-05-03 00:00:00,0,86,0
1927972279,2016-05-03 01:00:00,0,86,1
1927972279,2016-05-03 02:00:00,0,86,2
1927972279,2016-05-03 03:00:00,0,86,3
1927972279,2016-05-03 04:00:00,0,86,4
1927972279,2016-05-03 05:00:00,0,86,5
1927972279,2016-05-03 06:00:00,0,86,6
1927972279,2016-05-03 07:00:00,0,86,7
1927972279,2016-05-03 08:00:00,1245,198,8
1927972279,2016-05-03 09:00:00,0,87,9
1927972279,2016-05-03 10:00:00,74,101,10
1927972279,2016-05-03 11:00:00,0,87,11
1927972279,2016-05-03 12:00:00,0,87,12
1927972279,2016-05-03 13:00:00,7,89,13
1927972279,2016-05-03 14:00:00,0,86,14
1927972279,2016-05-03 15:00:00,0,86,15
1927972279,2016-05-03 16:00:00,0,86,16
1927972279,2016-05-03 17:00:00,0,86,17
1927972279,2016-05-03 18:00:00,0,86,18
1927972279,2016-05-03 19:00:00,0,86,19
1927972279,2016-05-03 20:00:00,0,86,20
1927972279,2016-05-03 21:00:00,0,86,21
1927972279,2016-05-03 22:00:00,0,86,22
1927972279,2016-05-03 23:00:00,0,86,23
1927972279,2016-05-04 00:00:00,0,86,0
1927972279,2016-05-04 01:00:00,0,86,1
1927972279,2016-05-04 02:00:00,0,86,2
1927972279,2016-05-04 03:00:00,0,86,3
1927972279,2016-05-04 04:00:00,0,86,4
1927972279,2016-05-04 05:00:00,0,86,5
1927972279,2016-05-04 06:00:00,0,86,6
1927972279,2016-05-04 07:00:00,0,86,7
1927972279,2016-05-04 08:00:00,0,86,8
1927972279,2016-05-04 09:00:00,0,86,9
1927972279,2016-05-04 10:00:00,926,193,10
1927972279,2016-05-04 11:00:00,35,97,11
1927972279,2016-05-04 12:00:00,76,101,12
1927972279,2016-05-04 13:00:00,87,106,13
1927972279,2016-05-04 14:00:00,35,96,14
1927972279,2016-05-04 15:00:00,123,109,15
1927972279,2016-05-04 16:00:00,217,122,16
1927972279,2016-05-04 17:00:00,120,108,17
1927972279,2016-05-04 18:00:00,5,90,18
1927972279,2016-05-04 19:00:00,61,99,19
1927972279,2016-05-04 20:00:00,101,101,20
1927972279,2016-05-04 21:00:00,0,86,21
1927972279,2016-05-04 22:00:00,0,86,22
1927972279,2016-05-04 23:00:00,0,86,23
1927972279,2016-05-05 00:00:00,0,86,0
1927972279,2016-05-05 01:00:00,0,86,1
1927972279,2016-05-05 02:00:00,0,86,2
1927972279,2016-05-05 03:00:00,0,86,3
1927972279,2016-05-05 04:00:00,0,86,4
1927972279,2016-05-05 05:00:00,0,86,5
1927972279,2016-05-05 06:00:00,0,86,6
1927972279,2016-05-05 07:00:00,0,86,7
1927972279,2016-05-05 08:00:00,0,86,8
1927972279,2016-05-05 09:00:00,0,86,9
1927972279,2016-05-05 10:00:00,0,86,10
1927972279,2016-05-05 11:00:00,0,86,11
1927972279,2016-05-05 12:00:00,0,86,12
1927972279,2016-05-05 13:00:00,0,86,13
1927972279,2016-05-05 14:00:00,0,86,14
1927972279,2016-05-05 15:00:00,0,86,15
1927972279,2016-05-05 16:00:00,0,86,16
1927972279,2016-05-05 17:00:00,0,86,17
1927972279,2016-05-05 18:00:00,0,86,18
1927972279,2016-05-05 19:00:00,0,86,19
1927972279,2016-05-05 20:00:00,0,86,20
1927972279,2016-05-05 21:00:00,0,86,21
1927972279,2016-05-05 22:00:00,0,86,22
1927972279,2016-05-05 23:00:00,0,86,23
1927972279,2016-05-06 00:00:00,0,86,0
1927972279,2016-05-06 01:00:00,0,86,1
1927972279,2016-05-06 02:00:00,0,86,2
1927972279,2016-05-06 03:00:00,0,86,3
1927972279,2016-05-06 04:00:00,0,86,4
1927972279,2016-05-06 05:00:00,0,86,5
1927972279,2016-05-06 06:00:00,0,86,6
1927972279,2016-05-06 07:00:00,0,86,7
1927972279,2016-05-06 08:00:00,0,86,8
1927972279,2016-05-06 09:00:00,0,86,9
1927972279,2016-05-06 10:00:00,0,86,10
1927972279,2016-05-06 11:00:00,0,86,11
1927972279,2016-05-06 12:00:00,0,86,12
1927972279,2016-05-06 13:00:00,0,86,13
1927972279,2016-05-06 14:00:00,0,86,14
1927972279,2016-05-06 15:00:00,0,86,15
1927972279,2016-05-06 16:00:00,72,98,16
1927972279,2016-05-06 17:00:00,288,133,17
1927972279,2016-05-06 18:00:00,181,131,18
1927972279,2016-05-06 19:00:00,1215,230,19
1927972279,2016-05-06 20:00:00,187,121,20
1927972279,2016-05-06 21:00:00,98,109,21
1927972279,2016-05-06 22:00:00,50,100,22
1927972279,2016-05-06 23:00:00,0,86,23
1927972279,2016-05-07 00:00:00,0,86,0
1927972279,2016-05-07 01:00:00,0,86,1
1927972279,2016-05-07 02:00:00,0,86,2
1927972279,2016-05-07 03:00:00,0,86,3
1927972279,2016-05-07 04:00:00,0,86,4
1927972279,2016-05-07 05:00:00,0,86,5
1927972279,2016-05-07 06:00:00,0,86,6
1927972279,2016-05-07 07:00:00,0,86,7
1927972279,2016-05-07 08:00:00,0,86,8
1927972279,2016-05-07 09:00:00,0,86,9
1927972279,2016-05-07 10:00:00,1061,196,10
1927972279,2016-05-07 11:00:00,449,141,11
1927972279,2016-05-07 12:00:00,0,87,12
1927972279,2016-05-07 13:00:00,0,86,13
1927972279,2016-05-07 14:00:00,0,86,14
1927972279,2016-05-07 15:00:00,0,86,15
1927972279,2016-05-07 16:00:00,0,86,16
1927972279,2016-05-07 17:00:00,0,86,17
1927972279,2016-05-07 18:00:00,0,86,18
1927972279,2016-05-07 19:00:00,0,86,19
1927972279,2016-05-07 20:00:00,0,86,20
1927972279,2016-05-07 21:00:00,0,86,21
1927972279,2016-05-07 22:00:00,0,86,22
1927972279,2016-05-07 23:00:00,0,86,23
1927972279,2016-05-08 00:00:00,0,86,0
1927972279,2016-05-08 01:00:00,0,86,1
1927972279,2016-05-08 02:00:00,0,86,2
1927972279,2016-05-08 03:00:00,0,86,3
1927972279,2016-05-08 04:00:00,0,86,4
1927972279,2016-05-08 05:00:00,0,86,5
1927972279,2016-05-08 06:00:00,0,86,6
1927972279,2016-05-08 07:00:00,0,86,7
1927972279,2016-05-08 08:00:00,0,86,8
1927972279,2016-05-08 09:00:00,0,86,9
1927972279,2016-05-08 10:00:00,0,86,10
1927972279,2016-05-08 11:00:00,0,86,11
1927972279,2016-05-08 12:00:00,0,86,12
1927972279,2016-05-08 13:00:00,0,86,13
1927972279,2016-05-08 14:00:00,0,86,14
1927972279,2016-05-08 15:00:00,0,86,15
1927972279,2016-05-08 16:00:00,0,86,16
1927972279,2016-05-08 17:00:00,0,86,17
1927972279,2016-05-08 18:00:00,0,86,18
1927972279,2016-05-08 19:00:00,0,86,19
1927972279,2016-05-08 20:00:00,0,86,20
1927972279,2016-05-08 21:00:00,0,86,21
1927972279,2016-05-08 22:00:00,0,86,22
1927972279,2016-05-08 23:00:00,0,86,23
1927972279,2016-05-09 00:00:00,0,86,0
1927972279,2016-05-09 01:00:00,0,86,1
1927972279,2016-05-09 02:00:00,0,86,2
1927972279,2016-05-09 03:00:00,0,86,3
1927972279,2016-05-09 04:00:00,0,86,4
1927972279,2016-05-09 05:00:00,0,86,5
1927972279,2016-05-09 06:00:00,0,86,6
1927972279,2016-05-09 07:00:00,0,86,7
1927972279,2016-05-09 08:00:00,0,86,8
1927972279,2016-05-09 09:00:00,0,86,9
1927972279,2016-05-09 10:00:00,0,86,10
1927972279,2016-05-09 11:00:00,0,86,11
1927972279,2016-05-09 12:00:00,0,86,12
1927972279,2016-05-09 13:00:00,0,86,13
1927972279,2016-05-09 14:00:00,0,86,14
1927972279,2016-05-09 15:00:00,0,86,15
1927972279,2016-05-09 16:00:00,0,86,16
1927972279,2016-05-09 17:00:00,0,86,17
1927972279,2016-05-09 18:00:00,0,86,18
1927972279,2016-05-09 19:00:00,0,86,19
1927972279,2016-05-09 20:00:00,0,86,20
1927972279,2016-05-09 21:00:00,0,86,21
1927972279,2016-05-09 22:00:00,0,86,22
1927972279,2016-05-09 23:00:00,0,86,23
1927972279,2016-05-10 00:00:00,0,86,0
1927972279,2016-05-10 01:00:00,0,86,1
1927972279,2016-05-10 02:00:00,0,86,2
1927972279,2016-05-10 03:00:00,0,86,3
1927972279,2016-05-10 04:00:00,0,86,4
1927972279,2016-05-10 05:00:00,0,86,5
1927972279,2016-05-10 06:00:00,0,86,6
1927972279,2016-05-10 07:00:00,0,86,7
1927972279,2016-05-10 08:00:00,0,86,8
1927972279,2016-05-10 09:00:00,0,86,9
1927972279,2016-05-10 10:00:00,0,86,10
1927972279,2016-05-10 11:00:00,0,86,11
1927972279,2016-05-10 12:00:00,0,86,12
1927972279,2016-05-10 13:00:00,0,86,13
1927972279,2016-05-10 14:00:00,0,86,14
1927972279,2016-05-10 15:00:00,0,86,15
1927972279,2016-05-10 16:00:00,0,86,16
1927972279,2016-05-10 17:00:00,0,86,17
1927972279,2016-05-10 18:00:00,0,86,18
1927972279,2016-05-10 19:00:00,0,86,19
1927972279,2016-05-10 20:00:00,0,86,20
1927972279,2016-05-10 21:00:00,0,86,21
1927972279,2016-05-10 22:00:00,0,86,22
1927972279,2016-05-10 23:00:00,0,86,23
1927972279,2016-05-11 00:00:00,0,86,0
1927972279,2016-05-11 01:00:00,0,86,1
1927972279,2016-05-11 02:00:00,0,86,2
1927972279,2016-05-11 03:00:00,0,86,3
1927972279,2016-05-11 04:00:00,0,86,4
1927972279,2016-05-11 05:00:00,0,86,5
1927972279,2016-05-11 06:00:00,0,86,6
1927972279,2016-05-11 07:00:00,0,86,7
1927972279,2016-05-11 08:00:00,0,86,8
1927972279,2016-05-11 09:00:00,0,86,9
1927972279,2016-05-11 10:00:00,0,86,10
1927972279,2016-05-11 11:00:00,0,86,11
1927972279,2016-05-11 12:00:00,0,86,12
1927972279,2016-05-11 13:00:00,0,86,13
1927972279,2016-05-11 14:00:00,0,86,14
1927972279,2016-05-11 15:00:00,0,86,15
1927972279,2016-05-11 16:00:00,0,86,16
1927972279,2016-05-11 17:00:00,0,86,17
1927972279,2016-05-11 18:00:00,0,86,18
1927972279,2016-05-11 19:00:00,0,86,19
1927972279,2016-05-11 20:00:00,0,86,20
1927972279,2016-05-11 21:00:00,0,86,21
1927972279,2016-05-11 22:00:00,0,86,22
1927972279,2016-05-11 23:00:00,0,86,23
1927972279,2016-05-12 00:00:00,0,86,0
1927972279,2016-05-12 01:00:00,0,86,1
1927972279,2016-05-12 02:00:00,0,86,2
1927972279,2016-05-12 03:00:00,0,86,3
1927972279,2016-05-12 04:00:00,0,86,4
1927972279,2016-05-12 05:00:00,0,86,5
1927972279,2016-05-12 06:00:00,0,86,6
1927972279,2016-05-12 07:00:00,0,86,7
1927972279,2016-05-12 08:00:00,0,86,8
1927972279,2016-05-12 09:00:00,0,86,9
1927972279,2016-05-12 10:00:00,0,86,10
1927972279,2016-05-12 11:00:00,0,86,11
1927972279,2016-05-12 12:00:00,0,86,12
1927972279,2016-05-12 13:00:00,0,86,13
1927972279,2016-05-12 14:00:00,0,86,14
1927972279,2016-05-12 15:00:00,0,86,15
2022484408,2016-04-12 00:00:00,0,62,0
2022484408,2016-04-12 01:00:00,0,62,1
2022484408,2016-04-12 02:00:00,0,62,2
2022484408,2016-04-12 03:00:00,0,62,3
2022484408,2016-04-12 04:00:00,0,62,4
2022484408,2016-04-12 05:00:00,0,62,5
2022484408,2016-04-12 06:00:00,0,62,6
2022484408,2016-04-12 07:00:00,847,136,7
2022484408,2016-04-12 08:00:00,334,99,8
2022484408,2016-04-12 09:00:00,243,90,9
2022484408,2016-04-12 10:00:00,5243,369,10
2022484408,2016-04-12 11:00:00,323,99,11
2022484408,2016-04-12 12:00:00,184,86,12
2022484408,2016-04-12 13:00:00,658,124,13
2022484408,2016-04-12 14:00:00,2168,197,14
2022484408,2016-04-12 15:00:00,327,91,15
2022484408,2016-04-12 16:00:00,539,112,16
2022484408,2016-04-12 17:00:00,509,114,17
2022484408,2016-04-12 18:00:00,304,104,18
2022484408,2016-04-12 19:00:00,196,83,19
2022484408,2016-04-12 20:00:00,0,62,20
2022484408,2016-04-12 21:00:00,0,62,21
2022484408,2016-04-12 22:00:00,0,62,22
2022484408,2016-04-12 23:00:00,0,62,23
2022484408,2016-04-13 00:00:00,0,62,0
2022484408,2016-04-13 01:00:00,0,62,1
2022484408,2016-04-13 02:00:00,0,62,2
2022484408,2016-04-13 03:00:00,0,62,3
2022484408,2016-04-13 04:00:00,0,62,4
2022484408,2016-04-13 05:00:00,0,62,5
2022484408,2016-04-13 06:00:00,0,62,6
2022484408,2016-04-13 07:00:00,619,139,7
2022484408,2016-04-13 08:00:00,609,120,8
2022484408,2016-04-13 09:00:00,4453,397,9
2022484408,2016-04-13 10:00:00,198,78,10
2022484408,2016-04-13 11:00:00,399,106,11
2022484408,2016-04-13 12:00:00,687,136,12
2022484408,2016-04-13 13:00:00,247,86,13
2022484408,2016-04-13 14:00:00,1803,203,14
2022484408,2016-04-13 15:00:00,635,117,15
2022484408,2016-04-13 16:00:00,589,115,16
2022484408,2016-04-13 17:00:00,643,128,17
2022484408,2016-04-13 18:00:00,556,156,18
2022484408,2016-04-13 19:00:00,581,134,19
2022484408,2016-04-13 20:00:00,5,64,20
2022484408,2016-04-13 21:00:00,0,62,21
2022484408,2016-04-13 22:00:00,0,62,22
2022484408,2016-04-13 23:00:00,0,62,23
2022484408,2016-04-14 00:00:00,0,62,0
2022484408,2016-04-14 01:00:00,0,62,1
2022484408,2016-04-14 02:00:00,0,62,2
2022484408,2016-04-14 03:00:00,0,62,3
2022484408,2016-04-14 04:00:00,0,62,4
2022484408,2016-04-14 05:00:00,0,62,5
2022484408,2016-04-14 06:00:00,0,62,6
2022484408,2016-04-14 07:00:00,235,89,7
2022484408,2016-04-14 08:00:00,283,92,8
2022484408,2016-04-14 09:00:00,328,101,9
2022484408,2016-04-14 10:00:00,393,104,10
2022484408,2016-04-14 11:00:00,175,88,11
2022484408,2016-04-14 12:00:00,71,81,12
2022484408,2016-04-14 13:00:00,236,100,13
2022484408,2016-04-14 14:00:00,1913,206,14
2022484408,2016-04-14 15:00:00,399,94,15
2022484408,2016-04-14 16:00:00,767,122,16
2022484408,2016-04-14 17:00:00,893,123,17
2022484408,2016-04-14 18:00:00,3833,271,18
2022484408,2016-04-14 19:00:00,852,121,19
2022484408,2016-04-14 20:00:00,312,98,20
2022484408,2016-04-14 21:00:00,0,62,21
2022484408,2016-04-14 22:00:00,0,62,22
2022484408,2016-04-14 23:00:00,0,62,23
2022484408,2016-04-15 00:00:00,0,62,0
2022484408,2016-04-15 01:00:00,0,62,1
2022484408,2016-04-15 02:00:00,0,62,2
2022484408,2016-04-15 03:00:00,0,62,3
2022484408,2016-04-15 04:00:00,0,62,4
2022484408,2016-04-15 05:00:00,0,62,5
2022484408,2016-04-15 06:00:00,0,62,6
2022484408,2016-04-15 07:00:00,531,121,7
2022484408,2016-04-15 08:00:00,728,127,8
2022484408,2016-04-15 09:00:00,3853,397,9
2022484408,2016-04-15 10:00:00,643,129,10
2022484408,2016-04-15 11:00:00,486,122,11
2022484408,2016-04-15 12:00:00,103,79,12
2022484408,2016-04-15 13:00:00,1171,174,13
2022484408,2016-04-15 14:00:00,791,136,14
2022484408,2016-04-15 15:00:00,481,109,15
2022484408,2016-04-15 16:00:00,1233,159,16
2022484408,2016-04-15 17:00:00,582,113,17
2022484408,2016-04-15 18:00:00,227,88,18
2022484408,2016-04-15 19:00:00,205,89,19
2022484408,2016-04-15 20:00:00,0,62,20
2022484408,2016-04-15 21:00:00,0,62,21
2022484408,2016-04-15 22:00:00,0,62,22
2022484408,2016-04-15 23:00:00,0,62,23
2022484408,2016-04-16 00:00:00,0,62,0
2022484408,2016-04-16 01:00:00,0,62,1
2022484408,2016-04-16 02:00:00,0,62,2
2022484408,2016-04-16 03:00:00,0,62,3
2022484408,2016-04-16 04:00:00,0,62,4
2022484408,2016-04-16 05:00:00,0,62,5
2022484408,2016-04-16 06:00:00,0,62,6
2022484408,2016-04-16 07:00:00,126,75,7
2022484408,2016-04-16 08:00:00,904,119,8
2022484408,2016-04-16 09:00:00,4833,337,9
2022484408,2016-04-16 10:00:00,732,123,10
2022484408,2016-04-16 11:00:00,678,115,11
2022484408,2016-04-16 12:00:00,469,108,12
2022484408,2016-04-16 13:00:00,1229,147,13
2022484408,2016-04-16 14:00:00,623,119,14
2022484408,2016-04-16 15:00:00,506,101,15
2022484408,2016-04-16 16:00:00,0,62,16
2022484408,2016-04-16 17:00:00,0,62,17
2022484408,2016-04-16 18:00:00,0,62,18
2022484408,2016-04-16 19:00:00,0,62,19
2022484408,2016-04-16 20:00:00,0,62,20
2022484408,2016-04-16 21:00:00,0,62,21
2022484408,2016-04-16 22:00:00,0,62,22
2022484408,2016-04-16 23:00:00,0,62,23
2022484408,2016-04-17 00:00:00,0,62,0
2022484408,2016-04-17 01:00:00,0,62,1
2022484408,2016-04-17 02:00:00,0,62,2
2022484408,2016-04-17 03:00:00,0,62,3
2022484408,2016-04-17 04:00:00,0,62,4
2022484408,2016-04-17 05:00:00,0,62,5
2022484408,2016-04-17 06:00:00,0,62,6
2022484408,2016-04-17 07:00:00,0,62,7
2022484408,2016-04-17 08:00:00,567,117,8
2022484408,2016-04-17 09:00:00,5317,415,9
2022484408,2016-04-17 10:00:00,1567,258,10
2022484408,2016-04-17 11:00:00,1194,196,11
2022484408,2016-04-17 12:00:00,64,75,12
2022484408,2016-04-17 13:00:00,292,89,13
2022484408,2016-04-17 14:00:00,1404,185,14
2022484408,2016-04-17 15:00:00,1147,145,15
2022484408,2016-04-17 16:00:00,1151,156,16
2022484408,2016-04-17 17:00:00,1351,164,17
2022484408,2016-04-17 18:00:00,644,132,18
2022484408,2016-04-17 19:00:00,247,90,19
2022484408,2016-04-17 20:00:00,167,77,20
2022484408,2016-04-17 21:00:00,0,62,21
2022484408,2016-04-17 22:00:00,0,62,22
2022484408,2016-04-17 23:00:00,0,62,23
2022484408,2016-04-18 00:00:00,0,62,0
2022484408,2016-04-18 01:00:00,0,62,1
2022484408,2016-04-18 02:00:00,0,62,2
2022484408,2016-04-18 03:00:00,0,62,3
2022484408,2016-04-18 04:00:00,0,62,4
2022484408,2016-04-18 05:00:00,0,62,5
2022484408,2016-04-18 06:00:00,69,74,6
2022484408,2016-04-18 07:00:00,1073,190,7
2022484408,2016-04-18 08:00:00,712,137,8
2022484408,2016-04-18 09:00:00,5400,486,9
2022484408,2016-04-18 10:00:00,796,146,10
2022484408,2016-04-18 11:00:00,46,71,11
2022484408,2016-04-18 12:00:00,306,95,12
2022484408,2016-04-18 13:00:00,404,98,13
2022484408,2016-04-18 14:00:00,1706,200,14
2022484408,2016-04-18 15:00:00,658,125,15
2022484408,2016-04-18 16:00:00,570,111,16
2022484408,2016-04-18 17:00:00,849,141,17
2022484408,2016-04-18 18:00:00,899,141,18
2022484408,2016-04-18 19:00:00,567,121,19
2022484408,2016-04-18 20:00:00,76,74,20
2022484408,2016-04-18 21:00:00,0,62,21
2022484408,2016-04-18 22:00:00,0,62,22
2022484408,2016-04-18 23:00:00,0,62,23
2022484408,2016-04-19 00:00:00,0,62,0
2022484408,2016-04-19 01:00:00,0,62,1
2022484408,2016-04-19 02:00:00,0,62,2
2022484408,2016-04-19 03:00:00,0,62,3
2022484408,2016-04-19 04:00:00,0,62,4
2022484408,2016-04-19 05:00:00,0,62,5
2022484408,2016-04-19 06:00:00,0,62,6
2022484408,2016-04-19 07:00:00,0,62,7
2022484408,2016-04-19 08:00:00,0,62,8
2022484408,2016-04-19 09:00:00,671,120,9
2022484408,2016-04-19 10:00:00,466,101,10
2022484408,2016-04-19 11:00:00,621,115,11
2022484408,2016-04-19 12:00:00,479,115,12
2022484408,2016-04-19 13:00:00,794,125,13
2022484408,2016-04-19 14:00:00,1437,198,14
2022484408,2016-04-19 15:00:00,1081,160,15
2022484408,2016-04-19 16:00:00,4709,389,16
2022484408,2016-04-19 17:00:00,459,123,17
2022484408,2016-04-19 18:00:00,548,133,18
2022484408,2016-04-19 19:00:00,283,99,19
2022484408,2016-04-19 20:00:00,0,62,20
2022484408,2016-04-19 21:00:00,0,62,21
2022484408,2016-04-19 22:00:00,0,62,22
2022484408,2016-04-19 23:00:00,0,62,23
2022484408,2016-04-20 00:00:00,0,62,0
2022484408,2016-04-20 01:00:00,0,62,1
2022484408,2016-04-20 02:00:00,0,62,2
2022484408,2016-04-20 03:00:00,0,62,3
2022484408,2016-04-20 04:00:00,0,62,4
2022484408,2016-04-20 05:00:00,0,62,5
2022484408,2016-04-20 06:00:00,129,80,6
2022484408,2016-04-20 07:00:00,661,138,7
2022484408,2016-04-20 08:00:00,1272,151,8
2022484408,2016-04-20 09:00:00,4293,441,9
2022484408,2016-04-20 10:00:00,172,80,10
2022484408,2016-04-20 11:00:00,410,102,11
2022484408,2016-04-20 12:00:00,1314,188,12
2022484408,2016-04-20 13:00:00,664,128,13
2022484408,2016-04-20 14:00:00,1780,238,14
2022484408,2016-04-20 15:00:00,924,154,15
2022484408,2016-04-20 16:00:00,854,138,16
2022484408,2016-04-20 17:00:00,944,144,17
2022484408,2016-04-20 18:00:00,541,134,18
2022484408,2016-04-20 19:00:00,839,122,19
2022484408,2016-04-20 20:00:00,315,100,20
2022484408,2016-04-20 21:00:00,0,62,21
2022484408,2016-04-20 22:00:00,0,62,22
2022484408,2016-04-20 23:00:00,0,62,23
2022484408,2016-04-21 00:00:00,0,62,0
2022484408,2016-04-21 01:00:00,0,62,1
2022484408,2016-04-21 02:00:00,0,62,2
2022484408,2016-04-21 03:00:00,0,62,3
2022484408,2016-04-21 04:00:00,0,62,4
2022484408,2016-04-21 05:00:00,0,62,5
2022484408,2016-04-21 06:00:00,0,62,6
2022484408,2016-04-21 07:00:00,955,160,7
2022484408,2016-04-21 08:00:00,168,88,8
2022484408,2016-04-21 09:00:00,481,111,9
2022484408,2016-04-21 10:00:00,1272,295,10
2022484408,2016-04-21 11:00:00,968,223,11
2022484408,2016-04-21 12:00:00,3571,271,12
2022484408,2016-04-21 13:00:00,13,78,13
2022484408,2016-04-21 14:00:00,1357,239,14
2022484408,2016-04-21 15:00:00,1248,173,15
2022484408,2016-04-21 16:00:00,506,349,16
2022484408,2016-04-21 17:00:00,427,233,17
2022484408,2016-04-21 18:00:00,955,130,18
2022484408,2016-04-21 19:00:00,370,103,19
2022484408,2016-04-21 20:00:00,162,84,20
2022484408,2016-04-21 21:00:00,0,62,21
2022484408,2016-04-21 22:00:00,0,62,22
2022484408,2016-04-21 23:00:00,0,62,23
2022484408,2016-04-22 00:00:00,0,62,0
2022484408,2016-04-22 01:00:00,0,62,1
2022484408,2016-04-22 02:00:00,0,62,2
2022484408,2016-04-22 03:00:00,0,62,3
2022484408,2016-04-22 04:00:00,0,62,4
2022484408,2016-04-22 05:00:00,0,62,5
2022484408,2016-04-22 06:00:00,60,71,6
2022484408,2016-04-22 07:00:00,715,144,7
2022484408,2016-04-22 08:00:00,473,109,8
2022484408,2016-04-22 09:00:00,5596,426,9
2022484408,2016-04-22 10:00:00,1439,183,10
2022484408,2016-04-22 11:00:00,548,122,11
2022484408,2016-04-22 12:00:00,735,135,12
2022484408,2016-04-22 13:00:00,920,156,13
2022484408,2016-04-22 14:00:00,907,159,14
2022484408,2016-04-22 15:00:00,333,104,15
2022484408,2016-04-22 16:00:00,92,78,16
2022484408,2016-04-22 17:00:00,106,79,17
2022484408,2016-04-22 18:00:00,296,99,18
2022484408,2016-04-22 19:00:00,560,128,19
2022484408,2016-04-22 20:00:00,174,86,20
2022484408,2016-04-22 21:00:00,0,62,21
2022484408,2016-04-22 22:00:00,0,62,22
2022484408,2016-04-22 23:00:00,0,62,23
2022484408,2016-04-23 00:00:00,0,62,0
2022484408,2016-04-23 01:00:00,0,62,1
2022484408,2016-04-23 02:00:00,0,62,2
2022484408,2016-04-23 03:00:00,0,62,3
2022484408,2016-04-23 04:00:00,0,62,4
2022484408,2016-04-23 05:00:00,0,62,5
2022484408,2016-04-23 06:00:00,0,62,6
2022484408,2016-04-23 07:00:00,0,62,7
2022484408,2016-04-23 08:00:00,0,62,8
2022484408,2016-04-23 09:00:00,0,62,9
2022484408,2016-04-23 10:00:00,0,62,10
2022484408,2016-04-23 11:00:00,0,62,11
2022484408,2016-04-23 12:00:00,289,90,12
2022484408,2016-04-23 13:00:00,1008,160,13
2022484408,2016-04-23 14:00:00,595,117,14
2022484408,2016-04-23 15:00:00,1232,152,15
2022484408,2016-04-23 16:00:00,729,119,16
2022484408,2016-04-23 17:00:00,459,121,17
2022484408,2016-04-23 18:00:00,618,131,18
2022484408,2016-04-23 19:00:00,483,114,19
2022484408,2016-04-23 20:00:00,267,93,20
2022484408,2016-04-23 21:00:00,139,83,21
2022484408,2016-04-23 22:00:00,182,79,22
2022484408,2016-04-23 23:00:00,0,62,23
2022484408,2016-04-24 00:00:00,0,62,0
2022484408,2016-04-24 01:00:00,0,62,1
2022484408,2016-04-24 02:00:00,0,62,2
2022484408,2016-04-24 03:00:00,0,62,3
2022484408,2016-04-24 04:00:00,0,62,4
2022484408,2016-04-24 05:00:00,0,62,5
2022484408,2016-04-24 06:00:00,0,62,6
2022484408,2016-04-24 07:00:00,0,62,7
2022484408,2016-04-24 08:00:00,3056,259,8
2022484408,2016-04-24 09:00:00,3130,307,9
2022484408,2016-04-24 10:00:00,496,111,10
2022484408,2016-04-24 11:00:00,708,127,11
2022484408,2016-04-24 12:00:00,699,119,12
2022484408,2016-04-24 13:00:00,1305,167,13
2022484408,2016-04-24 14:00:00,519,104,14
2022484408,2016-04-24 15:00:00,1963,188,15
2022484408,2016-04-24 16:00:00,85,70,16
2022484408,2016-04-24 17:00:00,573,117,17
2022484408,2016-04-24 18:00:00,947,150,18
2022484408,2016-04-24 19:00:00,0,63,19
2022484408,2016-04-24 20:00:00,0,62,20
2022484408,2016-04-24 21:00:00,0,62,21
2022484408,2016-04-24 22:00:00,0,62,22
2022484408,2016-04-24 23:00:00,0,62,23
2022484408,2016-04-25 00:00:00,0,62,0
2022484408,2016-04-25 01:00:00,0,62,1
2022484408,2016-04-25 02:00:00,0,62,2
2022484408,2016-04-25 03:00:00,0,62,3
2022484408,2016-04-25 04:00:00,0,62,4
2022484408,2016-04-25 05:00:00,0,62,5
2022484408,2016-04-25 06:00:00,0,62,6
2022484408,2016-04-25 07:00:00,718,123,7
2022484408,2016-04-25 08:00:00,380,105,8
2022484408,2016-04-25 09:00:00,5257,484,9
2022484408,2016-04-25 10:00:00,289,87,10
2022484408,2016-04-25 11:00:00,0,62,11
2022484408,2016-04-25 12:00:00,0,62,12
2022484408,2016-04-25 13:00:00,157,78,13
2022484408,2016-04-25 14:00:00,1507,184,14
2022484408,2016-04-25 15:00:00,281,95,15
2022484408,2016-04-25 16:00:00,696,120,16
2022484408,2016-04-25 17:00:00,645,113,17
2022484408,2016-04-25 18:00:00,250,100,18
2022484408,2016-04-25 19:00:00,1122,161,19
2022484408,2016-04-25 20:00:00,67,72,20
2022484408,2016-04-25 21:00:00,0,62,21
2022484408,2016-04-25 22:00:00,0,62,22
2022484408,2016-04-25 23:00:00,0,62,23
2022484408,2016-04-26 00:00:00,0,62,0
2022484408,2016-04-26 01:00:00,0,62,1
2022484408,2016-04-26 02:00:00,0,62,2
2022484408,2016-04-26 03:00:00,0,62,3
2022484408,2016-04-26 04:00:00,0,62,4
2022484408,2016-04-26 05:00:00,0,62,5
2022484408,2016-04-26 06:00:00,0,62,6
2022484408,2016-04-26 07:00:00,908,135,7
2022484408,2016-04-26 08:00:00,67,75,8
2022484408,2016-04-26 09:00:00,977,154,9
2022484408,2016-04-26 10:00:00,1967,448,10
2022484408,2016-04-26 11:00:00,1005,243,11
2022484408,2016-04-26 12:00:00,1040,181,12
2022484408,2016-04-26 13:00:00,31,75,13
2022484408,2016-04-26 14:00:00,965,154,14
2022484408,2016-04-26 15:00:00,1112,174,15
2022484408,2016-04-26 16:00:00,675,125,16
2022484408,2016-04-26 17:00:00,531,116,17
2022484408,2016-04-26 18:00:00,357,110,18
2022484408,2016-04-26 19:00:00,425,108,19
2022484408,2016-04-26 20:00:00,59,72,20
2022484408,2016-04-26 21:00:00,0,62,21
2022484408,2016-04-26 22:00:00,0,62,22
2022484408,2016-04-26 23:00:00,0,62,23
2022484408,2016-04-27 00:00:00,0,62,0
2022484408,2016-04-27 01:00:00,0,62,1
2022484408,2016-04-27 02:00:00,0,62,2
2022484408,2016-04-27 03:00:00,0,62,3
2022484408,2016-04-27 04:00:00,0,62,4
2022484408,2016-04-27 05:00:00,0,62,5
2022484408,2016-04-27 06:00:00,0,62,6
2022484408,2016-04-27 07:00:00,0,62,7
2022484408,2016-04-27 08:00:00,0,62,8
2022484408,2016-04-27 09:00:00,1388,225,9
2022484408,2016-04-27 10:00:00,967,188,10
2022484408,2016-04-27 11:00:00,149,86,11
2022484408,2016-04-27 12:00:00,973,141,12
2022484408,2016-04-27 13:00:00,1313,167,13
2022484408,2016-04-27 14:00:00,688,172,14
2022484408,2016-04-27 15:00:00,303,92,15
2022484408,2016-04-27 16:00:00,702,121,16
2022484408,2016-04-27 17:00:00,600,110,17
2022484408,2016-04-27 18:00:00,2917,249,18
2022484408,2016-04-27 19:00:00,159,101,19
2022484408,2016-04-27 20:00:00,0,62,20
2022484408,2016-04-27 21:00:00,0,62,21
2022484408,2016-04-27 22:00:00,0,62,22
2022484408,2016-04-27 23:00:00,0,62,23
2022484408,2016-04-28 00:00:00,0,62,0
2022484408,2016-04-28 01:00:00,0,62,1
2022484408,2016-04-28 02:00:00,0,62,2
2022484408,2016-04-28 03:00:00,0,62,3
2022484408,2016-04-28 04:00:00,0,62,4
2022484408,2016-04-28 05:00:00,0,62,5
2022484408,2016-04-28 06:00:00,0,62,6
2022484408,2016-04-28 07:00:00,368,92,7
2022484408,2016-04-28 08:00:00,912,156,8
2022484408,2016-04-28 09:00:00,787,127,9
2022484408,2016-04-28 10:00:00,1567,165,10
2022484408,2016-04-28 11:00:00,858,132,11
2022484408,2016-04-28 12:00:00,2735,217,12
2022484408,2016-04-28 13:00:00,197,79,13
2022484408,2016-04-28 14:00:00,1198,153,14
2022484408,2016-04-28 15:00:00,101,76,15
2022484408,2016-04-28 16:00:00,487,112,16
2022484408,2016-04-28 17:00:00,516,113,17
2022484408,2016-04-28 18:00:00,166,88,18
2022484408,2016-04-28 19:00:00,64,76,19
2022484408,2016-04-28 20:00:00,184,89,20
2022484408,2016-04-28 21:00:00,0,62,21
2022484408,2016-04-28 22:00:00,0,62,22
2022484408,2016-04-28 23:00:00,0,62,23
2022484408,2016-04-29 00:00:00,0,62,0
2022484408,2016-04-29 01:00:00,0,62,1
2022484408,2016-04-29 02:00:00,0,62,2
2022484408,2016-04-29 03:00:00,0,62,3
2022484408,2016-04-29 04:00:00,0,62,4
2022484408,2016-04-29 05:00:00,0,62,5
2022484408,2016-04-29 06:00:00,0,62,6
2022484408,2016-04-29 07:00:00,0,62,7
2022484408,2016-04-29 08:00:00,662,113,8
2022484408,2016-04-29 09:00:00,1457,318,9
2022484408,2016-04-29 10:00:00,1012,177,10
2022484408,2016-04-29 11:00:00,1452,171,11
2022484408,2016-04-29 12:00:00,530,126,12
2022484408,2016-04-29 13:00:00,1163,181,13
2022484408,2016-04-29 14:00:00,1655,231,14
2022484408,2016-04-29 15:00:00,175,96,15
2022484408,2016-04-29 16:00:00,1035,129,16
2022484408,2016-04-29 17:00:00,437,108,17
2022484408,2016-04-29 18:00:00,315,101,18
2022484408,2016-04-29 19:00:00,352,113,19
2022484408,2016-04-29 20:00:00,0,62,20
2022484408,2016-04-29 21:00:00,0,62,21
2022484408,2016-04-29 22:00:00,0,62,22
2022484408,2016-04-29 23:00:00,0,62,23
2022484408,2016-04-30 00:00:00,0,62,0
2022484408,2016-04-30 01:00:00,0,62,1
2022484408,2016-04-30 02:00:00,0,62,2
2022484408,2016-04-30 03:00:00,0,62,3
2022484408,2016-04-30 04:00:00,0,62,4
2022484408,2016-04-30 05:00:00,0,62,5
2022484408,2016-04-30 06:00:00,437,93,6
2022484408,2016-04-30 07:00:00,347,97,7
2022484408,2016-04-30 08:00:00,52,73,8
2022484408,2016-04-30 09:00:00,127,85,9
2022484408,2016-04-30 10:00:00,2094,197,10
2022484408,2016-04-30 11:00:00,1112,138,11
2022484408,2016-04-30 12:00:00,1372,157,12
2022484408,2016-04-30 13:00:00,2418,216,13
2022484408,2016-04-30 14:00:00,1564,179,14
2022484408,2016-04-30 15:00:00,2742,222,15
2022484408,2016-04-30 16:00:00,3286,252,16
2022484408,2016-04-30 17:00:00,1288,154,17
2022484408,2016-04-30 18:00:00,869,128,18
2022484408,2016-04-30 19:00:00,577,110,19
2022484408,2016-04-30 20:00:00,102,70,20
2022484408,2016-04-30 21:00:00,0,62,21
2022484408,2016-04-30 22:00:00,0,62,22
2022484408,2016-04-30 23:00:00,0,62,23
2022484408,2016-05-01 00:00:00,0,62,0
2022484408,2016-05-01 01:00:00,0,62,1
2022484408,2016-05-01 02:00:00,0,62,2
2022484408,2016-05-01 03:00:00,0,62,3
2022484408,2016-05-01 04:00:00,0,62,4
2022484408,2016-05-01 05:00:00,0,62,5
2022484408,2016-05-01 06:00:00,660,114,6
2022484408,2016-05-01 07:00:00,360,97,7
2022484408,2016-05-01 08:00:00,28,70,8
2022484408,2016-05-01 09:00:00,305,87,9
2022484408,2016-05-01 10:00:00,3757,292,10
2022484408,2016-05-01 11:00:00,716,109,11
2022484408,2016-05-01 12:00:00,132,79,12
2022484408,2016-05-01 13:00:00,61,68,13
2022484408,2016-05-01 14:00:00,314,91,14
2022484408,2016-05-01 15:00:00,882,142,15
2022484408,2016-05-01 16:00:00,555,119,16
2022484408,2016-05-01 17:00:00,1088,158,17
2022484408,2016-05-01 18:00:00,866,146,18
2022484408,2016-05-01 19:00:00,814,185,19
2022484408,2016-05-01 20:00:00,0,62,20
2022484408,2016-05-01 21:00:00,0,62,21
2022484408,2016-05-01 22:00:00,0,62,22
2022484408,2016-05-01 23:00:00,0,62,23
2022484408,2016-05-02 00:00:00,0,62,0
2022484408,2016-05-02 01:00:00,0,62,1
2022484408,2016-05-02 02:00:00,0,62,2
2022484408,2016-05-02 03:00:00,0,62,3
2022484408,2016-05-02 04:00:00,0,62,4
2022484408,2016-05-02 05:00:00,0,62,5
2022484408,2016-05-02 06:00:00,0,62,6
2022484408,2016-05-02 07:00:00,590,114,7
2022484408,2016-05-02 08:00:00,385,104,8
2022484408,2016-05-02 09:00:00,1116,183,9
2022484408,2016-05-02 10:00:00,737,166,10
2022484408,2016-05-02 11:00:00,153,78,11
2022484408,2016-05-02 12:00:00,805,146,12
2022484408,2016-05-02 13:00:00,610,143,13
2022484408,2016-05-02 14:00:00,4178,312,14
2022484408,2016-05-02 15:00:00,255,92,15
2022484408,2016-05-02 16:00:00,864,137,16
2022484408,2016-05-02 17:00:00,182,108,17
2022484408,2016-05-02 18:00:00,271,113,18
2022484408,2016-05-02 19:00:00,233,94,19
2022484408,2016-05-02 20:00:00,0,62,20
2022484408,2016-05-02 21:00:00,0,62,21
2022484408,2016-05-02 22:00:00,0,62,22
2022484408,2016-05-02 23:00:00,0,62,23
2022484408,2016-05-03 00:00:00,0,62,0
2022484408,2016-05-03 01:00:00,0,62,1
2022484408,2016-05-03 02:00:00,0,62,2
2022484408,2016-05-03 03:00:00,0,62,3
2022484408,2016-05-03 04:00:00,0,62,4
2022484408,2016-05-03 05:00:00,0,62,5
2022484408,2016-05-03 06:00:00,0,62,6
2022484408,2016-05-03 07:00:00,218,91,7
2022484408,2016-05-03 08:00:00,442,129,8
2022484408,2016-05-03 09:00:00,412,101,9
2022484408,2016-05-03 10:00:00,2451,388,10
2022484408,2016-05-03 11:00:00,526,134,11
2022484408,2016-05-03 12:00:00,287,101,12
2022484408,2016-05-03 13:00:00,337,106,13
2022484408,2016-05-03 14:00:00,2179,227,14
2022484408,2016-05-03 15:00:00,495,126,15
2022484408,2016-05-03 16:00:00,3398,295,16
2022484408,2016-05-03 17:00:00,557,126,17
2022484408,2016-05-03 18:00:00,105,86,18
2022484408,2016-05-03 19:00:00,211,96,19
2022484408,2016-05-03 20:00:00,497,114,20
2022484408,2016-05-03 21:00:00,68,72,21
2022484408,2016-05-03 22:00:00,0,62,22
2022484408,2016-05-03 23:00:00,0,62,23
2022484408,2016-05-04 00:00:00,0,62,0
2022484408,2016-05-04 01:00:00,0,62,1
2022484408,2016-05-04 02:00:00,0,62,2
2022484408,2016-05-04 03:00:00,0,62,3
2022484408,2016-05-04 04:00:00,0,62,4
2022484408,2016-05-04 05:00:00,0,62,5
2022484408,2016-05-04 06:00:00,112,74,6
2022484408,2016-05-04 07:00:00,719,135,7
2022484408,2016-05-04 08:00:00,385,104,8
2022484408,2016-05-04 09:00:00,1634,231,9
2022484408,2016-05-04 10:00:00,944,233,10
2022484408,2016-05-04 11:00:00,602,134,11
2022484408,2016-05-04 12:00:00,499,120,12
2022484408,2016-05-04 13:00:00,683,122,13
2022484408,2016-05-04 14:00:00,3647,311,14
2022484408,2016-05-04 15:00:00,175,89,15
2022484408,2016-05-04 16:00:00,701,135,16
2022484408,2016-05-04 17:00:00,214,86,17
2022484408,2016-05-04 18:00:00,698,115,18
2022484408,2016-05-04 19:00:00,630,121,19
2022484408,2016-05-04 20:00:00,125,79,20
2022484408,2016-05-04 21:00:00,0,62,21
2022484408,2016-05-04 22:00:00,0,62,22
2022484408,2016-05-04 23:00:00,0,62,23
2022484408,2016-05-05 00:00:00,0,62,0
2022484408,2016-05-05 01:00:00,0,62,1
2022484408,2016-05-05 02:00:00,0,62,2
2022484408,2016-05-05 03:00:00,0,62,3
2022484408,2016-05-05 04:00:00,0,62,4
2022484408,2016-05-05 05:00:00,0,62,5
2022484408,2016-05-05 06:00:00,0,62,6
2022484408,2016-05-05 07:00:00,0,62,7
2022484408,2016-05-05 08:00:00,309,101,8
2022484408,2016-05-05 09:00:00,2327,217,9
2022484408,2016-05-05 10:00:00,1305,326,10
2022484408,2016-05-05 11:00:00,666,133,11
2022484408,2016-05-05 12:00:00,255,94,12
2022484408,2016-05-05 13:00:00,190,82,13
2022484408,2016-05-05 14:00:00,1723,194,14
2022484408,2016-05-05 15:00:00,2384,214,15
2022484408,2016-05-05 16:00:00,1175,150,16
2022484408,2016-05-05 17:00:00,414,110,17
2022484408,2016-05-05 18:00:00,375,106,18
2022484408,2016-05-05 19:00:00,322,92,19
2022484408,2016-05-05 20:00:00,450,105,20
2022484408,2016-05-05 21:00:00,0,62,21
2022484408,2016-05-05 22:00:00,0,62,22
2022484408,2016-05-05 23:00:00,0,62,23
2022484408,2016-05-06 00:00:00,0,62,0
2022484408,2016-05-06 01:00:00,0,62,1
2022484408,2016-05-06 02:00:00,0,62,2
2022484408,2016-05-06 03:00:00,0,62,3
2022484408,2016-05-06 04:00:00,0,62,4
2022484408,2016-05-06 05:00:00,0,62,5
2022484408,2016-05-06 06:00:00,0,62,6
2022484408,2016-05-06 07:00:00,0,62,7
2022484408,2016-05-06 08:00:00,0,62,8
2022484408,2016-05-06 09:00:00,809,154,9
2022484408,2016-05-06 10:00:00,1107,181,10
2022484408,2016-05-06 11:00:00,1025,180,11
2022484408,2016-05-06 12:00:00,226,94,12
2022484408,2016-05-06 13:00:00,455,123,13
2022484408,2016-05-06 14:00:00,4084,289,14
2022484408,2016-05-06 15:00:00,487,120,15
2022484408,2016-05-06 16:00:00,445,111,16
2022484408,2016-05-06 17:00:00,374,100,17
2022484408,2016-05-06 18:00:00,355,110,18
2022484408,2016-05-06 19:00:00,271,105,19
2022484408,2016-05-06 20:00:00,164,90,20
2022484408,2016-05-06 21:00:00,425,158,21
2022484408,2016-05-06 22:00:00,0,62,22
2022484408,2016-05-06 23:00:00,0,62,23
2022484408,2016-05-07 00:00:00,0,62,0
2022484408,2016-05-07 01:00:00,0,62,1
2022484408,2016-05-07 02:00:00,0,62,2
2022484408,2016-05-07 03:00:00,0,62,3
2022484408,2016-05-07 04:00:00,0,62,4
2022484408,2016-05-07 05:00:00,0,62,5
2022484408,2016-05-07 06:00:00,0,62,6
2022484408,2016-05-07 07:00:00,0,62,7
2022484408,2016-05-07 08:00:00,7,64,8
2022484408,2016-05-07 09:00:00,1132,140,9
2022484408,2016-05-07 10:00:00,2617,219,10
2022484408,2016-05-07 11:00:00,873,141,11
2022484408,2016-05-07 12:00:00,412,107,12
2022484408,2016-05-07 13:00:00,545,111,13
2022484408,2016-05-07 14:00:00,0,62,14
2022484408,2016-05-07 15:00:00,0,62,15
2022484408,2016-05-07 16:00:00,0,62,16
2022484408,2016-05-07 17:00:00,0,62,17
2022484408,2016-05-07 18:00:00,0,62,18
2022484408,2016-05-07 19:00:00,740,122,19
2022484408,2016-05-07 20:00:00,382,96,20
2022484408,2016-05-07 21:00:00,0,62,21
2022484408,2016-05-07 22:00:00,0,62,22
2022484408,2016-05-07 23:00:00,0,62,23
2022484408,2016-05-08 00:00:00,0,62,0
2022484408,2016-05-08 01:00:00,0,62,1
2022484408,2016-05-08 02:00:00,0,62,2
2022484408,2016-05-08 03:00:00,0,62,3
2022484408,2016-05-08 04:00:00,0,62,4
2022484408,2016-05-08 05:00:00,0,62,5
2022484408,2016-05-08 06:00:00,0,62,6
2022484408,2016-05-08 07:00:00,0,62,7
2022484408,2016-05-08 08:00:00,14,91,8
2022484408,2016-05-08 09:00:00,187,88,9
2022484408,2016-05-08 10:00:00,729,129,10
2022484408,2016-05-08 11:00:00,1127,150,11
2022484408,2016-05-08 12:00:00,584,130,12
2022484408,2016-05-08 13:00:00,457,104,13
2022484408,2016-05-08 14:00:00,194,96,14
2022484408,2016-05-08 15:00:00,0,62,15
2022484408,2016-05-08 16:00:00,0,62,16
2022484408,2016-05-08 17:00:00,0,62,17
2022484408,2016-05-08 18:00:00,0,62,18
2022484408,2016-05-08 19:00:00,0,62,19
2022484408,2016-05-08 20:00:00,0,62,20
2022484408,2016-05-08 21:00:00,0,62,21
2022484408,2016-05-08 22:00:00,0,62,22
2022484408,2016-05-08 23:00:00,0,62,23
2022484408,2016-05-09 00:00:00,0,62,0
2022484408,2016-05-09 01:00:00,0,62,1
2022484408,2016-05-09 02:00:00,0,62,2
2022484408,2016-05-09 03:00:00,0,62,3
2022484408,2016-05-09 04:00:00,0,62,4
2022484408,2016-05-09 05:00:00,0,62,5
2022484408,2016-05-09 06:00:00,250,95,6
2022484408,2016-05-09 07:00:00,661,134,7
2022484408,2016-05-09 08:00:00,1225,140,8
2022484408,2016-05-09 09:00:00,1516,202,9
2022484408,2016-05-09 10:00:00,2174,288,10
2022484408,2016-05-09 11:00:00,164,83,11
2022484408,2016-05-09 12:00:00,325,110,12
2022484408,2016-05-09 13:00:00,165,82,13
2022484408,2016-05-09 14:00:00,3804,294,14
2022484408,2016-05-09 15:00:00,946,190,15
2022484408,2016-05-09 16:00:00,595,127,16
2022484408,2016-05-09 17:00:00,564,108,17
2022484408,2016-05-09 18:00:00,436,117,18
2022484408,2016-05-09 19:00:00,343,103,19
2022484408,2016-05-09 20:00:00,211,78,20
2022484408,2016-05-09 21:00:00,0,62,21
2022484408,2016-05-09 22:00:00,0,62,22
2022484408,2016-05-09 23:00:00,0,62,23
2022484408,2016-05-10 00:00:00,0,62,0
2022484408,2016-05-10 01:00:00,0,62,1
2022484408,2016-05-10 02:00:00,0,62,2
2022484408,2016-05-10 03:00:00,0,62,3
2022484408,2016-05-10 04:00:00,0,62,4
2022484408,2016-05-10 05:00:00,0,62,5
2022484408,2016-05-10 06:00:00,0,62,6
2022484408,2016-05-10 07:00:00,0,62,7
2022484408,2016-05-10 08:00:00,163,82,8
2022484408,2016-05-10 09:00:00,522,112,9
2022484408,2016-05-10 10:00:00,1910,361,10
2022484408,2016-05-10 11:00:00,1536,275,11
2022484408,2016-05-10 12:00:00,589,116,12
2022484408,2016-05-10 13:00:00,1164,176,13
2022484408,2016-05-10 14:00:00,3553,273,14
2022484408,2016-05-10 15:00:00,699,130,15
2022484408,2016-05-10 16:00:00,386,102,16
2022484408,2016-05-10 17:00:00,1264,176,17
2022484408,2016-05-10 18:00:00,424,115,18
2022484408,2016-05-10 19:00:00,588,131,19
2022484408,2016-05-10 20:00:00,0,64,20
2022484408,2016-05-10 21:00:00,0,62,21
2022484408,2016-05-10 22:00:00,0,62,22
2022484408,2016-05-10 23:00:00,0,62,23
2022484408,2016-05-11 00:00:00,0,62,0
2022484408,2016-05-11 01:00:00,0,62,1
2022484408,2016-05-11 02:00:00,0,62,2
2022484408,2016-05-11 03:00:00,0,62,3
2022484408,2016-05-11 04:00:00,0,62,4
2022484408,2016-05-11 05:00:00,0,62,5
2022484408,2016-05-11 06:00:00,0,62,6
2022484408,2016-05-11 07:00:00,0,62,7
2022484408,2016-05-11 08:00:00,0,62,8
2022484408,2016-05-11 09:00:00,38,67,9
2022484408,2016-05-11 10:00:00,329,100,10
2022484408,2016-05-11 11:00:00,4838,367,11
2022484408,2016-05-11 12:00:00,607,123,12
2022484408,2016-05-11 13:00:00,225,83,13
2022484408,2016-05-11 14:00:00,3294,274,14
2022484408,2016-05-11 15:00:00,698,141,15
2022484408,2016-05-11 16:00:00,1116,161,16
2022484408,2016-05-11 17:00:00,1045,185,17
2022484408,2016-05-11 18:00:00,673,124,18
2022484408,2016-05-11 19:00:00,409,111,19
2022484408,2016-05-11 20:00:00,0,62,20
2022484408,2016-05-11 21:00:00,0,62,21
2022484408,2016-05-11 22:00:00,0,62,22
2022484408,2016-05-11 23:00:00,0,62,23
2022484408,2016-05-12 00:00:00,0,62,0
2022484408,2016-05-12 01:00:00,0,62,1
2022484408,2016-05-12 02:00:00,0,62,2
2022484408,2016-05-12 03:00:00,0,62,3
2022484408,2016-05-12 04:00:00,0,62,4
2022484408,2016-05-12 05:00:00,0,62,5
2022484408,2016-05-12 06:00:00,0,62,6
2022484408,2016-05-12 07:00:00,490,113,7
2022484408,2016-05-12 08:00:00,418,102,8
2022484408,2016-05-12 09:00:00,812,181,9
2022484408,2016-05-12 10:00:00,2689,246,10
2022484408,2016-05-12 11:00:00,378,104,11
2022484408,2016-05-12 12:00:00,507,111,12
2022484408,2016-05-12 13:00:00,997,152,13
2022484408,2016-05-12 14:00:00,1383,178,14
2022484408,2016-05-12 15:00:00,665,129,15
2026352035,2016-04-12 00:00:00,29,48,0
2026352035,2016-04-12 01:00:00,0,47,1
2026352035,2016-04-12 02:00:00,0,47,2
2026352035,2016-04-12 03:00:00,0,47,3
2026352035,2016-04-12 04:00:00,0,47,4
2026352035,2016-04-12 05:00:00,0,47,5
2026352035,2016-04-12 06:00:00,319,78,6
2026352035,2016-04-12 07:00:00,225,69,7
2026352035,2016-04-12 08:00:00,154,60,8
2026352035,2016-04-12 09:00:00,230,68,9
2026352035,2016-04-12 10:00:00,73,60,10
2026352035,2016-04-12 11:00:00,1174,113,11
2026352035,2016-04-12 12:00:00,977,94,12
2026352035,2016-04-12 13:00:00,38,54,13
2026352035,2016-04-12 14:00:00,27,52,14
2026352035,2016-04-12 15:00:00,231,67,15
2026352035,2016-04-12 16:00:00,20,52,16
2026352035,2016-04-12 17:00:00,288,69,17
2026352035,2016-04-12 18:00:00,242,71,18
2026352035,2016-04-12 19:00:00,144,60,19
2026352035,2016-04-12 20:00:00,237,68,20
2026352035,2016-04-12 21:00:00,0,47,21
2026352035,2016-04-12 22:00:00,0,47,22
2026352035,2016-04-12 23:00:00,6,48,23
2026352035,2016-04-13 00:00:00,0,47,0
2026352035,2016-04-13 01:00:00,12,48,1
2026352035,2016-04-13 02:00:00,0,47,2
2026352035,2016-04-13 03:00:00,6,48,3
2026352035,2016-04-13 04:00:00,0,47,4
2026352035,2016-04-13 05:00:00,8,48,5
2026352035,2016-04-13 06:00:00,355,73,6
2026352035,2016-04-13 07:00:00,319,76,7
2026352035,2016-04-13 08:00:00,160,66,8
2026352035,2016-04-13 09:00:00,302,72,9
2026352035,2016-04-13 10:00:00,14,53,10
2026352035,2016-04-13 11:00:00,178,65,11
2026352035,2016-04-13 12:00:00,185,64,12
2026352035,2016-04-13 13:00:00,93,59,13
2026352035,2016-04-13 14:00:00,125,62,14
2026352035,2016-04-13 15:00:00,861,98,15
2026352035,2016-04-13 16:00:00,531,83,16
2026352035,2016-04-13 17:00:00,585,80,17
2026352035,2016-04-13 18:00:00,48,57,18
2026352035,2016-04-13 19:00:00,507,79,19
2026352035,2016-04-13 20:00:00,431,90,20
2026352035,2016-04-13 21:00:00,247,64,21
2026352035,2016-04-13 22:00:00,26,50,22
2026352035,2016-04-13 23:00:00,0,47,23
2026352035,2016-04-14 00:00:00,0,47,0
2026352035,2016-04-14 01:00:00,0,47,1
2026352035,2016-04-14 02:00:00,0,47,2
2026352035,2016-04-14 03:00:00,0,47,3
2026352035,2016-04-14 04:00:00,0,47,4
2026352035,2016-04-14 05:00:00,0,47,5
2026352035,2016-04-14 06:00:00,290,63,6
2026352035,2016-04-14 07:00:00,717,98,7
2026352035,2016-04-14 08:00:00,268,79,8
2026352035,2016-04-14 09:00:00,48,55,9
2026352035,2016-04-14 10:00:00,36,55,10
2026352035,2016-04-14 11:00:00,135,60,11
2026352035,2016-04-14 12:00:00,106,61,12
2026352035,2016-04-14 13:00:00,74,60,13
2026352035,2016-04-14 14:00:00,235,67,14
2026352035,2016-04-14 15:00:00,91,59,15
2026352035,2016-04-14 16:00:00,104,60,16
2026352035,2016-04-14 17:00:00,426,79,17
2026352035,2016-04-14 18:00:00,282,76,18
2026352035,2016-04-14 19:00:00,227,68,19
2026352035,2016-04-14 20:00:00,236,67,20
2026352035,2016-04-14 21:00:00,4,48,21
2026352035,2016-04-14 22:00:00,26,51,22
2026352035,2016-04-14 23:00:00,0,47,23
2026352035,2016-04-15 00:00:00,5,48,0
2026352035,2016-04-15 01:00:00,0,47,1
2026352035,2016-04-15 02:00:00,0,47,2
2026352035,2016-04-15 03:00:00,43,51,3
2026352035,2016-04-15 04:00:00,8,48,4
2026352035,2016-04-15 05:00:00,0,47,5
2026352035,2016-04-15 06:00:00,529,82,6
2026352035,2016-04-15 07:00:00,272,67,7
2026352035,2016-04-15 08:00:00,173,65,8
2026352035,2016-04-15 09:00:00,95,59,9
2026352035,2016-04-15 10:00:00,291,68,10
2026352035,2016-04-15 11:00:00,40,54,11
2026352035,2016-04-15 12:00:00,146,61,12
2026352035,2016-04-15 13:00:00,50,56,13
2026352035,2016-04-15 14:00:00,250,67,14
2026352035,2016-04-15 15:00:00,758,89,15
2026352035,2016-04-15 16:00:00,142,62,16
2026352035,2016-04-15 17:00:00,218,71,17
2026352035,2016-04-15 18:00:00,351,76,18
2026352035,2016-04-15 19:00:00,153,63,19
2026352035,2016-04-15 20:00:00,246,69,20
2026352035,2016-04-15 21:00:00,34,50,21
2026352035,2016-04-15 22:00:00,12,50,22
2026352035,2016-04-15 23:00:00,5,48,23
2026352035,2016-04-16 00:00:00,0,47,0
2026352035,2016-04-16 01:00:00,20,49,1
2026352035,2016-04-16 02:00:00,7,48,2
2026352035,2016-04-16 03:00:00,0,47,3
2026352035,2016-04-16 04:00:00,23,48,4
2026352035,2016-04-16 05:00:00,0,47,5
2026352035,2016-04-16 06:00:00,499,77,6
2026352035,2016-04-16 07:00:00,90,61,7
2026352035,2016-04-16 08:00:00,184,68,8
2026352035,2016-04-16 09:00:00,235,65,9
2026352035,2016-04-16 10:00:00,60,58,10
2026352035,2016-04-16 11:00:00,47,55,11
2026352035,2016-04-16 12:00:00,128,57,12
2026352035,2016-04-16 13:00:00,60,56,13
2026352035,2016-04-16 14:00:00,224,68,14
2026352035,2016-04-16 15:00:00,19,52,15
2026352035,2016-04-16 16:00:00,131,57,16
2026352035,2016-04-16 17:00:00,271,74,17
2026352035,2016-04-16 18:00:00,82,62,18
2026352035,2016-04-16 19:00:00,181,62,19
2026352035,2016-04-16 20:00:00,175,62,20
2026352035,2016-04-16 21:00:00,56,53,21
2026352035,2016-04-16 22:00:00,45,53,22
2026352035,2016-04-16 23:00:00,10,49,23
2026352035,2016-04-17 00:00:00,0,47,0
2026352035,2016-04-17 01:00:00,0,47,1
2026352035,2016-04-17 02:00:00,0,47,2
2026352035,2016-04-17 03:00:00,0,47,3
2026352035,2016-04-17 04:00:00,0,47,4
2026352035,2016-04-17 05:00:00,36,50,5
2026352035,2016-04-17 06:00:00,214,69,6
2026352035,2016-04-17 07:00:00,116,63,7
2026352035,2016-04-17 08:00:00,130,61,8
2026352035,2016-04-17 09:00:00,119,61,9
2026352035,2016-04-17 10:00:00,72,54,10
2026352035,2016-04-17 11:00:00,144,62,11
2026352035,2016-04-17 12:00:00,7,49,12
2026352035,2016-04-17 13:00:00,0,47,13
2026352035,2016-04-17 14:00:00,0,47,14
2026352035,2016-04-17 15:00:00,0,47,15
2026352035,2016-04-17 16:00:00,0,47,16
2026352035,2016-04-17 17:00:00,0,47,17
2026352035,2016-04-17 18:00:00,0,47,18
2026352035,2016-04-17 19:00:00,0,47,19
2026352035,2016-04-17 20:00:00,0,47,20
2026352035,2016-04-17 21:00:00,0,47,21
2026352035,2016-04-17 22:00:00,0,47,22
2026352035,2016-04-17 23:00:00,0,47,23
2026352035,2016-04-18 00:00:00,0,47,0
2026352035,2016-04-18 01:00:00,0,47,1
2026352035,2016-04-18 02:00:00,0,47,2
2026352035,2016-04-18 03:00:00,0,47,3
2026352035,2016-04-18 04:00:00,0,47,4
2026352035,2016-04-18 05:00:00,0,47,5
2026352035,2016-04-18 06:00:00,404,74,6
2026352035,2016-04-18 07:00:00,109,60,7
2026352035,2016-04-18 08:00:00,29,53,8
2026352035,2016-04-18 09:00:00,41,56,9
2026352035,2016-04-18 10:00:00,569,82,10
2026352035,2016-04-18 11:00:00,96,60,11
2026352035,2016-04-18 12:00:00,18,52,12
2026352035,2016-04-18 13:00:00,256,69,13
2026352035,2016-04-18 14:00:00,245,68,14
2026352035,2016-04-18 15:00:00,204,65,15
2026352035,2016-04-18 16:00:00,150,64,16
2026352035,2016-04-18 17:00:00,277,73,17
2026352035,2016-04-18 18:00:00,305,75,18
2026352035,2016-04-18 19:00:00,291,73,19
2026352035,2016-04-18 20:00:00,259,68,20
2026352035,2016-04-18 21:00:00,15,49,21
2026352035,2016-04-18 22:00:00,34,51,22
2026352035,2016-04-18 23:00:00,23,50,23
2026352035,2016-04-19 00:00:00,0,47,0
2026352035,2016-04-19 01:00:00,0,47,1
2026352035,2016-04-19 02:00:00,0,47,2
2026352035,2016-04-19 03:00:00,0,47,3
2026352035,2016-04-19 04:00:00,0,47,4
2026352035,2016-04-19 05:00:00,0,47,5
2026352035,2016-04-19 06:00:00,247,68,6
2026352035,2016-04-19 07:00:00,136,63,7
2026352035,2016-04-19 08:00:00,216,63,8
2026352035,2016-04-19 09:00:00,108,59,9
2026352035,2016-04-19 10:00:00,130,59,10
2026352035,2016-04-19 11:00:00,116,59,11
2026352035,2016-04-19 12:00:00,113,61,12
2026352035,2016-04-19 13:00:00,20,51,13
2026352035,2016-04-19 14:00:00,252,67,14
2026352035,2016-04-19 15:00:00,13,51,15
2026352035,2016-04-19 16:00:00,94,59,16
2026352035,2016-04-19 17:00:00,76,56,17
2026352035,2016-04-19 18:00:00,477,84,18
2026352035,2016-04-19 19:00:00,107,57,19
2026352035,2016-04-19 20:00:00,135,59,20
2026352035,2016-04-19 21:00:00,136,60,21
2026352035,2016-04-19 22:00:00,14,49,22
2026352035,2016-04-19 23:00:00,34,50,23
2026352035,2016-04-20 00:00:00,23,51,0
2026352035,2016-04-20 01:00:00,0,47,1
2026352035,2016-04-20 02:00:00,4,48,2
2026352035,2016-04-20 03:00:00,0,47,3
2026352035,2016-04-20 04:00:00,0,47,4
2026352035,2016-04-20 05:00:00,203,61,5
2026352035,2016-04-20 06:00:00,311,70,6
2026352035,2016-04-20 07:00:00,105,62,7
2026352035,2016-04-20 08:00:00,218,68,8
2026352035,2016-04-20 09:00:00,197,67,9
2026352035,2016-04-20 10:00:00,410,71,10
2026352035,2016-04-20 11:00:00,794,99,11
2026352035,2016-04-20 12:00:00,293,71,12
2026352035,2016-04-20 13:00:00,1001,109,13
2026352035,2016-04-20 14:00:00,617,100,14
2026352035,2016-04-20 15:00:00,533,87,15
2026352035,2016-04-20 16:00:00,713,90,16
2026352035,2016-04-20 17:00:00,260,70,17
2026352035,2016-04-20 18:00:00,892,107,18
2026352035,2016-04-20 19:00:00,222,70,19
2026352035,2016-04-20 20:00:00,138,63,20
2026352035,2016-04-20 21:00:00,256,64,21
2026352035,2016-04-20 22:00:00,16,49,22
2026352035,2016-04-20 23:00:00,16,50,23
2026352035,2016-04-21 00:00:00,0,47,0
2026352035,2016-04-21 01:00:00,12,48,1
2026352035,2016-04-21 02:00:00,0,47,2
2026352035,2016-04-21 03:00:00,0,47,3
2026352035,2016-04-21 04:00:00,0,47,4
2026352035,2016-04-21 05:00:00,0,47,5
2026352035,2016-04-21 06:00:00,363,75,6
2026352035,2016-04-21 07:00:00,115,64,7
2026352035,2016-04-21 08:00:00,15,51,8
2026352035,2016-04-21 09:00:00,175,61,9
2026352035,2016-04-21 10:00:00,6,50,10
2026352035,2016-04-21 11:00:00,117,60,11
2026352035,2016-04-21 12:00:00,154,61,12
2026352035,2016-04-21 13:00:00,89,55,13
2026352035,2016-04-21 14:00:00,115,61,14
2026352035,2016-04-21 15:00:00,154,61,15
2026352035,2016-04-21 16:00:00,138,58,16
2026352035,2016-04-21 17:00:00,440,86,17
2026352035,2016-04-21 18:00:00,133,67,18
2026352035,2016-04-21 19:00:00,102,59,19
2026352035,2016-04-21 20:00:00,295,74,20
2026352035,2016-04-21 21:00:00,16,48,21
2026352035,2016-04-21 22:00:00,9,48,22
2026352035,2016-04-21 23:00:00,19,49,23
2026352035,2016-04-22 00:00:00,0,47,0
2026352035,2016-04-22 01:00:00,0,47,1
2026352035,2016-04-22 02:00:00,0,47,2
2026352035,2016-04-22 03:00:00,0,47,3
2026352035,2016-04-22 04:00:00,0,47,4
2026352035,2016-04-22 05:00:00,0,47,5
2026352035,2016-04-22 06:00:00,335,74,6
2026352035,2016-04-22 07:00:00,14,54,7
2026352035,2016-04-22 08:00:00,117,61,8
2026352035,2016-04-22 09:00:00,108,58,9
2026352035,2016-04-22 10:00:00,220,70,10
2026352035,2016-04-22 11:00:00,274,76,11
2026352035,2016-04-22 12:00:00,109,60,12
2026352035,2016-04-22 13:00:00,75,58,13
2026352035,2016-04-22 14:00:00,10,53,14
2026352035,2016-04-22 15:00:00,838,96,15
2026352035,2016-04-22 16:00:00,88,63,16
2026352035,2016-04-22 17:00:00,216,65,17
2026352035,2016-04-22 18:00:00,170,63,18
2026352035,2016-04-22 19:00:00,115,59,19
2026352035,2016-04-22 20:00:00,186,65,20
2026352035,2016-04-22 21:00:00,0,47,21
2026352035,2016-04-22 22:00:00,18,48,22
2026352035,2016-04-22 23:00:00,22,51,23
2026352035,2016-04-23 00:00:00,5,48,0
2026352035,2016-04-23 01:00:00,0,47,1
2026352035,2016-04-23 02:00:00,0,47,2
2026352035,2016-04-23 03:00:00,0,47,3
2026352035,2016-04-23 04:00:00,0,47,4
2026352035,2016-04-23 05:00:00,0,47,5
2026352035,2016-04-23 06:00:00,521,86,6
2026352035,2016-04-23 07:00:00,154,66,7
2026352035,2016-04-23 08:00:00,957,110,8
2026352035,2016-04-23 09:00:00,602,92,9
2026352035,2016-04-23 10:00:00,1049,118,10
2026352035,2016-04-23 11:00:00,2315,164,11
2026352035,2016-04-23 12:00:00,1236,121,12
2026352035,2016-04-23 13:00:00,692,100,13
2026352035,2016-04-23 14:00:00,1742,143,14
2026352035,2016-04-23 15:00:00,1153,108,15
2026352035,2016-04-23 16:00:00,308,70,16
2026352035,2016-04-23 17:00:00,785,99,17
2026352035,2016-04-23 18:00:00,367,80,18
2026352035,2016-04-23 19:00:00,243,68,19
2026352035,2016-04-23 20:00:00,198,67,20
2026352035,2016-04-23 21:00:00,0,47,21
2026352035,2016-04-23 22:00:00,9,48,22
2026352035,2016-04-23 23:00:00,21,47,23
2026352035,2016-04-24 00:00:00,0,47,0
2026352035,2016-04-24 01:00:00,0,47,1
2026352035,2016-04-24 02:00:00,0,47,2
2026352035,2016-04-24 03:00:00,0,47,3
2026352035,2016-04-24 04:00:00,0,47,4
2026352035,2016-04-24 05:00:00,0,47,5
2026352035,2016-04-24 06:00:00,320,70,6
2026352035,2016-04-24 07:00:00,227,68,7
2026352035,2016-04-24 08:00:00,101,61,8
2026352035,2016-04-24 09:00:00,416,78,9
2026352035,2016-04-24 10:00:00,63,57,10
2026352035,2016-04-24 11:00:00,236,65,11
2026352035,2016-04-24 12:00:00,17,51,12
2026352035,2016-04-24 13:00:00,178,58,13
2026352035,2016-04-24 14:00:00,196,63,14
2026352035,2016-04-24 15:00:00,169,62,15
2026352035,2016-04-24 16:00:00,187,61,16
2026352035,2016-04-24 17:00:00,432,75,17
2026352035,2016-04-24 18:00:00,287,69,18
2026352035,2016-04-24 19:00:00,170,61,19
2026352035,2016-04-24 20:00:00,334,70,20
2026352035,2016-04-24 21:00:00,129,56,21
2026352035,2016-04-24 22:00:00,12,48,22
2026352035,2016-04-24 23:00:00,16,48,23
2026352035,2016-04-25 00:00:00,0,47,0
2026352035,2016-04-25 01:00:00,0,47,1
2026352035,2016-04-25 02:00:00,0,47,2
2026352035,2016-04-25 03:00:00,0,47,3
2026352035,2016-04-25 04:00:00,0,47,4
2026352035,2016-04-25 05:00:00,0,47,5
2026352035,2016-04-25 06:00:00,523,87,6
2026352035,2016-04-25 07:00:00,562,88,7
2026352035,2016-04-25 08:00:00,643,93,8
2026352035,2016-04-25 09:00:00,672,113,9
2026352035,2016-04-25 10:00:00,120,73,10
2026352035,2016-04-25 11:00:00,484,79,11
2026352035,2016-04-25 12:00:00,636,83,12
2026352035,2016-04-25 13:00:00,305,74,13
2026352035,2016-04-25 14:00:00,962,107,14
2026352035,2016-04-25 15:00:00,559,90,15
2026352035,2016-04-25 16:00:00,551,84,16
2026352035,2016-04-25 17:00:00,0,47,17
2026352035,2016-04-25 18:00:00,0,47,18
2026352035,2016-04-25 19:00:00,0,47,19
2026352035,2016-04-25 20:00:00,0,47,20
2026352035,2016-04-25 21:00:00,0,47,21
2026352035,2016-04-25 22:00:00,0,47,22
2026352035,2016-04-25 23:00:00,0,47,23
2026352035,2016-04-26 00:00:00,0,47,0
2026352035,2016-04-26 01:00:00,0,47,1
2026352035,2016-04-26 02:00:00,0,47,2
2026352035,2016-04-26 03:00:00,0,47,3
2026352035,2016-04-26 04:00:00,0,47,4
2026352035,2016-04-26 05:00:00,0,47,5
2026352035,2016-04-26 06:00:00,37,51,6
2026352035,2016-04-26 07:00:00,198,68,7
2026352035,2016-04-26 08:00:00,170,68,8
2026352035,2016-04-26 09:00:00,159,63,9
2026352035,2016-04-26 10:00:00,383,72,10
2026352035,2016-04-26 11:00:00,194,65,11
2026352035,2016-04-26 12:00:00,639,83,12
2026352035,2016-04-26 13:00:00,1224,116,13
2026352035,2016-04-26 14:00:00,611,93,14
2026352035,2016-04-26 15:00:00,319,83,15
2026352035,2016-04-26 16:00:00,311,76,16
2026352035,2016-04-26 17:00:00,255,72,17
2026352035,2016-04-26 18:00:00,303,71,18
2026352035,2016-04-26 19:00:00,482,85,19
2026352035,2016-04-26 20:00:00,350,85,20
2026352035,2016-04-26 21:00:00,263,69,21
2026352035,2016-04-26 22:00:00,25,48,22
2026352035,2016-04-26 23:00:00,10,49,23
2026352035,2016-04-27 00:00:00,5,48,0
2026352035,2016-04-27 01:00:00,52,49,1
2026352035,2016-04-27 02:00:00,0,47,2
2026352035,2016-04-27 03:00:00,4,48,3
2026352035,2016-04-27 04:00:00,0,47,4
2026352035,2016-04-27 05:00:00,0,47,5
2026352035,2016-04-27 06:00:00,166,57,6
2026352035,2016-04-27 07:00:00,179,67,7
2026352035,2016-04-27 08:00:00,54,55,8
2026352035,2016-04-27 09:00:00,70,54,9
2026352035,2016-04-27 10:00:00,100,57,10
2026352035,2016-04-27 11:00:00,133,59,11
2026352035,2016-04-27 12:00:00,106,58,12
2026352035,2016-04-27 13:00:00,807,102,13
2026352035,2016-04-27 14:00:00,652,91,14
2026352035,2016-04-27 15:00:00,469,85,15
2026352035,2016-04-27 16:00:00,604,99,16
2026352035,2016-04-27 17:00:00,895,108,17
2026352035,2016-04-27 18:00:00,419,81,18
2026352035,2016-04-27 19:00:00,799,94,19
2026352035,2016-04-27 20:00:00,313,76,20
2026352035,2016-04-27 21:00:00,229,64,21
2026352035,2016-04-27 22:00:00,16,51,22
2026352035,2016-04-27 23:00:00,16,49,23
2026352035,2016-04-28 00:00:00,9,48,0
2026352035,2016-04-28 01:00:00,0,47,1
2026352035,2016-04-28 02:00:00,0,47,2
2026352035,2016-04-28 03:00:00,5,48,3
2026352035,2016-04-28 04:00:00,0,47,4
2026352035,2016-04-28 05:00:00,0,47,5
2026352035,2016-04-28 06:00:00,330,72,6
2026352035,2016-04-28 07:00:00,180,66,7
2026352035,2016-04-28 08:00:00,36,55,8
2026352035,2016-04-28 09:00:00,65,57,9
2026352035,2016-04-28 10:00:00,201,69,10
2026352035,2016-04-28 11:00:00,230,68,11
2026352035,2016-04-28 12:00:00,67,61,12
2026352035,2016-04-28 13:00:00,710,91,13
2026352035,2016-04-28 14:00:00,221,73,14
2026352035,2016-04-28 15:00:00,1049,114,15
2026352035,2016-04-28 16:00:00,960,116,16
2026352035,2016-04-28 17:00:00,633,100,17
2026352035,2016-04-28 18:00:00,150,72,18
2026352035,2016-04-28 19:00:00,342,78,19
2026352035,2016-04-28 20:00:00,476,80,20
2026352035,2016-04-28 21:00:00,469,83,21
2026352035,2016-04-28 22:00:00,219,62,22
2026352035,2016-04-28 23:00:00,23,50,23
2026352035,2016-04-29 00:00:00,6,48,0
2026352035,2016-04-29 01:00:00,0,47,1
2026352035,2016-04-29 02:00:00,0,47,2
2026352035,2016-04-29 03:00:00,0,47,3
2026352035,2016-04-29 04:00:00,0,47,4
2026352035,2016-04-29 05:00:00,6,48,5
2026352035,2016-04-29 06:00:00,4,48,6
2026352035,2016-04-29 07:00:00,587,95,7
2026352035,2016-04-29 08:00:00,289,76,8
2026352035,2016-04-29 09:00:00,182,65,9
2026352035,2016-04-29 10:00:00,531,83,10
2026352035,2016-04-29 11:00:00,718,95,11
2026352035,2016-04-29 12:00:00,472,90,12
2026352035,2016-04-29 13:00:00,912,105,13
2026352035,2016-04-29 14:00:00,602,92,14
2026352035,2016-04-29 15:00:00,1052,116,15
2026352035,2016-04-29 16:00:00,466,83,16
2026352035,2016-04-29 17:00:00,489,79,17
2026352035,2016-04-29 18:00:00,799,100,18
2026352035,2016-04-29 19:00:00,170,71,19
2026352035,2016-04-29 20:00:00,240,67,20
2026352035,2016-04-29 21:00:00,64,51,21
2026352035,2016-04-29 22:00:00,15,49,22
2026352035,2016-04-29 23:00:00,0,47,23
2026352035,2016-04-30 00:00:00,0,47,0
2026352035,2016-04-30 01:00:00,0,47,1
2026352035,2016-04-30 02:00:00,0,47,2
2026352035,2016-04-30 03:00:00,0,47,3
2026352035,2016-04-30 04:00:00,0,47,4
2026352035,2016-04-30 05:00:00,0,47,5
2026352035,2016-04-30 06:00:00,0,47,6
2026352035,2016-04-30 07:00:00,689,97,7
2026352035,2016-04-30 08:00:00,239,72,8
2026352035,2016-04-30 09:00:00,59,57,9
2026352035,2016-04-30 10:00:00,296,69,10
2026352035,2016-04-30 11:00:00,63,55,11
2026352035,2016-04-30 12:00:00,1102,114,12
2026352035,2016-04-30 13:00:00,815,104,13
2026352035,2016-04-30 14:00:00,373,78,14
2026352035,2016-04-30 15:00:00,116,58,15
2026352035,2016-04-30 16:00:00,139,62,16
2026352035,2016-04-30 17:00:00,233,67,17
2026352035,2016-04-30 18:00:00,153,65,18
2026352035,2016-04-30 19:00:00,199,70,19
2026352035,2016-04-30 20:00:00,226,65,20
2026352035,2016-04-30 21:00:00,0,47,21
2026352035,2016-04-30 22:00:00,27,52,22
2026352035,2016-04-30 23:00:00,0,47,23
2026352035,2016-05-01 00:00:00,0,47,0
2026352035,2016-05-01 01:00:00,0,47,1
2026352035,2016-05-01 02:00:00,0,47,2
2026352035,2016-05-01 03:00:00,0,47,3
2026352035,2016-05-01 04:00:00,0,47,4
2026352035,2016-05-01 05:00:00,0,47,5
2026352035,2016-05-01 06:00:00,391,76,6
2026352035,2016-05-01 07:00:00,234,71,7
2026352035,2016-05-01 08:00:00,166,67,8
2026352035,2016-05-01 09:00:00,94,62,9
2026352035,2016-05-01 10:00:00,1116,113,10
2026352035,2016-05-01 11:00:00,121,63,11
2026352035,2016-05-01 12:00:00,128,64,12
2026352035,2016-05-01 13:00:00,125,61,13
2026352035,2016-05-01 14:00:00,190,68,14
2026352035,2016-05-01 15:00:00,67,58,15
2026352035,2016-05-01 16:00:00,166,61,16
2026352035,2016-05-01 17:00:00,234,62,17
2026352035,2016-05-01 18:00:00,139,62,18
2026352035,2016-05-01 19:00:00,138,65,19
2026352035,2016-05-01 20:00:00,149,61,20
2026352035,2016-05-01 21:00:00,128,55,21
2026352035,2016-05-01 22:00:00,4,49,22
2026352035,2016-05-01 23:00:00,19,49,23
2026352035,2016-05-02 00:00:00,0,47,0
2026352035,2016-05-02 01:00:00,0,47,1
2026352035,2016-05-02 02:00:00,0,47,2
2026352035,2016-05-02 03:00:00,0,47,3
2026352035,2016-05-02 04:00:00,5,48,4
2026352035,2016-05-02 05:00:00,0,47,5
2026352035,2016-05-02 06:00:00,370,76,6
2026352035,2016-05-02 07:00:00,74,60,7
2026352035,2016-05-02 08:00:00,65,58,8
2026352035,2016-05-02 09:00:00,199,64,9
2026352035,2016-05-02 10:00:00,136,61,10
2026352035,2016-05-02 11:00:00,293,73,11
2026352035,2016-05-02 12:00:00,322,77,12
2026352035,2016-05-02 13:00:00,866,100,13
2026352035,2016-05-02 14:00:00,569,94,14
2026352035,2016-05-02 15:00:00,250,77,15
2026352035,2016-05-02 16:00:00,690,102,16
2026352035,2016-05-02 17:00:00,779,104,17
2026352035,2016-05-02 18:00:00,1038,114,18
2026352035,2016-05-02 19:00:00,121,63,19
2026352035,2016-05-02 20:00:00,448,92,20
2026352035,2016-05-02 21:00:00,611,93,21
2026352035,2016-05-02 22:00:00,182,57,22
2026352035,2016-05-02 23:00:00,0,47,23
2026352035,2016-05-03 00:00:00,0,47,0
2026352035,2016-05-03 01:00:00,0,47,1
2026352035,2016-05-03 02:00:00,0,47,2
2026352035,2016-05-03 03:00:00,0,47,3
2026352035,2016-05-03 04:00:00,0,47,4
2026352035,2016-05-03 05:00:00,0,47,5
2026352035,2016-05-03 06:00:00,0,47,6
2026352035,2016-05-03 07:00:00,251,71,7
2026352035,2016-05-03 08:00:00,201,71,8
2026352035,2016-05-03 09:00:00,167,66,9
2026352035,2016-05-03 10:00:00,167,69,10
2026352035,2016-05-03 11:00:00,381,75,11
2026352035,2016-05-03 12:00:00,55,54,12
2026352035,2016-05-03 13:00:00,623,91,13
2026352035,2016-05-03 14:00:00,758,98,14
2026352035,2016-05-03 15:00:00,815,103,15
2026352035,2016-05-03 16:00:00,544,90,16
2026352035,2016-05-03 17:00:00,344,77,17
2026352035,2016-05-03 18:00:00,647,99,18
2026352035,2016-05-03 19:00:00,617,91,19
2026352035,2016-05-03 20:00:00,244,69,20
2026352035,2016-05-03 21:00:00,162,60,21
2026352035,2016-05-03 22:00:00,0,47,22
2026352035,2016-05-03 23:00:00,16,48,23
2026352035,2016-05-04 00:00:00,0,47,0
2026352035,2016-05-04 01:00:00,0,47,1
2026352035,2016-05-04 02:00:00,0,47,2
2026352035,2016-05-04 03:00:00,0,47,3
2026352035,2016-05-04 04:00:00,6,48,4
2026352035,2016-05-04 05:00:00,9,48,5
2026352035,2016-05-04 06:00:00,86,55,6
2026352035,2016-05-04 07:00:00,420,82,7
2026352035,2016-05-04 08:00:00,223,63,8
2026352035,2016-05-04 09:00:00,395,78,9
2026352035,2016-05-04 10:00:00,127,65,10
2026352035,2016-05-04 11:00:00,214,71,11
2026352035,2016-05-04 12:00:00,47,55,12
2026352035,2016-05-04 13:00:00,396,76,13
2026352035,2016-05-04 14:00:00,762,102,14
2026352035,2016-05-04 15:00:00,681,102,15
2026352035,2016-05-04 16:00:00,575,99,16
2026352035,2016-05-04 17:00:00,572,92,17
2026352035,2016-05-04 18:00:00,623,99,18
2026352035,2016-05-04 19:00:00,421,84,19
2026352035,2016-05-04 20:00:00,860,100,20
2026352035,2016-05-04 21:00:00,117,55,21
2026352035,2016-05-04 22:00:00,9,48,22
2026352035,2016-05-04 23:00:00,21,50,23
2026352035,2016-05-05 00:00:00,0,47,0
2026352035,2016-05-05 01:00:00,0,47,1
2026352035,2016-05-05 02:00:00,0,47,2
2026352035,2016-05-05 03:00:00,0,47,3
2026352035,2016-05-05 04:00:00,0,47,4
2026352035,2016-05-05 05:00:00,651,88,5
2026352035,2016-05-05 06:00:00,669,92,6
2026352035,2016-05-05 07:00:00,580,83,7
2026352035,2016-05-05 08:00:00,709,104,8
2026352035,2016-05-05 09:00:00,857,105,9
2026352035,2016-05-05 10:00:00,578,95,10
2026352035,2016-05-05 11:00:00,468,85,11
2026352035,2016-05-05 12:00:00,1196,117,12
2026352035,2016-05-05 13:00:00,1494,128,13
2026352035,2016-05-05 14:00:00,379,74,14
2026352035,2016-05-05 15:00:00,936,114,15
2026352035,2016-05-05 16:00:00,1472,123,16
2026352035,2016-05-05 17:00:00,299,67,17
2026352035,2016-05-05 18:00:00,815,102,18
2026352035,2016-05-05 19:00:00,347,79,19
2026352035,2016-05-05 20:00:00,377,73,20
2026352035,2016-05-05 21:00:00,314,66,21
2026352035,2016-05-05 22:00:00,22,50,22
2026352035,2016-05-05 23:00:00,4,48,23
2026352035,2016-05-06 00:00:00,0,47,0
2026352035,2016-05-06 01:00:00,0,47,1
2026352035,2016-05-06 02:00:00,0,47,2
2026352035,2016-05-06 03:00:00,4,48,3
2026352035,2016-05-06 04:00:00,0,47,4
2026352035,2016-05-06 05:00:00,0,47,5
2026352035,2016-05-06 06:00:00,279,70,6
2026352035,2016-05-06 07:00:00,282,76,7
2026352035,2016-05-06 08:00:00,427,77,8
2026352035,2016-05-06 09:00:00,287,72,9
2026352035,2016-05-06 10:00:00,772,94,10
2026352035,2016-05-06 11:00:00,547,84,11
2026352035,2016-05-06 12:00:00,626,92,12
2026352035,2016-05-06 13:00:00,673,100,13
2026352035,2016-05-06 14:00:00,438,82,14
2026352035,2016-05-06 15:00:00,698,99,15
2026352035,2016-05-06 16:00:00,669,100,16
2026352035,2016-05-06 17:00:00,568,87,17
2026352035,2016-05-06 18:00:00,1008,111,18
2026352035,2016-05-06 19:00:00,243,76,19
2026352035,2016-05-06 20:00:00,383,78,20
2026352035,2016-05-06 21:00:00,279,62,21
2026352035,2016-05-06 22:00:00,15,49,22
2026352035,2016-05-06 23:00:00,0,47,23
2026352035,2016-05-07 00:00:00,0,47,0
2026352035,2016-05-07 01:00:00,0,47,1
2026352035,2016-05-07 02:00:00,0,47,2
2026352035,2016-05-07 03:00:00,0,47,3
2026352035,2016-05-07 04:00:00,0,47,4
2026352035,2016-05-07 05:00:00,0,47,5
2026352035,2016-05-07 06:00:00,632,93,6
2026352035,2016-05-07 07:00:00,362,84,7
2026352035,2016-05-07 08:00:00,238,72,8
2026352035,2016-05-07 09:00:00,237,67,9
2026352035,2016-05-07 10:00:00,326,69,10
2026352035,2016-05-07 11:00:00,216,65,11
2026352035,2016-05-07 12:00:00,503,84,12
2026352035,2016-05-07 13:00:00,88,59,13
2026352035,2016-05-07 14:00:00,187,66,14
2026352035,2016-05-07 15:00:00,77,55,15
2026352035,2016-05-07 16:00:00,147,61,16
2026352035,2016-05-07 17:00:00,284,72,17
2026352035,2016-05-07 18:00:00,226,74,18
2026352035,2016-05-07 19:00:00,189,63,19
2026352035,2016-05-07 20:00:00,424,79,20
2026352035,2016-05-07 21:00:00,19,49,21
2026352035,2016-05-07 22:00:00,14,50,22
2026352035,2016-05-07 23:00:00,24,49,23
2026352035,2016-05-08 00:00:00,9,48,0
2026352035,2016-05-08 01:00:00,0,47,1
2026352035,2016-05-08 02:00:00,0,47,2
2026352035,2016-05-08 03:00:00,0,47,3
2026352035,2016-05-08 04:00:00,0,47,4
2026352035,2016-05-08 05:00:00,0,47,5
2026352035,2016-05-08 06:00:00,441,78,6
2026352035,2016-05-08 07:00:00,211,71,7
2026352035,2016-05-08 08:00:00,649,89,8
2026352035,2016-05-08 09:00:00,1338,120,9
2026352035,2016-05-08 10:00:00,415,81,10
2026352035,2016-05-08 11:00:00,508,86,11
2026352035,2016-05-08 12:00:00,261,72,12
2026352035,2016-05-08 13:00:00,170,66,13
2026352035,2016-05-08 14:00:00,117,60,14
2026352035,2016-05-08 15:00:00,117,58,15
2026352035,2016-05-08 16:00:00,12,53,16
2026352035,2016-05-08 17:00:00,251,72,17
2026352035,2016-05-08 18:00:00,322,79,18
2026352035,2016-05-08 19:00:00,217,68,19
2026352035,2016-05-08 20:00:00,475,80,20
2026352035,2016-05-08 21:00:00,0,47,21
2026352035,2016-05-08 22:00:00,9,48,22
2026352035,2016-05-08 23:00:00,6,48,23
2026352035,2016-05-09 00:00:00,0,47,0
2026352035,2016-05-09 01:00:00,9,48,1
2026352035,2016-05-09 02:00:00,0,47,2
2026352035,2016-05-09 03:00:00,0,47,3
2026352035,2016-05-09 04:00:00,0,47,4
2026352035,2016-05-09 05:00:00,0,47,5
2026352035,2016-05-09 06:00:00,527,82,6
2026352035,2016-05-09 07:00:00,707,99,7
2026352035,2016-05-09 08:00:00,460,82,8
2026352035,2016-05-09 09:00:00,147,62,9
2026352035,2016-05-09 10:00:00,130,59,10
2026352035,2016-05-09 11:00:00,179,63,11
2026352035,2016-05-09 12:00:00,109,60,12
2026352035,2016-05-09 13:00:00,658,91,13
2026352035,2016-05-09 14:00:00,505,83,14
2026352035,2016-05-09 15:00:00,1058,111,15
2026352035,2016-05-09 16:00:00,1960,171,16
2026352035,2016-05-09 17:00:00,1848,158,17
2026352035,2016-05-09 18:00:00,606,97,18
2026352035,2016-05-09 19:00:00,754,106,19
2026352035,2016-05-09 20:00:00,666,95,20
2026352035,2016-05-09 21:00:00,323,70,21
2026352035,2016-05-09 22:00:00,0,47,22
2026352035,2016-05-09 23:00:00,6,48,23
2026352035,2016-05-10 00:00:00,50,52,0
2026352035,2016-05-10 01:00:00,0,47,1
2026352035,2016-05-10 02:00:00,0,47,2
2026352035,2016-05-10 03:00:00,0,47,3
2026352035,2016-05-10 04:00:00,0,47,4
2026352035,2016-05-10 05:00:00,0,47,5
2026352035,2016-05-10 06:00:00,0,47,6
2026352035,2016-05-10 07:00:00,0,47,7
2026352035,2016-05-10 08:00:00,0,47,8
2026352035,2016-05-10 09:00:00,0,47,9
2026352035,2016-05-10 10:00:00,0,47,10
2026352035,2016-05-10 11:00:00,0,47,11
2026352035,2016-05-10 12:00:00,0,47,12
2026352035,2016-05-10 13:00:00,0,47,13
2026352035,2016-05-10 14:00:00,0,47,14
2026352035,2016-05-10 15:00:00,0,47,15
2026352035,2016-05-10 16:00:00,0,47,16
2026352035,2016-05-10 17:00:00,0,47,17
2026352035,2016-05-10 18:00:00,0,47,18
2026352035,2016-05-10 19:00:00,0,47,19
2026352035,2016-05-10 20:00:00,33,49,20
2026352035,2016-05-10 21:00:00,118,57,21
2026352035,2016-05-10 22:00:00,23,50,22
2026352035,2016-05-10 23:00:00,30,49,23
2026352035,2016-05-11 00:00:00,9,48,0
2026352035,2016-05-11 01:00:00,0,47,1
2026352035,2016-05-11 02:00:00,0,47,2
2026352035,2016-05-11 03:00:00,8,48,3
2026352035,2016-05-11 04:00:00,0,47,4
2026352035,2016-05-11 05:00:00,0,47,5
2026352035,2016-05-11 06:00:00,364,71,6
2026352035,2016-05-11 07:00:00,322,74,7
2026352035,2016-05-11 08:00:00,216,68,8
2026352035,2016-05-11 09:00:00,102,60,9
2026352035,2016-05-11 10:00:00,342,72,10
2026352035,2016-05-11 11:00:00,163,63,11
2026352035,2016-05-11 12:00:00,53,57,12
2026352035,2016-05-11 13:00:00,536,82,13
2026352035,2016-05-11 14:00:00,582,88,14
2026352035,2016-05-11 15:00:00,883,105,15
2026352035,2016-05-11 16:00:00,2375,162,16
2026352035,2016-05-11 17:00:00,820,97,17
2026352035,2016-05-11 18:00:00,331,73,18
2026352035,2016-05-11 19:00:00,552,85,19
2026352035,2016-05-11 20:00:00,759,101,20
2026352035,2016-05-11 21:00:00,150,61,21
2026352035,2016-05-11 22:00:00,8,48,22
2026352035,2016-05-11 23:00:00,5,48,23
2026352035,2016-05-12 00:00:00,0,47,0
2026352035,2016-05-12 01:00:00,0,47,1
2026352035,2016-05-12 02:00:00,8,48,2
2026352035,2016-05-12 03:00:00,0,47,3
2026352035,2016-05-12 04:00:00,0,47,4
2026352035,2016-05-12 05:00:00,370,69,5
2026352035,2016-05-12 06:00:00,652,88,6
2026352035,2016-05-12 07:00:00,598,89,7
2026352035,2016-05-12 08:00:00,724,104,8
2026352035,2016-05-12 09:00:00,493,83,9
2026352035,2016-05-12 10:00:00,1261,119,10
2026352035,2016-05-12 11:00:00,744,98,11
2026352035,2016-05-12 12:00:00,976,102,12
2026352035,2016-05-12 13:00:00,882,101,13
2026352035,2016-05-12 14:00:00,618,92,14
2026352035,2016-05-12 15:00:00,1123,116,15
2320127002,2016-04-12 00:00:00,0,55,0
2320127002,2016-04-12 01:00:00,0,55,1
2320127002,2016-04-12 02:00:00,0,55,2
2320127002,2016-04-12 03:00:00,0,55,3
2320127002,2016-04-12 04:00:00,0,55,4
2320127002,2016-04-12 05:00:00,0,55,5
2320127002,2016-04-12 06:00:00,0,55,6
2320127002,2016-04-12 07:00:00,497,106,7
2320127002,2016-04-12 08:00:00,461,88,8
2320127002,2016-04-12 09:00:00,470,90,9
2320127002,2016-04-12 10:00:00,164,68,10
2320127002,2016-04-12 11:00:00,654,97,11
2320127002,2016-04-12 12:00:00,1140,127,12
2320127002,2016-04-12 13:00:00,408,92,13
2320127002,2016-04-12 14:00:00,1372,145,14
2320127002,2016-04-12 15:00:00,2208,191,15
2320127002,2016-04-12 16:00:00,771,122,16
2320127002,2016-04-12 17:00:00,557,98,17
2320127002,2016-04-12 18:00:00,415,90,18
2320127002,2016-04-12 19:00:00,459,93,19
2320127002,2016-04-12 20:00:00,348,85,20
2320127002,2016-04-12 21:00:00,197,76,21
2320127002,2016-04-12 22:00:00,296,86,22
2320127002,2016-04-12 23:00:00,308,83,23
2320127002,2016-04-13 00:00:00,178,74,0
2320127002,2016-04-13 01:00:00,421,90,1
2320127002,2016-04-13 02:00:00,218,78,2
2320127002,2016-04-13 03:00:00,45,65,3
2320127002,2016-04-13 04:00:00,234,78,4
2320127002,2016-04-13 05:00:00,83,66,5
2320127002,2016-04-13 06:00:00,370,89,6
2320127002,2016-04-13 07:00:00,959,128,7
2320127002,2016-04-13 08:00:00,541,94,8
2320127002,2016-04-13 09:00:00,198,76,9
2320127002,2016-04-13 10:00:00,166,73,10
2320127002,2016-04-13 11:00:00,350,90,11
2320127002,2016-04-13 12:00:00,414,88,12
2320127002,2016-04-13 13:00:00,148,71,13
2320127002,2016-04-13 14:00:00,365,84,14
2320127002,2016-04-13 15:00:00,283,85,15
2320127002,2016-04-13 16:00:00,396,92,16
2320127002,2016-04-13 17:00:00,456,98,17
2320127002,2016-04-13 18:00:00,117,70,18
2320127002,2016-04-13 19:00:00,168,75,19
2320127002,2016-04-13 20:00:00,284,86,20
2320127002,2016-04-13 21:00:00,305,87,21
2320127002,2016-04-13 22:00:00,422,94,22
2320127002,2016-04-13 23:00:00,154,72,23
2320127002,2016-04-14 00:00:00,191,74,0
2320127002,2016-04-14 01:00:00,0,55,1
2320127002,2016-04-14 02:00:00,0,55,2
2320127002,2016-04-14 03:00:00,0,55,3
2320127002,2016-04-14 04:00:00,0,55,4
2320127002,2016-04-14 05:00:00,0,55,5
2320127002,2016-04-14 06:00:00,168,70,6
2320127002,2016-04-14 07:00:00,368,92,7
2320127002,2016-04-14 08:00:00,189,74,8
2320127002,2016-04-14 09:00:00,525,97,9
2320127002,2016-04-14 10:00:00,300,84,10
2320127002,2016-04-14 11:00:00,19,57,11
2320127002,2016-04-14 12:00:00,0,55,12
2320127002,2016-04-14 13:00:00,0,56,13
2320127002,2016-04-14 14:00:00,35,63,14
2320127002,2016-04-14 15:00:00,243,84,15
2320127002,2016-04-14 16:00:00,638,112,16
2320127002,2016-04-14 17:00:00,465,99,17
2320127002,2016-04-14 18:00:00,355,87,18
2320127002,2016-04-14 19:00:00,338,83,19
2320127002,2016-04-14 20:00:00,139,68,20
2320127002,2016-04-14 21:00:00,0,55,21
2320127002,2016-04-14 22:00:00,0,55,22
2320127002,2016-04-14 23:00:00,0,55,23
2320127002,2016-04-15 00:00:00,0,55,0
2320127002,2016-04-15 01:00:00,0,55,1
2320127002,2016-04-15 02:00:00,0,55,2
2320127002,2016-04-15 03:00:00,0,55,3
2320127002,2016-04-15 04:00:00,0,55,4
2320127002,2016-04-15 05:00:00,0,55,5
2320127002,2016-04-15 06:00:00,0,55,6
2320127002,2016-04-15 07:00:00,569,96,7
2320127002,2016-04-15 08:00:00,234,78,8
2320127002,2016-04-15 09:00:00,405,98,9
2320127002,2016-04-15 10:00:00,177,78,10
2320127002,2016-04-15 11:00:00,223,78,11
2320127002,2016-04-15 12:00:00,564,103,12
2320127002,2016-04-15 13:00:00,126,68,13
2320127002,2016-04-15 14:00:00,0,55,14
2320127002,2016-04-15 15:00:00,275,77,15
2320127002,2016-04-15 16:00:00,258,82,16
2320127002,2016-04-15 17:00:00,498,95,17
2320127002,2016-04-15 18:00:00,312,88,18
2320127002,2016-04-15 19:00:00,570,110,19
2320127002,2016-04-15 20:00:00,571,106,20
2320127002,2016-04-15 21:00:00,306,82,21
2320127002,2016-04-15 22:00:00,117,66,22
2320127002,2016-04-15 23:00:00,0,55,23
2320127002,2016-04-16 00:00:00,0,55,0
2320127002,2016-04-16 01:00:00,0,55,1
2320127002,2016-04-16 02:00:00,0,55,2
2320127002,2016-04-16 03:00:00,0,55,3
2320127002,2016-04-16 04:00:00,0,55,4
2320127002,2016-04-16 05:00:00,0,55,5
2320127002,2016-04-16 06:00:00,0,55,6
2320127002,2016-04-16 07:00:00,0,55,7
2320127002,2016-04-16 08:00:00,0,55,8
2320127002,2016-04-16 09:00:00,0,55,9
2320127002,2016-04-16 10:00:00,317,80,10
2320127002,2016-04-16 11:00:00,513,98,11
2320127002,2016-04-16 12:00:00,520,95,12
2320127002,2016-04-16 13:00:00,203,70,13
2320127002,2016-04-16 14:00:00,219,70,14
2320127002,2016-04-16 15:00:00,398,90,15
2320127002,2016-04-16 16:00:00,306,81,16
2320127002,2016-04-16 17:00:00,0,55,17
2320127002,2016-04-16 18:00:00,0,55,18
2320127002,2016-04-16 19:00:00,220,73,19
2320127002,2016-04-16 20:00:00,490,94,20
2320127002,2016-04-16 21:00:00,634,102,21
2320127002,2016-04-16 22:00:00,510,98,22
2320127002,2016-04-16 23:00:00,714,111,23
2320127002,2016-04-17 00:00:00,330,88,0
2320127002,2016-04-17 01:00:00,94,65,1
2320127002,2016-04-17 02:00:00,0,55,2
2320127002,2016-04-17 03:00:00,0,55,3
2320127002,2016-04-17 04:00:00,0,55,4
2320127002,2016-04-17 05:00:00,0,55,5
2320127002,2016-04-17 06:00:00,0,55,6
2320127002,2016-04-17 07:00:00,0,55,7
2320127002,2016-04-17 08:00:00,0,55,8
2320127002,2016-04-17 09:00:00,232,73,9
2320127002,2016-04-17 10:00:00,256,83,10
2320127002,2016-04-17 11:00:00,484,93,11
2320127002,2016-04-17 12:00:00,507,93,12
2320127002,2016-04-17 13:00:00,567,99,13
2320127002,2016-04-17 14:00:00,661,104,14
2320127002,2016-04-17 15:00:00,242,79,15
2320127002,2016-04-17 16:00:00,286,82,16
2320127002,2016-04-17 17:00:00,431,89,17
2320127002,2016-04-17 18:00:00,749,117,18
2320127002,2016-04-17 19:00:00,579,103,19
2320127002,2016-04-17 20:00:00,474,99,20
2320127002,2016-04-17 21:00:00,220,79,21
2320127002,2016-04-17 22:00:00,86,64,22
2320127002,2016-04-17 23:00:00,0,55,23
2320127002,2016-04-18 00:00:00,0,55,0
2320127002,2016-04-18 01:00:00,0,55,1
2320127002,2016-04-18 02:00:00,0,55,2
2320127002,2016-04-18 03:00:00,0,55,3
2320127002,2016-04-18 04:00:00,0,55,4
2320127002,2016-04-18 05:00:00,0,55,5
2320127002,2016-04-18 06:00:00,183,79,6
2320127002,2016-04-18 07:00:00,589,103,7
2320127002,2016-04-18 08:00:00,287,79,8
2320127002,2016-04-18 09:00:00,486,92,9
2320127002,2016-04-18 10:00:00,103,71,10
2320127002,2016-04-18 11:00:00,347,85,11
2320127002,2016-04-18 12:00:00,479,96,12
2320127002,2016-04-18 13:00:00,852,114,13
2320127002,2016-04-18 14:00:00,633,102,14
2320127002,2016-04-18 15:00:00,228,77,15
2320127002,2016-04-18 16:00:00,332,85,16
2320127002,2016-04-18 17:00:00,324,90,17
2320127002,2016-04-18 18:00:00,260,81,18
2320127002,2016-04-18 19:00:00,427,93,19
2320127002,2016-04-18 20:00:00,306,83,20
2320127002,2016-04-18 21:00:00,377,94,21
2320127002,2016-04-18 22:00:00,82,68,22
2320127002,2016-04-18 23:00:00,243,81,23
2320127002,2016-04-19 00:00:00,62,64,0
2320127002,2016-04-19 01:00:00,0,55,1
2320127002,2016-04-19 02:00:00,0,55,2
2320127002,2016-04-19 03:00:00,0,55,3
2320127002,2016-04-19 04:00:00,0,55,4
2320127002,2016-04-19 05:00:00,0,55,5
2320127002,2016-04-19 06:00:00,0,55,6
2320127002,2016-04-19 07:00:00,0,55,7
2320127002,2016-04-19 08:00:00,0,55,8
2320127002,2016-04-19 09:00:00,0,55,9
2320127002,2016-04-19 10:00:00,0,55,10
2320127002,2016-04-19 11:00:00,0,55,11
2320127002,2016-04-19 12:00:00,821,115,12
2320127002,2016-04-19 13:00:00,272,81,13
2320127002,2016-04-19 14:00:00,244,85,14
2320127002,2016-04-19 15:00:00,332,83,15
2320127002,2016-04-19 16:00:00,413,93,16
2320127002,2016-04-19 17:00:00,328,85,17
2320127002,2016-04-19 18:00:00,0,55,18
2320127002,2016-04-19 19:00:00,76,65,19
2320127002,2016-04-19 20:00:00,645,110,20
2320127002,2016-04-19 21:00:00,625,104,21
2320127002,2016-04-19 22:00:00,1025,127,22
2320127002,2016-04-19 23:00:00,1154,136,23
2320127002,2016-04-20 00:00:00,220,74,0
2320127002,2016-04-20 01:00:00,0,55,1
2320127002,2016-04-20 02:00:00,0,55,2
2320127002,2016-04-20 03:00:00,0,55,3
2320127002,2016-04-20 04:00:00,0,55,4
2320127002,2016-04-20 05:00:00,0,55,5
2320127002,2016-04-20 06:00:00,0,55,6
2320127002,2016-04-20 07:00:00,0,55,7
2320127002,2016-04-20 08:00:00,0,55,8
2320127002,2016-04-20 09:00:00,0,55,9
2320127002,2016-04-20 10:00:00,0,55,10
2320127002,2016-04-20 11:00:00,0,55,11
2320127002,2016-04-20 12:00:00,420,95,12
2320127002,2016-04-20 13:00:00,338,82,13
2320127002,2016-04-20 14:00:00,842,111,14
2320127002,2016-04-20 15:00:00,1813,163,15
2320127002,2016-04-20 16:00:00,624,105,16
2320127002,2016-04-20 17:00:00,541,112,17
2320127002,2016-04-20 18:00:00,411,98,18
2320127002,2016-04-20 19:00:00,485,100,19
2320127002,2016-04-20 20:00:00,411,96,20
2320127002,2016-04-20 21:00:00,294,87,21
2320127002,2016-04-20 22:00:00,434,96,22
2320127002,2016-04-20 23:00:00,329,96,23
2320127002,2016-04-21 00:00:00,30,57,0
2320127002,2016-04-21 01:00:00,0,55,1
2320127002,2016-04-21 02:00:00,0,55,2
2320127002,2016-04-21 03:00:00,0,55,3
2320127002,2016-04-21 04:00:00,0,55,4
2320127002,2016-04-21 05:00:00,0,55,5
2320127002,2016-04-21 06:00:00,0,55,6
2320127002,2016-04-21 07:00:00,0,55,7
2320127002,2016-04-21 08:00:00,0,55,8
2320127002,2016-04-21 09:00:00,0,55,9
2320127002,2016-04-21 10:00:00,0,55,10
2320127002,2016-04-21 11:00:00,0,55,11
2320127002,2016-04-21 12:00:00,0,55,12
2320127002,2016-04-21 13:00:00,0,55,13
2320127002,2016-04-21 14:00:00,0,55,14
2320127002,2016-04-21 15:00:00,185,75,15
2320127002,2016-04-21 16:00:00,511,104,16
2320127002,2016-04-21 17:00:00,446,95,17
2320127002,2016-04-21 18:00:00,349,89,18
2320127002,2016-04-21 19:00:00,61,63,19
2320127002,2016-04-21 20:00:00,0,55,20
2320127002,2016-04-21 21:00:00,974,116,21
2320127002,2016-04-21 22:00:00,526,97,22
2320127002,2016-04-21 23:00:00,322,87,23
2320127002,2016-04-22 00:00:00,210,76,0
2320127002,2016-04-22 01:00:00,429,92,1
2320127002,2016-04-22 02:00:00,164,75,2
2320127002,2016-04-22 03:00:00,253,79,3
2320127002,2016-04-22 04:00:00,70,64,4
2320127002,2016-04-22 05:00:00,249,78,5
2320127002,2016-04-22 06:00:00,529,110,6
2320127002,2016-04-22 07:00:00,230,80,7
2320127002,2016-04-22 08:00:00,0,55,8
2320127002,2016-04-22 09:00:00,0,55,9
2320127002,2016-04-22 10:00:00,0,55,10
2320127002,2016-04-22 11:00:00,0,55,11
2320127002,2016-04-22 12:00:00,0,55,12
2320127002,2016-04-22 13:00:00,0,55,13
2320127002,2016-04-22 14:00:00,272,81,14
2320127002,2016-04-22 15:00:00,1128,136,15
2320127002,2016-04-22 16:00:00,270,79,16
2320127002,2016-04-22 17:00:00,315,86,17
2320127002,2016-04-22 18:00:00,0,55,18
2320127002,2016-04-22 19:00:00,249,86,19
2320127002,2016-04-22 20:00:00,384,92,20
2320127002,2016-04-22 21:00:00,453,95,21
2320127002,2016-04-22 22:00:00,218,77,22
2320127002,2016-04-22 23:00:00,160,77,23
2320127002,2016-04-23 00:00:00,152,74,0
2320127002,2016-04-23 01:00:00,205,77,1
2320127002,2016-04-23 02:00:00,264,77,2
2320127002,2016-04-23 03:00:00,202,78,3
2320127002,2016-04-23 04:00:00,72,67,4
2320127002,2016-04-23 05:00:00,0,55,5
2320127002,2016-04-23 06:00:00,0,55,6
2320127002,2016-04-23 07:00:00,0,55,7
2320127002,2016-04-23 08:00:00,0,55,8
2320127002,2016-04-23 09:00:00,0,55,9
2320127002,2016-04-23 10:00:00,0,55,10
2320127002,2016-04-23 11:00:00,0,55,11
2320127002,2016-04-23 12:00:00,0,55,12
2320127002,2016-04-23 13:00:00,591,101,13
2320127002,2016-04-23 14:00:00,436,96,14
2320127002,2016-04-23 15:00:00,591,107,15
2320127002,2016-04-23 16:00:00,399,89,16
2320127002,2016-04-23 17:00:00,594,107,17
2320127002,2016-04-23 18:00:00,578,107,18
2320127002,2016-04-23 19:00:00,351,90,19
2320127002,2016-04-23 20:00:00,41,60,20
2320127002,2016-04-23 21:00:00,261,78,21
2320127002,2016-04-23 22:00:00,205,81,22
2320127002,2016-04-23 23:00:00,137,72,23
2320127002,2016-04-24 00:00:00,204,75,0
2320127002,2016-04-24 01:00:00,295,80,1
2320127002,2016-04-24 02:00:00,192,77,2
2320127002,2016-04-24 03:00:00,0,55,3
2320127002,2016-04-24 04:00:00,0,55,4
2320127002,2016-04-24 05:00:00,0,55,5
2320127002,2016-04-24 06:00:00,0,55,6
2320127002,2016-04-24 07:00:00,0,55,7
2320127002,2016-04-24 08:00:00,0,55,8
2320127002,2016-04-24 09:00:00,0,55,9
2320127002,2016-04-24 10:00:00,0,55,10
2320127002,2016-04-24 11:00:00,0,55,11
2320127002,2016-04-24 12:00:00,0,55,12
2320127002,2016-04-24 13:00:00,0,55,13
2320127002,2016-04-24 14:00:00,0,55,14
2320127002,2016-04-24 15:00:00,69,60,15
2320127002,2016-04-24 16:00:00,784,120,16
2320127002,2016-04-24 17:00:00,360,89,17
2320127002,2016-04-24 18:00:00,711,116,18
2320127002,2016-04-24 19:00:00,140,75,19
2320127002,2016-04-24 20:00:00,434,99,20
2320127002,2016-04-24 21:00:00,487,105,21
2320127002,2016-04-24 22:00:00,194,81,22
2320127002,2016-04-24 23:00:00,289,88,23
2320127002,2016-04-25 00:00:00,506,98,0
2320127002,2016-04-25 01:00:00,195,81,1
2320127002,2016-04-25 02:00:00,0,55,2
2320127002,2016-04-25 03:00:00,0,55,3
2320127002,2016-04-25 04:00:00,0,55,4
2320127002,2016-04-25 05:00:00,0,55,5
2320127002,2016-04-25 06:00:00,0,55,6
2320127002,2016-04-25 07:00:00,0,55,7
2320127002,2016-04-25 08:00:00,0,55,8
2320127002,2016-04-25 09:00:00,0,55,9
2320127002,2016-04-25 10:00:00,0,55,10
2320127002,2016-04-25 11:00:00,0,55,11
2320127002,2016-04-25 12:00:00,0,55,12
2320127002,2016-04-25 13:00:00,0,55,13
2320127002,2016-04-25 14:00:00,0,55,14
2320127002,2016-04-25 15:00:00,24,58,15
2320127002,2016-04-25 16:00:00,409,94,16
2320127002,2016-04-25 17:00:00,1013,126,17
2320127002,2016-04-25 18:00:00,368,90,18
2320127002,2016-04-25 19:00:00,53,63,19
2320127002,2016-04-25 20:00:00,284,80,20
2320127002,2016-04-25 21:00:00,298,87,21
2320127002,2016-04-25 22:00:00,380,95,22
2320127002,2016-04-25 23:00:00,58,66,23
2320127002,2016-04-26 00:00:00,0,55,0
2320127002,2016-04-26 01:00:00,20,60,1
2320127002,2016-04-26 02:00:00,71,64,2
2320127002,2016-04-26 03:00:00,0,55,3
2320127002,2016-04-26 04:00:00,0,55,4
2320127002,2016-04-26 05:00:00,0,55,5
2320127002,2016-04-26 06:00:00,0,55,6
2320127002,2016-04-26 07:00:00,0,55,7
2320127002,2016-04-26 08:00:00,0,55,8
2320127002,2016-04-26 09:00:00,0,55,9
2320127002,2016-04-26 10:00:00,0,55,10
2320127002,2016-04-26 11:00:00,0,55,11
2320127002,2016-04-26 12:00:00,0,55,12
2320127002,2016-04-26 13:00:00,0,55,13
2320127002,2016-04-26 14:00:00,0,55,14
2320127002,2016-04-26 15:00:00,0,55,15
2320127002,2016-04-26 16:00:00,244,74,16
2320127002,2016-04-26 17:00:00,401,95,17
2320127002,2016-04-26 18:00:00,345,96,18
2320127002,2016-04-26 19:00:00,390,92,19
2320127002,2016-04-26 20:00:00,412,93,20
2320127002,2016-04-26 21:00:00,522,96,21
2320127002,2016-04-26 22:00:00,758,105,22
2320127002,2016-04-26 23:00:00,246,84,23
2320127002,2016-04-27 00:00:00,0,56,0
2320127002,2016-04-27 01:00:00,0,55,1
2320127002,2016-04-27 02:00:00,0,55,2
2320127002,2016-04-27 03:00:00,0,55,3
2320127002,2016-04-27 04:00:00,152,74,4
2320127002,2016-04-27 05:00:00,79,67,5
2320127002,2016-04-27 06:00:00,4,57,6
2320127002,2016-04-27 07:00:00,500,98,7
2320127002,2016-04-27 08:00:00,829,120,8
2320127002,2016-04-27 09:00:00,151,72,9
2320127002,2016-04-27 10:00:00,0,55,10
2320127002,2016-04-27 11:00:00,0,55,11
2320127002,2016-04-27 12:00:00,0,55,12
2320127002,2016-04-27 13:00:00,0,55,13
2320127002,2016-04-27 14:00:00,0,55,14
2320127002,2016-04-27 15:00:00,0,55,15
2320127002,2016-04-27 16:00:00,0,55,16
2320127002,2016-04-27 17:00:00,0,55,17
2320127002,2016-04-27 18:00:00,0,55,18
2320127002,2016-04-27 19:00:00,0,55,19
2320127002,2016-04-27 20:00:00,0,55,20
2320127002,2016-04-27 21:00:00,0,55,21
2320127002,2016-04-27 22:00:00,0,55,22
2320127002,2016-04-27 23:00:00,0,55,23
2320127002,2016-04-28 00:00:00,138,73,0
2320127002,2016-04-28 01:00:00,357,93,1
2320127002,2016-04-28 02:00:00,374,86,2
2320127002,2016-04-28 03:00:00,412,92,3
2320127002,2016-04-28 04:00:00,0,55,4
2320127002,2016-04-28 05:00:00,0,55,5
2320127002,2016-04-28 06:00:00,0,55,6
2320127002,2016-04-28 07:00:00,251,80,7
2320127002,2016-04-28 08:00:00,0,55,8
2320127002,2016-04-28 09:00:00,0,55,9
2320127002,2016-04-28 10:00:00,0,55,10
2320127002,2016-04-28 11:00:00,0,55,11
2320127002,2016-04-28 12:00:00,0,55,12
2320127002,2016-04-28 13:00:00,0,55,13
2320127002,2016-04-28 14:00:00,0,55,14
2320127002,2016-04-28 15:00:00,0,55,15
2320127002,2016-04-28 16:00:00,0,55,16
2320127002,2016-04-28 17:00:00,0,55,17
2320127002,2016-04-28 18:00:00,0,55,18
2320127002,2016-04-28 19:00:00,0,55,19
2320127002,2016-04-28 20:00:00,0,55,20
2320127002,2016-04-28 21:00:00,0,55,21
2320127002,2016-04-28 22:00:00,0,55,22
2320127002,2016-04-28 23:00:00,0,55,23
2320127002,2016-04-29 00:00:00,0,55,0
2320127002,2016-04-29 01:00:00,0,55,1
2320127002,2016-04-29 02:00:00,0,55,2
2320127002,2016-04-29 03:00:00,0,55,3
2320127002,2016-04-29 04:00:00,0,55,4
2320127002,2016-04-29 05:00:00,0,55,5
2320127002,2016-04-29 06:00:00,241,77,6
2320127002,2016-04-29 07:00:00,577,107,7
2320127002,2016-04-29 08:00:00,106,68,8
2320127002,2016-04-29 09:00:00,0,55,9
2320127002,2016-04-29 10:00:00,0,55,10
2320127002,2016-04-29 11:00:00,0,55,11
2320127002,2016-04-29 12:00:00,0,55,12
2320127002,2016-04-29 13:00:00,0,55,13
2320127002,2016-04-29 14:00:00,0,55,14
2320127002,2016-04-29 15:00:00,0,55,15
2320127002,2016-04-29 16:00:00,0,55,16
2320127002,2016-04-29 17:00:00,0,55,17
2320127002,2016-04-29 18:00:00,0,55,18
2320127002,2016-04-29 19:00:00,0,55,19
2320127002,2016-04-29 20:00:00,0,55,20
2320127002,2016-04-29 21:00:00,0,55,21
2320127002,2016-04-29 22:00:00,0,55,22
2320127002,2016-04-29 23:00:00,0,55,23
2320127002,2016-04-30 00:00:00,0,55,0
2320127002,2016-04-30 01:00:00,65,63,1
2320127002,2016-04-30 02:00:00,249,85,2
2320127002,2016-04-30 03:00:00,378,92,3
2320127002,2016-04-30 04:00:00,582,104,4
2320127002,2016-04-30 05:00:00,336,85,5
2320127002,2016-04-30 06:00:00,219,78,6
2320127002,2016-04-30 07:00:00,353,96,7
2320127002,2016-04-30 08:00:00,388,98,8
2320127002,2016-04-30 09:00:00,267,83,9
2320127002,2016-04-30 10:00:00,552,100,10
2320127002,2016-04-30 11:00:00,303,89,11
2320127002,2016-04-30 12:00:00,0,55,12
2320127002,2016-04-30 13:00:00,0,55,13
2320127002,2016-04-30 14:00:00,0,55,14
2320127002,2016-04-30 15:00:00,0,55,15
2320127002,2016-04-30 16:00:00,0,55,16
2320127002,2016-04-30 17:00:00,0,55,17
2320127002,2016-04-30 18:00:00,0,55,18
2320127002,2016-04-30 19:00:00,0,55,19
2320127002,2016-04-30 20:00:00,210,75,20
2320127002,2016-04-30 21:00:00,331,88,21
2320127002,2016-04-30 22:00:00,185,74,22
2320127002,2016-04-30 23:00:00,140,71,23
2320127002,2016-05-01 00:00:00,267,84,0
2320127002,2016-05-01 01:00:00,179,75,1
2320127002,2016-05-01 02:00:00,326,85,2
2320127002,2016-05-01 03:00:00,0,55,3
2320127002,2016-05-01 04:00:00,0,55,4
2320127002,2016-05-01 05:00:00,0,55,5
2320127002,2016-05-01 06:00:00,0,55,6
2320127002,2016-05-01 07:00:00,0,55,7
2320127002,2016-05-01 08:00:00,0,55,8
2320127002,2016-05-01 09:00:00,0,55,9
2320127002,2016-05-01 10:00:00,0,55,10
2320127002,2016-05-01 11:00:00,0,55,11
2320127002,2016-05-01 12:00:00,0,55,12
2320127002,2016-05-01 13:00:00,0,55,13
2320127002,2016-05-01 14:00:00,0,56,14
2320127002,2016-05-01 15:00:00,0,55,15
2320127002,2016-05-01 16:00:00,0,55,16
2320127002,2016-05-01 17:00:00,0,55,17
2320127002,2016-05-01 18:00:00,0,55,18
2320127002,2016-05-01 19:00:00,0,55,19
2320127002,2016-05-01 20:00:00,0,55,20
2320127002,2016-05-01 21:00:00,0,55,21
2320127002,2016-05-01 22:00:00,0,55,22
2320127002,2016-05-01 23:00:00,0,55,23
2320127002,2016-05-02 00:00:00,0,55,0
2320127002,2016-05-02 01:00:00,285,80,1
2320127002,2016-05-02 02:00:00,322,85,2
2320127002,2016-05-02 03:00:00,564,97,3
2320127002,2016-05-02 04:00:00,203,73,4
2320127002,2016-05-02 05:00:00,0,55,5
2320127002,2016-05-02 06:00:00,0,55,6
2320127002,2016-05-02 07:00:00,0,55,7
2320127002,2016-05-02 08:00:00,0,55,8
2320127002,2016-05-02 09:00:00,0,55,9
2320127002,2016-05-02 10:00:00,0,55,10
2320127002,2016-05-02 11:00:00,0,55,11
2320127002,2016-05-02 12:00:00,0,55,12
2320127002,2016-05-02 13:00:00,0,55,13
2320127002,2016-05-02 14:00:00,0,55,14
2320127002,2016-05-02 15:00:00,0,55,15
2320127002,2016-05-02 16:00:00,0,55,16
2320127002,2016-05-02 17:00:00,0,55,17
2320127002,2016-05-02 18:00:00,0,55,18
2320127002,2016-05-02 19:00:00,151,71,19
2320127002,2016-05-02 20:00:00,860,117,20
2320127002,2016-05-02 21:00:00,1054,127,21
2320127002,2016-05-02 22:00:00,195,79,22
2320127002,2016-05-02 23:00:00,0,55,23
2320127002,2016-05-03 00:00:00,0,55,0
2320127002,2016-05-03 01:00:00,0,55,1
2320127002,2016-05-03 02:00:00,0,55,2
2320127002,2016-05-03 03:00:00,0,55,3
2320127002,2016-05-03 04:00:00,0,55,4
2320127002,2016-05-03 05:00:00,453,95,5
2320127002,2016-05-03 06:00:00,451,97,6
2320127002,2016-05-03 07:00:00,1053,128,7
2320127002,2016-05-03 08:00:00,473,101,8
2320127002,2016-05-03 09:00:00,0,56,9
2320127002,2016-05-03 10:00:00,0,55,10
2320127002,2016-05-03 11:00:00,0,55,11
2320127002,2016-05-03 12:00:00,0,55,12
2320127002,2016-05-03 13:00:00,0,55,13
2320127002,2016-05-03 14:00:00,0,55,14
2320127002,2016-05-03 15:00:00,0,55,15
2320127002,2016-05-03 16:00:00,0,55,16
2320127002,2016-05-03 17:00:00,49,62,17
2320127002,2016-05-03 18:00:00,261,83,18
2320127002,2016-05-03 19:00:00,720,113,19
2320127002,2016-05-03 20:00:00,1940,172,20
2320127002,2016-05-03 21:00:00,656,110,21
2320127002,2016-05-03 22:00:00,1364,141,22
2320127002,2016-05-03 23:00:00,23,58,23
2320127002,2016-05-04 00:00:00,0,55,0
2320127002,2016-05-04 01:00:00,0,55,1
2320127002,2016-05-04 02:00:00,0,55,2
2320127002,2016-05-04 03:00:00,0,55,3
2320127002,2016-05-04 04:00:00,58,61,4
2320127002,2016-05-04 05:00:00,0,55,5
2320127002,2016-05-04 06:00:00,269,83,6
2320127002,2016-05-04 07:00:00,874,123,7
2320127002,2016-05-04 08:00:00,0,55,8
2320127002,2016-05-04 09:00:00,0,55,9
2320127002,2016-05-04 10:00:00,0,55,10
2320127002,2016-05-04 11:00:00,0,55,11
2320127002,2016-05-04 12:00:00,0,55,12
2320127002,2016-05-04 13:00:00,0,55,13
2320127002,2016-05-04 14:00:00,0,55,14
2320127002,2016-05-04 15:00:00,0,55,15
2320127002,2016-05-04 16:00:00,0,55,16
2320127002,2016-05-04 17:00:00,0,55,17
2320127002,2016-05-04 18:00:00,0,55,18
2320127002,2016-05-04 19:00:00,0,55,19
2320127002,2016-05-04 20:00:00,0,55,20
2320127002,2016-05-04 21:00:00,0,55,21
2320127002,2016-05-04 22:00:00,0,55,22
2320127002,2016-05-04 23:00:00,0,55,23
2320127002,2016-05-05 00:00:00,0,55,0
2320127002,2016-05-05 01:00:00,0,55,1
2320127002,2016-05-05 02:00:00,0,55,2
2320127002,2016-05-05 03:00:00,0,55,3
2320127002,2016-05-05 04:00:00,0,55,4
2320127002,2016-05-05 05:00:00,0,55,5
2320127002,2016-05-05 06:00:00,383,90,6
2320127002,2016-05-05 07:00:00,687,115,7
2320127002,2016-05-05 08:00:00,604,105,8
2320127002,2016-05-05 09:00:00,782,109,9
2320127002,2016-05-05 10:00:00,601,108,10
2320127002,2016-05-05 11:00:00,427,97,11
2320127002,2016-05-05 12:00:00,456,93,12
2320127002,2016-05-05 13:00:00,98,68,13
2320127002,2016-05-05 14:00:00,0,55,14
2320127002,2016-05-05 15:00:00,0,55,15
2320127002,2016-05-05 16:00:00,0,55,16
2320127002,2016-05-05 17:00:00,68,62,17
2320127002,2016-05-05 18:00:00,111,68,18
2320127002,2016-05-05 19:00:00,441,94,19
2320127002,2016-05-05 20:00:00,267,83,20
2320127002,2016-05-05 21:00:00,219,75,21
2320127002,2016-05-05 22:00:00,58,62,22
2320127002,2016-05-05 23:00:00,0,55,23
2320127002,2016-05-06 00:00:00,0,55,0
2320127002,2016-05-06 01:00:00,0,55,1
2320127002,2016-05-06 02:00:00,0,55,2
2320127002,2016-05-06 03:00:00,0,55,3
2320127002,2016-05-06 04:00:00,0,55,4
2320127002,2016-05-06 05:00:00,178,69,5
2320127002,2016-05-06 06:00:00,575,109,6
2320127002,2016-05-06 07:00:00,478,94,7
2320127002,2016-05-06 08:00:00,267,82,8
2320127002,2016-05-06 09:00:00,600,97,9
2320127002,2016-05-06 10:00:00,843,115,10
2320127002,2016-05-06 11:00:00,676,110,11
2320127002,2016-05-06 12:00:00,378,86,12
2320127002,2016-05-06 13:00:00,0,55,13
2320127002,2016-05-06 14:00:00,0,55,14
2320127002,2016-05-06 15:00:00,0,55,15
2320127002,2016-05-06 16:00:00,0,55,16
2320127002,2016-05-06 17:00:00,0,55,17
2320127002,2016-05-06 18:00:00,0,55,18
2320127002,2016-05-06 19:00:00,0,55,19
2320127002,2016-05-06 20:00:00,210,77,20
2320127002,2016-05-06 21:00:00,227,82,21
2320127002,2016-05-06 22:00:00,315,87,22
2320127002,2016-05-06 23:00:00,131,70,23
2320127002,2016-05-07 00:00:00,0,55,0
2320127002,2016-05-07 01:00:00,0,55,1
2320127002,2016-05-07 02:00:00,0,55,2
2320127002,2016-05-07 03:00:00,0,55,3
2320127002,2016-05-07 04:00:00,0,55,4
2320127002,2016-05-07 05:00:00,277,80,5
2320127002,2016-05-07 06:00:00,322,79,6
2320127002,2016-05-07 07:00:00,277,82,7
2320127002,2016-05-07 08:00:00,708,105,8
2320127002,2016-05-07 09:00:00,954,126,9
2320127002,2016-05-07 10:00:00,388,89,10
2320127002,2016-05-07 11:00:00,322,87,11
2320127002,2016-05-07 12:00:00,460,100,12
2320127002,2016-05-07 13:00:00,464,87,13
2320127002,2016-05-07 14:00:00,688,108,14
2320127002,2016-05-07 15:00:00,753,120,15
2320127002,2016-05-07 16:00:00,488,104,16
2320127002,2016-05-07 17:00:00,303,84,17
2320127002,2016-05-07 18:00:00,0,55,18
2320127002,2016-05-07 19:00:00,0,55,19
2320127002,2016-05-07 20:00:00,86,66,20
2320127002,2016-05-07 21:00:00,245,86,21
2320127002,2016-05-07 22:00:00,410,102,22
2320127002,2016-05-07 23:00:00,234,83,23
2320127002,2016-05-08 00:00:00,0,55,0
2320127002,2016-05-08 01:00:00,0,55,1
2320127002,2016-05-08 02:00:00,0,55,2
2320127002,2016-05-08 03:00:00,0,55,3
2320127002,2016-05-08 04:00:00,0,55,4
2320127002,2016-05-08 05:00:00,0,55,5
2320127002,2016-05-08 06:00:00,0,55,6
2320127002,2016-05-08 07:00:00,0,55,7
2320127002,2016-05-08 08:00:00,156,74,8
2320127002,2016-05-08 09:00:00,248,82,9
2320127002,2016-05-08 10:00:00,444,97,10
2320127002,2016-05-08 11:00:00,520,102,11
2320127002,2016-05-08 12:00:00,633,105,12
2320127002,2016-05-08 13:00:00,621,109,13
2320127002,2016-05-08 14:00:00,36,59,14
2320127002,2016-05-08 15:00:00,0,55,15
2320127002,2016-05-08 16:00:00,148,72,16
2320127002,2016-05-08 17:00:00,475,100,17
2320127002,2016-05-08 18:00:00,376,93,18
2320127002,2016-05-08 19:00:00,381,96,19
2320127002,2016-05-08 20:00:00,164,79,20
2320127002,2016-05-08 21:00:00,327,90,21
2320127002,2016-05-08 22:00:00,231,82,22
2320127002,2016-05-08 23:00:00,393,85,23
2320127002,2016-05-09 00:00:00,317,87,0
2320127002,2016-05-09 01:00:00,390,91,1
2320127002,2016-05-09 02:00:00,0,55,2
2320127002,2016-05-09 03:00:00,0,55,3
2320127002,2016-05-09 04:00:00,0,55,4
2320127002,2016-05-09 05:00:00,95,65,5
2320127002,2016-05-09 06:00:00,224,80,6
2320127002,2016-05-09 07:00:00,713,105,7
2320127002,2016-05-09 08:00:00,162,78,8
2320127002,2016-05-09 09:00:00,184,76,9
2320127002,2016-05-09 10:00:00,165,75,10
2320127002,2016-05-09 11:00:00,0,55,11
2320127002,2016-05-09 12:00:00,0,55,12
2320127002,2016-05-09 13:00:00,0,55,13
2320127002,2016-05-09 14:00:00,0,58,14
2320127002,2016-05-09 15:00:00,524,98,15
2320127002,2016-05-09 16:00:00,177,81,16
2320127002,2016-05-09 17:00:00,139,73,17
2320127002,2016-05-09 18:00:00,0,55,18
2320127002,2016-05-09 19:00:00,0,55,19
2320127002,2016-05-09 20:00:00,0,55,20
2320127002,2016-05-09 21:00:00,0,55,21
2320127002,2016-05-09 22:00:00,0,55,22
2320127002,2016-05-09 23:00:00,0,55,23
2320127002,2016-05-10 00:00:00,0,55,0
2320127002,2016-05-10 01:00:00,0,55,1
2320127002,2016-05-10 02:00:00,0,55,2
2320127002,2016-05-10 03:00:00,0,55,3
2320127002,2016-05-10 04:00:00,0,55,4
2320127002,2016-05-10 05:00:00,0,55,5
2320127002,2016-05-10 06:00:00,71,67,6
2320127002,2016-05-10 07:00:00,364,94,7
2320127002,2016-05-10 08:00:00,182,78,8
2320127002,2016-05-10 09:00:00,362,92,9
2320127002,2016-05-10 10:00:00,493,93,10
2320127002,2016-05-10 11:00:00,1122,137,11
2320127002,2016-05-10 12:00:00,947,125,12
2320127002,2016-05-10 13:00:00,327,88,13
2320127002,2016-05-10 14:00:00,283,87,14
2320127002,2016-05-10 15:00:00,485,94,15
2320127002,2016-05-10 16:00:00,483,103,16
2320127002,2016-05-10 17:00:00,172,80,17
2320127002,2016-05-10 18:00:00,427,94,18
2320127002,2016-05-10 19:00:00,194,80,19
2320127002,2016-05-10 20:00:00,300,89,20
2320127002,2016-05-10 21:00:00,15,58,21
2320127002,2016-05-10 22:00:00,0,55,22
2320127002,2016-05-10 23:00:00,0,55,23
2320127002,2016-05-11 00:00:00,0,55,0
2320127002,2016-05-11 01:00:00,0,55,1
2320127002,2016-05-11 02:00:00,0,55,2
2320127002,2016-05-11 03:00:00,0,55,3
2320127002,2016-05-11 04:00:00,0,55,4
2320127002,2016-05-11 05:00:00,0,55,5
2320127002,2016-05-11 06:00:00,0,55,6
2320127002,2016-05-11 07:00:00,0,55,7
2320127002,2016-05-11 08:00:00,0,55,8
2320127002,2016-05-11 09:00:00,4,57,9
2320127002,2016-05-11 10:00:00,472,102,10
2320127002,2016-05-11 11:00:00,348,89,11
2320127002,2016-05-11 12:00:00,446,100,12
2320127002,2016-05-11 13:00:00,283,81,13
2320127002,2016-05-11 14:00:00,241,78,14
2320127002,2016-05-11 15:00:00,364,92,15
2320127002,2016-05-11 16:00:00,493,97,16
2320127002,2016-05-11 17:00:00,999,127,17
2320127002,2016-05-11 18:00:00,172,74,18
2320127002,2016-05-11 19:00:00,324,87,19
2320127002,2016-05-11 20:00:00,723,115,20
2320127002,2016-05-11 21:00:00,522,102,21
2320127002,2016-05-11 22:00:00,605,113,22
2320127002,2016-05-11 23:00:00,428,95,23
2320127002,2016-05-12 00:00:00,0,55,0
2320127002,2016-05-12 01:00:00,0,55,1
2320127002,2016-05-12 02:00:00,0,56,2
2320127002,2016-05-12 03:00:00,0,55,3
2320127002,2016-05-12 04:00:00,0,55,4
2320127002,2016-05-12 05:00:00,0,55,5
2320127002,2016-05-12 06:00:00,0,55,6
2320127002,2016-05-12 07:00:00,0,55,7
2320127002,2016-05-12 08:00:00,0,55,8
2320127002,2016-05-12 09:00:00,119,70,9
2320127002,2016-05-12 10:00:00,817,118,10
2320127002,2016-05-12 11:00:00,426,100,11
2320127002,2016-05-12 12:00:00,535,107,12
2320127002,2016-05-12 13:00:00,402,89,13
2320127002,2016-05-12 14:00:00,265,83,14
2347167796,2016-04-12 00:00:00,0,56,0
2347167796,2016-04-12 01:00:00,0,56,1
2347167796,2016-04-12 02:00:00,0,56,2
2347167796,2016-04-12 03:00:00,0,56,3
2347167796,2016-04-12 04:00:00,0,56,4
2347167796,2016-04-12 05:00:00,0,56,5
2347167796,2016-04-12 06:00:00,0,56,6
2347167796,2016-04-12 07:00:00,397,101,7
2347167796,2016-04-12 08:00:00,1195,167,8
2347167796,2016-04-12 09:00:00,193,85,9
2347167796,2016-04-12 10:00:00,111,74,10
2347167796,2016-04-12 11:00:00,169,122,11
2347167796,2016-04-12 12:00:00,179,83,12
2347167796,2016-04-12 13:00:00,371,105,13
2347167796,2016-04-12 14:00:00,47,134,14
2347167796,2016-04-12 15:00:00,337,163,15
2347167796,2016-04-12 16:00:00,135,84,16
2347167796,2016-04-12 17:00:00,433,94,17
2347167796,2016-04-12 18:00:00,1546,154,18
2347167796,2016-04-12 19:00:00,355,93,19
2347167796,2016-04-12 20:00:00,1391,151,20
2347167796,2016-04-12 21:00:00,3229,224,21
2347167796,2016-04-12 22:00:00,25,59,22
2347167796,2016-04-12 23:00:00,0,57,23
2347167796,2016-04-13 00:00:00,0,58,0
2347167796,2016-04-13 01:00:00,0,58,1
2347167796,2016-04-13 02:00:00,0,57,2
2347167796,2016-04-13 03:00:00,0,56,3
2347167796,2016-04-13 04:00:00,0,57,4
2347167796,2016-04-13 05:00:00,0,57,5
2347167796,2016-04-13 06:00:00,6,59,6
2347167796,2016-04-13 07:00:00,2581,185,7
2347167796,2016-04-13 08:00:00,1175,125,8
2347167796,2016-04-13 09:00:00,12,64,9
2347167796,2016-04-13 10:00:00,158,76,10
2347167796,2016-04-13 11:00:00,59,67,11
2347167796,2016-04-13 12:00:00,366,97,12
2347167796,2016-04-13 13:00:00,1200,121,13
2347167796,2016-04-13 14:00:00,112,77,14
2347167796,2016-04-13 15:00:00,154,75,15
2347167796,2016-04-13 16:00:00,311,91,16
2347167796,2016-04-13 17:00:00,122,73,17
2347167796,2016-04-13 18:00:00,1280,140,18
2347167796,2016-04-13 19:00:00,14,63,19
2347167796,2016-04-13 20:00:00,489,86,20
2347167796,2016-04-13 21:00:00,2197,174,21
2347167796,2016-04-13 22:00:00,116,65,22
2347167796,2016-04-13 23:00:00,0,58,23
2347167796,2016-04-14 00:00:00,8,59,0
2347167796,2016-04-14 01:00:00,0,58,1
2347167796,2016-04-14 02:00:00,0,57,2
2347167796,2016-04-14 03:00:00,0,57,3
2347167796,2016-04-14 04:00:00,0,57,4
2347167796,2016-04-14 05:00:00,0,57,5
2347167796,2016-04-14 06:00:00,12,60,6
2347167796,2016-04-14 07:00:00,2706,197,7
2347167796,2016-04-14 08:00:00,1041,119,8
2347167796,2016-04-14 09:00:00,264,80,9
2347167796,2016-04-14 10:00:00,370,84,10
2347167796,2016-04-14 11:00:00,283,82,11
2347167796,2016-04-14 12:00:00,382,82,12
2347167796,2016-04-14 13:00:00,2423,173,13
2347167796,2016-04-14 14:00:00,275,86,14
2347167796,2016-04-14 15:00:00,170,77,15
2347167796,2016-04-14 16:00:00,117,77,16
2347167796,2016-04-14 17:00:00,99,70,17
2347167796,2016-04-14 18:00:00,1364,144,18
2347167796,2016-04-14 19:00:00,137,72,19
2347167796,2016-04-14 20:00:00,53,64,20
2347167796,2016-04-14 21:00:00,305,77,21
2347167796,2016-04-14 22:00:00,120,66,22
2347167796,2016-04-14 23:00:00,0,57,23
2347167796,2016-04-15 00:00:00,0,57,0
2347167796,2016-04-15 01:00:00,0,57,1
2347167796,2016-04-15 02:00:00,12,60,2
2347167796,2016-04-15 03:00:00,0,57,3
2347167796,2016-04-15 04:00:00,0,57,4
2347167796,2016-04-15 05:00:00,0,57,5
2347167796,2016-04-15 06:00:00,9,59,6
2347167796,2016-04-15 07:00:00,2813,194,7
2347167796,2016-04-15 08:00:00,1077,121,8
2347167796,2016-04-15 09:00:00,291,86,9
2347167796,2016-04-15 10:00:00,51,67,10
2347167796,2016-04-15 11:00:00,146,76,11
2347167796,2016-04-15 12:00:00,259,85,12
2347167796,2016-04-15 13:00:00,359,93,13
2347167796,2016-04-15 14:00:00,131,74,14
2347167796,2016-04-15 15:00:00,15,63,15
2347167796,2016-04-15 16:00:00,323,87,16
2347167796,2016-04-15 17:00:00,73,63,17
2347167796,2016-04-15 18:00:00,2499,198,18
2347167796,2016-04-15 19:00:00,1137,174,19
2347167796,2016-04-15 20:00:00,732,118,20
2347167796,2016-04-15 21:00:00,294,91,21
2347167796,2016-04-15 22:00:00,244,86,22
2347167796,2016-04-15 23:00:00,0,56,23
2347167796,2016-04-16 00:00:00,0,56,0
2347167796,2016-04-16 01:00:00,0,56,1
2347167796,2016-04-16 02:00:00,0,56,2
2347167796,2016-04-16 03:00:00,0,56,3
2347167796,2016-04-16 04:00:00,0,56,4
2347167796,2016-04-16 05:00:00,0,56,5
2347167796,2016-04-16 06:00:00,0,56,6
2347167796,2016-04-16 07:00:00,1446,124,7
2347167796,2016-04-16 08:00:00,5291,334,8
2347167796,2016-04-16 09:00:00,5249,329,9
2347167796,2016-04-16 10:00:00,468,106,10
2347167796,2016-04-16 11:00:00,869,122,11
2347167796,2016-04-16 12:00:00,529,100,12
2347167796,2016-04-16 13:00:00,352,84,13
2347167796,2016-04-16 14:00:00,0,56,14
2347167796,2016-04-16 15:00:00,0,56,15
2347167796,2016-04-16 16:00:00,0,57,16
2347167796,2016-04-16 17:00:00,1344,160,17
2347167796,2016-04-16 18:00:00,2139,180,18
2347167796,2016-04-16 19:00:00,943,127,19
2347167796,2016-04-16 20:00:00,1496,150,20
2347167796,2016-04-16 21:00:00,1571,138,21
2347167796,2016-04-16 22:00:00,547,95,22
2347167796,2016-04-16 23:00:00,0,57,23
2347167796,2016-04-17 00:00:00,0,57,0
2347167796,2016-04-17 01:00:00,0,57,1
2347167796,2016-04-17 02:00:00,0,57,2
2347167796,2016-04-17 03:00:00,0,57,3
2347167796,2016-04-17 04:00:00,8,58,4
2347167796,2016-04-17 05:00:00,0,57,5
2347167796,2016-04-17 06:00:00,0,56,6
2347167796,2016-04-17 07:00:00,20,61,7
2347167796,2016-04-17 08:00:00,22,61,8
2347167796,2016-04-17 09:00:00,161,73,9
2347167796,2016-04-17 10:00:00,541,111,10
2347167796,2016-04-17 11:00:00,1489,160,11
2347167796,2016-04-17 12:00:00,21,62,12
2347167796,2016-04-17 13:00:00,872,124,13
2347167796,2016-04-17 14:00:00,578,113,14
2347167796,2016-04-17 15:00:00,219,89,15
2347167796,2016-04-17 16:00:00,57,74,16
2347167796,2016-04-17 17:00:00,256,87,17
2347167796,2016-04-17 18:00:00,495,98,18
2347167796,2016-04-17 19:00:00,334,93,19
2347167796,2016-04-17 20:00:00,217,84,20
2347167796,2016-04-17 21:00:00,182,81,21
2347167796,2016-04-17 22:00:00,0,57,22
2347167796,2016-04-17 23:00:00,0,57,23
2347167796,2016-04-18 00:00:00,6,59,0
2347167796,2016-04-18 01:00:00,0,57,1
2347167796,2016-04-18 02:00:00,0,57,2
2347167796,2016-04-18 03:00:00,0,57,3
2347167796,2016-04-18 04:00:00,0,57,4
2347167796,2016-04-18 05:00:00,0,57,5
2347167796,2016-04-18 06:00:00,15,60,6
2347167796,2016-04-18 07:00:00,418,95,7
2347167796,2016-04-18 08:00:00,1158,122,8
2347167796,2016-04-18 09:00:00,23,65,9
2347167796,2016-04-18 10:00:00,178,76,10
2347167796,2016-04-18 11:00:00,120,72,11
2347167796,2016-04-18 12:00:00,83,70,12
2347167796,2016-04-18 13:00:00,1439,133,13
2347167796,2016-04-18 14:00:00,606,99,14
2347167796,2016-04-18 15:00:00,147,71,15
2347167796,2016-04-18 16:00:00,175,79,16
2347167796,2016-04-18 17:00:00,92,67,17
2347167796,2016-04-18 18:00:00,1070,127,18
2347167796,2016-04-18 19:00:00,101,76,19
2347167796,2016-04-18 20:00:00,2497,207,20
2347167796,2016-04-18 21:00:00,104,67,21
2347167796,2016-04-18 22:00:00,15,60,22
2347167796,2016-04-18 23:00:00,0,57,23
2347167796,2016-04-19 00:00:00,0,57,0
2347167796,2016-04-19 01:00:00,0,57,1
2347167796,2016-04-19 02:00:00,0,57,2
2347167796,2016-04-19 03:00:00,0,56,3
2347167796,2016-04-19 04:00:00,0,57,4
2347167796,2016-04-19 05:00:00,20,59,5
2347167796,2016-04-19 06:00:00,148,66,6
2347167796,2016-04-19 07:00:00,291,85,7
2347167796,2016-04-19 08:00:00,1033,144,8
2347167796,2016-04-19 09:00:00,72,101,9
2347167796,2016-04-19 10:00:00,235,126,10
2347167796,2016-04-19 11:00:00,253,200,11
2347167796,2016-04-19 12:00:00,228,162,12
2347167796,2016-04-19 13:00:00,897,124,13
2347167796,2016-04-19 14:00:00,102,120,14
2347167796,2016-04-19 15:00:00,177,123,15
2347167796,2016-04-19 16:00:00,307,109,16
2347167796,2016-04-19 17:00:00,114,73,17
2347167796,2016-04-19 18:00:00,1170,152,18
2347167796,2016-04-19 19:00:00,1088,125,19
2347167796,2016-04-19 20:00:00,360,97,20
2347167796,2016-04-19 21:00:00,216,82,21
2347167796,2016-04-19 22:00:00,0,56,22
2347167796,2016-04-19 23:00:00,0,56,23
2347167796,2016-04-20 00:00:00,0,56,0
2347167796,2016-04-20 01:00:00,0,56,1
2347167796,2016-04-20 02:00:00,0,56,2
2347167796,2016-04-20 03:00:00,0,56,3
2347167796,2016-04-20 04:00:00,0,56,4
2347167796,2016-04-20 05:00:00,0,56,5
2347167796,2016-04-20 06:00:00,0,56,6
2347167796,2016-04-20 07:00:00,2534,199,7
2347167796,2016-04-20 08:00:00,1131,127,8
2347167796,2016-04-20 09:00:00,82,68,9
2347167796,2016-04-20 10:00:00,171,74,10
2347167796,2016-04-20 11:00:00,78,68,11
2347167796,2016-04-20 12:00:00,224,82,12
2347167796,2016-04-20 13:00:00,571,96,13
2347167796,2016-04-20 14:00:00,315,85,14
2347167796,2016-04-20 15:00:00,126,76,15
2347167796,2016-04-20 16:00:00,320,89,16
2347167796,2016-04-20 17:00:00,544,103,17
2347167796,2016-04-20 18:00:00,1622,206,18
2347167796,2016-04-20 19:00:00,1054,141,19
2347167796,2016-04-20 20:00:00,1909,181,20
2347167796,2016-04-20 21:00:00,161,80,21
2347167796,2016-04-20 22:00:00,157,71,22
2347167796,2016-04-20 23:00:00,0,57,23
2347167796,2016-04-21 00:00:00,7,58,0
2347167796,2016-04-21 01:00:00,0,57,1
2347167796,2016-04-21 02:00:00,7,58,2
2347167796,2016-04-21 03:00:00,0,57,3
2347167796,2016-04-21 04:00:00,0,57,4
2347167796,2016-04-21 05:00:00,0,57,5
2347167796,2016-04-21 06:00:00,141,69,6
2347167796,2016-04-21 07:00:00,257,82,7
2347167796,2016-04-21 08:00:00,909,119,8
2347167796,2016-04-21 09:00:00,19,63,9
2347167796,2016-04-21 10:00:00,128,75,10
2347167796,2016-04-21 11:00:00,140,76,11
2347167796,2016-04-21 12:00:00,735,105,12
2347167796,2016-04-21 13:00:00,232,82,13
2347167796,2016-04-21 14:00:00,254,94,14
2347167796,2016-04-21 15:00:00,89,75,15
2347167796,2016-04-21 16:00:00,91,72,16
2347167796,2016-04-21 17:00:00,46,67,17
2347167796,2016-04-21 18:00:00,1361,134,18
2347167796,2016-04-21 19:00:00,294,89,19
2347167796,2016-04-21 20:00:00,1880,153,20
2347167796,2016-04-21 21:00:00,3410,230,21
2347167796,2016-04-21 22:00:00,80,65,22
2347167796,2016-04-21 23:00:00,0,57,23
2347167796,2016-04-22 00:00:00,0,57,0
2347167796,2016-04-22 01:00:00,0,57,1
2347167796,2016-04-22 02:00:00,0,57,2
2347167796,2016-04-22 03:00:00,0,57,3
2347167796,2016-04-22 04:00:00,38,62,4
2347167796,2016-04-22 05:00:00,10,58,5
2347167796,2016-04-22 06:00:00,13,59,6
2347167796,2016-04-22 07:00:00,3724,255,7
2347167796,2016-04-22 08:00:00,879,112,8
2347167796,2016-04-22 09:00:00,41,67,9
2347167796,2016-04-22 10:00:00,74,70,10
2347167796,2016-04-22 11:00:00,61,73,11
2347167796,2016-04-22 12:00:00,276,89,12
2347167796,2016-04-22 13:00:00,411,96,13
2347167796,2016-04-22 14:00:00,276,91,14
2347167796,2016-04-22 15:00:00,315,91,15
2347167796,2016-04-22 16:00:00,184,80,16
2347167796,2016-04-22 17:00:00,512,96,17
2347167796,2016-04-22 18:00:00,876,116,18
2347167796,2016-04-22 19:00:00,13,61,19
2347167796,2016-04-22 20:00:00,79,67,20
2347167796,2016-04-22 21:00:00,0,59,21
2347167796,2016-04-22 22:00:00,0,57,22
2347167796,2016-04-22 23:00:00,22,60,23
2347167796,2016-04-23 00:00:00,0,57,0
2347167796,2016-04-23 01:00:00,0,57,1
2347167796,2016-04-23 02:00:00,0,57,2
2347167796,2016-04-23 03:00:00,4,58,3
2347167796,2016-04-23 04:00:00,0,56,4
2347167796,2016-04-23 05:00:00,0,57,5
2347167796,2016-04-23 06:00:00,18,59,6
2347167796,2016-04-23 07:00:00,150,72,7
2347167796,2016-04-23 08:00:00,4214,301,8
2347167796,2016-04-23 09:00:00,522,90,9
2347167796,2016-04-23 10:00:00,825,119,10
2347167796,2016-04-23 11:00:00,2143,218,11
2347167796,2016-04-23 12:00:00,1056,131,12
2347167796,2016-04-23 13:00:00,1908,211,13
2347167796,2016-04-23 14:00:00,121,106,14
2347167796,2016-04-23 15:00:00,99,71,15
2347167796,2016-04-23 16:00:00,468,90,16
2347167796,2016-04-23 17:00:00,1139,147,17
2347167796,2016-04-23 18:00:00,1267,135,18
2347167796,2016-04-23 19:00:00,323,109,19
2347167796,2016-04-23 20:00:00,1603,157,20
2347167796,2016-04-23 21:00:00,225,87,21
2347167796,2016-04-23 22:00:00,713,114,22
2347167796,2016-04-23 23:00:00,103,69,23
2347167796,2016-04-24 00:00:00,0,57,0
2347167796,2016-04-24 01:00:00,0,57,1
2347167796,2016-04-24 02:00:00,0,57,2
2347167796,2016-04-24 03:00:00,0,57,3
2347167796,2016-04-24 04:00:00,0,57,4
2347167796,2016-04-24 05:00:00,0,56,5
2347167796,2016-04-24 06:00:00,7,58,6
2347167796,2016-04-24 07:00:00,324,83,7
2347167796,2016-04-24 08:00:00,1151,133,8
2347167796,2016-04-24 09:00:00,459,103,9
2347167796,2016-04-24 10:00:00,804,129,10
2347167796,2016-04-24 11:00:00,1178,148,11
2347167796,2016-04-24 12:00:00,82,71,12
2347167796,2016-04-24 13:00:00,973,135,13
2347167796,2016-04-24 14:00:00,256,89,14
2347167796,2016-04-24 15:00:00,211,95,15
2347167796,2016-04-24 16:00:00,100,79,16
2347167796,2016-04-24 17:00:00,166,82,17
2347167796,2016-04-24 18:00:00,738,125,18
2347167796,2016-04-24 19:00:00,1835,180,19
2347167796,2016-04-24 20:00:00,697,117,20
2347167796,2016-04-24 21:00:00,490,106,21
2347167796,2016-04-24 22:00:00,0,57,22
2347167796,2016-04-24 23:00:00,0,56,23
2347167796,2016-04-25 00:00:00,0,56,0
2347167796,2016-04-25 01:00:00,0,57,1
2347167796,2016-04-25 02:00:00,10,58,2
2347167796,2016-04-25 03:00:00,0,57,3
2347167796,2016-04-25 04:00:00,0,57,4
2347167796,2016-04-25 05:00:00,6,58,5
2347167796,2016-04-25 06:00:00,16,61,6
2347167796,2016-04-25 07:00:00,284,87,7
2347167796,2016-04-25 08:00:00,1111,127,8
2347167796,2016-04-25 09:00:00,252,81,9
2347167796,2016-04-25 10:00:00,197,81,10
2347167796,2016-04-25 11:00:00,152,72,11
2347167796,2016-04-25 12:00:00,787,107,12
2347167796,2016-04-25 13:00:00,129,73,13
2347167796,2016-04-25 14:00:00,141,83,14
2347167796,2016-04-25 15:00:00,208,83,15
2347167796,2016-04-25 16:00:00,120,75,16
2347167796,2016-04-25 17:00:00,185,82,17
2347167796,2016-04-25 18:00:00,2882,210,18
2347167796,2016-04-25 19:00:00,1953,202,19
2347167796,2016-04-25 20:00:00,429,100,20
2347167796,2016-04-25 21:00:00,165,77,21
2347167796,2016-04-25 22:00:00,455,92,22
2347167796,2016-04-25 23:00:00,0,57,23
2347167796,2016-04-26 00:00:00,0,57,0
2347167796,2016-04-26 01:00:00,0,57,1
2347167796,2016-04-26 02:00:00,0,57,2
2347167796,2016-04-26 03:00:00,0,57,3
2347167796,2016-04-26 04:00:00,0,57,4
2347167796,2016-04-26 05:00:00,0,57,5
2347167796,2016-04-26 06:00:00,178,74,6
2347167796,2016-04-26 07:00:00,102,72,7
2347167796,2016-04-26 08:00:00,909,118,8
2347167796,2016-04-26 09:00:00,299,81,9
2347167796,2016-04-26 10:00:00,138,79,10
2347167796,2016-04-26 11:00:00,317,85,11
2347167796,2016-04-26 12:00:00,322,86,12
2347167796,2016-04-26 13:00:00,1251,130,13
2347167796,2016-04-26 14:00:00,236,81,14
2347167796,2016-04-26 15:00:00,15,63,15
2347167796,2016-04-26 16:00:00,101,70,16
2347167796,2016-04-26 17:00:00,28,64,17
2347167796,2016-04-26 18:00:00,1347,143,18
2347167796,2016-04-26 19:00:00,293,92,19
2347167796,2016-04-26 20:00:00,179,82,20
2347167796,2016-04-26 21:00:00,233,80,21
2347167796,2016-04-26 22:00:00,32,62,22
2347167796,2016-04-26 23:00:00,0,57,23
2347167796,2016-04-27 00:00:00,0,57,0
2347167796,2016-04-27 01:00:00,0,57,1
2347167796,2016-04-27 02:00:00,0,57,2
2347167796,2016-04-27 03:00:00,0,57,3
2347167796,2016-04-27 04:00:00,0,57,4
2347167796,2016-04-27 05:00:00,0,57,5
2347167796,2016-04-27 06:00:00,20,60,6
2347167796,2016-04-27 07:00:00,169,76,7
2347167796,2016-04-27 08:00:00,792,106,8
2347167796,2016-04-27 09:00:00,239,79,9
2347167796,2016-04-27 10:00:00,338,88,10
2347167796,2016-04-27 11:00:00,212,82,11
2347167796,2016-04-27 12:00:00,483,92,12
2347167796,2016-04-27 13:00:00,267,83,13
2347167796,2016-04-27 14:00:00,754,114,14
2347167796,2016-04-27 15:00:00,184,84,15
2347167796,2016-04-27 16:00:00,220,83,16
2347167796,2016-04-27 17:00:00,255,95,17
2347167796,2016-04-27 18:00:00,1500,148,18
2347167796,2016-04-27 19:00:00,4359,297,19
2347167796,2016-04-27 20:00:00,1204,145,20
2347167796,2016-04-27 21:00:00,315,94,21
2347167796,2016-04-27 22:00:00,112,68,22
2347167796,2016-04-27 23:00:00,0,59,23
2347167796,2016-04-28 00:00:00,10,58,0
2347167796,2016-04-28 01:00:00,0,56,1
2347167796,2016-04-28 02:00:00,18,61,2
2347167796,2016-04-28 03:00:00,0,57,3
2347167796,2016-04-28 04:00:00,0,56,4
2347167796,2016-04-28 05:00:00,0,57,5
2347167796,2016-04-28 06:00:00,228,77,6
2347167796,2016-04-28 07:00:00,20,60,7
2347167796,2016-04-28 08:00:00,1264,145,8
2347167796,2016-04-28 09:00:00,138,77,9
2347167796,2016-04-28 10:00:00,123,69,10
2347167796,2016-04-28 11:00:00,481,96,11
2347167796,2016-04-28 12:00:00,313,84,12
2347167796,2016-04-28 13:00:00,194,78,13
2347167796,2016-04-28 14:00:00,326,86,14
2347167796,2016-04-28 15:00:00,283,89,15
2347167796,2016-04-28 16:00:00,174,80,16
2347167796,2016-04-28 17:00:00,178,79,17
2347167796,2016-04-28 18:00:00,1067,127,18
2347167796,2016-04-28 19:00:00,69,71,19
2347167796,2016-04-28 20:00:00,130,79,20
2347167796,2016-04-28 21:00:00,43,67,21
2347167796,2016-04-28 22:00:00,380,90,22
2347167796,2016-04-28 23:00:00,0,57,23
2347167796,2016-04-29 00:00:00,0,57,0
2347167796,2016-04-29 01:00:00,8,58,1
2347167796,2016-04-29 02:00:00,0,57,2
2347167796,2016-04-29 03:00:00,0,57,3
2347167796,2016-04-29 04:00:00,17,59,4
2347167796,2016-04-29 05:00:00,0,57,5
2873212765,2016-04-12 00:00:00,0,53,0
2873212765,2016-04-12 01:00:00,0,53,1
2873212765,2016-04-12 02:00:00,0,53,2
2873212765,2016-04-12 03:00:00,0,53,3
2873212765,2016-04-12 04:00:00,0,53,4
2873212765,2016-04-12 05:00:00,306,94,5
2873212765,2016-04-12 06:00:00,17,63,6
2873212765,2016-04-12 07:00:00,1373,120,7
2873212765,2016-04-12 08:00:00,1150,137,8
2873212765,2016-04-12 09:00:00,1025,141,9
2873212765,2016-04-12 10:00:00,802,118,10
2873212765,2016-04-12 11:00:00,328,71,11
2873212765,2016-04-12 12:00:00,1280,151,12
2873212765,2016-04-12 13:00:00,637,111,13
2873212765,2016-04-12 14:00:00,169,69,14
2873212765,2016-04-12 15:00:00,95,64,15
2873212765,2016-04-12 16:00:00,251,76,16
2873212765,2016-04-12 17:00:00,93,70,17
2873212765,2016-04-12 18:00:00,737,123,18
2873212765,2016-04-12 19:00:00,255,75,19
2873212765,2016-04-12 20:00:00,259,74,20
2873212765,2016-04-12 21:00:00,19,57,21
2873212765,2016-04-12 22:00:00,0,53,22
2873212765,2016-04-12 23:00:00,0,53,23
2873212765,2016-04-13 00:00:00,0,53,0
2873212765,2016-04-13 01:00:00,0,53,1
2873212765,2016-04-13 02:00:00,0,53,2
2873212765,2016-04-13 03:00:00,0,53,3
2873212765,2016-04-13 04:00:00,0,53,4
2873212765,2016-04-13 05:00:00,321,87,5
2873212765,2016-04-13 06:00:00,203,79,6
2873212765,2016-04-13 07:00:00,840,98,7
2873212765,2016-04-13 08:00:00,873,122,8
2873212765,2016-04-13 09:00:00,632,133,9
2873212765,2016-04-13 10:00:00,364,118,10
2873212765,2016-04-13 11:00:00,550,93,11
2873212765,2016-04-13 12:00:00,803,134,12
2873212765,2016-04-13 13:00:00,851,121,13
2873212765,2016-04-13 14:00:00,228,70,14
2873212765,2016-04-13 15:00:00,354,87,15
2873212765,2016-04-13 16:00:00,265,82,16
2873212765,2016-04-13 17:00:00,469,101,17
2873212765,2016-04-13 18:00:00,312,80,18
2873212765,2016-04-13 19:00:00,146,73,19
2873212765,2016-04-13 20:00:00,105,68,20
2873212765,2016-04-13 21:00:00,5,57,21
2873212765,2016-04-13 22:00:00,230,81,22
2873212765,2016-04-13 23:00:00,67,58,23
2873212765,2016-04-14 00:00:00,0,53,0
2873212765,2016-04-14 01:00:00,0,53,1
2873212765,2016-04-14 02:00:00,0,53,2
2873212765,2016-04-14 03:00:00,0,53,3
2873212765,2016-04-14 04:00:00,0,53,4
2873212765,2016-04-14 05:00:00,0,53,5
2873212765,2016-04-14 06:00:00,224,77,6
2873212765,2016-04-14 07:00:00,1123,123,7
2873212765,2016-04-14 08:00:00,544,119,8
2873212765,2016-04-14 09:00:00,871,121,9
2873212765,2016-04-14 10:00:00,1403,114,10
2873212765,2016-04-14 11:00:00,318,77,11
2873212765,2016-04-14 12:00:00,291,84,12
2873212765,2016-04-14 13:00:00,568,104,13
2873212765,2016-04-14 14:00:00,531,92,14
2873212765,2016-04-14 15:00:00,742,97,15
2873212765,2016-04-14 16:00:00,26,54,16
2873212765,2016-04-14 17:00:00,366,87,17
2873212765,2016-04-14 18:00:00,450,98,18
2873212765,2016-04-14 19:00:00,198,74,19
2873212765,2016-04-14 20:00:00,123,77,20
2873212765,2016-04-14 21:00:00,132,73,21
2873212765,2016-04-14 22:00:00,0,53,22
2873212765,2016-04-14 23:00:00,0,53,23
2873212765,2016-04-15 00:00:00,0,53,0
2873212765,2016-04-15 01:00:00,0,53,1
2873212765,2016-04-15 02:00:00,0,53,2
2873212765,2016-04-15 03:00:00,0,53,3
2873212765,2016-04-15 04:00:00,0,53,4
2873212765,2016-04-15 05:00:00,302,92,5
2873212765,2016-04-15 06:00:00,247,95,6
2873212765,2016-04-15 07:00:00,1031,110,7
2873212765,2016-04-15 08:00:00,649,104,8
2873212765,2016-04-15 09:00:00,727,117,9
2873212765,2016-04-15 10:00:00,562,109,10
2873212765,2016-04-15 11:00:00,636,99,11
2873212765,2016-04-15 12:00:00,899,130,12
2873212765,2016-04-15 13:00:00,665,106,13
2873212765,2016-04-15 14:00:00,754,125,14
2873212765,2016-04-15 15:00:00,312,97,15
2873212765,2016-04-15 16:00:00,666,112,16
2873212765,2016-04-15 17:00:00,128,76,17
2873212765,2016-04-15 18:00:00,241,91,18
2873212765,2016-04-15 19:00:00,179,71,19
2873212765,2016-04-15 20:00:00,378,95,20
2873212765,2016-04-15 21:00:00,106,66,21
2873212765,2016-04-15 22:00:00,0,53,22
2873212765,2016-04-15 23:00:00,0,53,23
2873212765,2016-04-16 00:00:00,0,53,0
2873212765,2016-04-16 01:00:00,0,53,1
2873212765,2016-04-16 02:00:00,0,53,2
2873212765,2016-04-16 03:00:00,0,53,3
2873212765,2016-04-16 04:00:00,0,53,4
2873212765,2016-04-16 05:00:00,0,53,5
2873212765,2016-04-16 06:00:00,0,53,6
2873212765,2016-04-16 07:00:00,2650,287,7
2873212765,2016-04-16 08:00:00,1999,202,8
2873212765,2016-04-16 09:00:00,252,73,9
2873212765,2016-04-16 10:00:00,194,79,10
2873212765,2016-04-16 11:00:00,326,93,11
2873212765,2016-04-16 12:00:00,712,115,12
2873212765,2016-04-16 13:00:00,0,54,13
2873212765,2016-04-16 14:00:00,590,103,14
2873212765,2016-04-16 15:00:00,1196,135,15
2873212765,2016-04-16 16:00:00,292,83,16
2873212765,2016-04-16 17:00:00,578,101,17
2873212765,2016-04-16 18:00:00,204,75,18
2873212765,2016-04-16 19:00:00,324,90,19
2873212765,2016-04-16 20:00:00,141,95,20
2873212765,2016-04-16 21:00:00,109,70,21
2873212765,2016-04-16 22:00:00,103,64,22
2873212765,2016-04-16 23:00:00,7,60,23
2873212765,2016-04-17 00:00:00,276,82,0
2873212765,2016-04-17 01:00:00,0,53,1
2873212765,2016-04-17 02:00:00,0,53,2
2873212765,2016-04-17 03:00:00,0,53,3
2873212765,2016-04-17 04:00:00,0,53,4
2873212765,2016-04-17 05:00:00,0,53,5
2873212765,2016-04-17 06:00:00,0,53,6
2873212765,2016-04-17 07:00:00,0,53,7
2873212765,2016-04-17 08:00:00,0,53,8
2873212765,2016-04-17 09:00:00,0,53,9
2873212765,2016-04-17 10:00:00,94,62,10
2873212765,2016-04-17 11:00:00,8,54,11
2873212765,2016-04-17 12:00:00,29,56,12
2873212765,2016-04-17 13:00:00,1079,120,13
2873212765,2016-04-17 14:00:00,273,94,14
2873212765,2016-04-17 15:00:00,83,65,15
2873212765,2016-04-17 16:00:00,31,58,16
2873212765,2016-04-17 17:00:00,169,79,17
2873212765,2016-04-17 18:00:00,172,70,18
2873212765,2016-04-17 19:00:00,163,82,19
2873212765,2016-04-17 20:00:00,93,70,20
2873212765,2016-04-17 21:00:00,54,58,21
2873212765,2016-04-17 22:00:00,0,53,22
2873212765,2016-04-17 23:00:00,0,53,23
2873212765,2016-04-18 00:00:00,0,53,0
2873212765,2016-04-18 01:00:00,0,53,1
2873212765,2016-04-18 02:00:00,0,53,2
2873212765,2016-04-18 03:00:00,0,53,3
2873212765,2016-04-18 04:00:00,0,53,4
2873212765,2016-04-18 05:00:00,240,78,5
2873212765,2016-04-18 06:00:00,163,75,6
2873212765,2016-04-18 07:00:00,1215,111,7
2873212765,2016-04-18 08:00:00,1325,151,8
2873212765,2016-04-18 09:00:00,746,123,9
2873212765,2016-04-18 10:00:00,850,103,10
2873212765,2016-04-18 11:00:00,322,74,11
2873212765,2016-04-18 12:00:00,1053,148,12
2873212765,2016-04-18 13:00:00,661,110,13
2873212765,2016-04-18 14:00:00,65,65,14
2873212765,2016-04-18 15:00:00,217,73,15
2873212765,2016-04-18 16:00:00,268,78,16
2873212765,2016-04-18 17:00:00,178,78,17
2873212765,2016-04-18 18:00:00,160,71,18
2873212765,2016-04-18 19:00:00,85,63,19
2873212765,2016-04-18 20:00:00,214,68,20
2873212765,2016-04-18 21:00:00,0,53,21
2873212765,2016-04-18 22:00:00,0,53,22
2873212765,2016-04-18 23:00:00,0,53,23
2873212765,2016-04-19 00:00:00,0,53,0
2873212765,2016-04-19 01:00:00,0,53,1
2873212765,2016-04-19 02:00:00,0,53,2
2873212765,2016-04-19 03:00:00,0,53,3
2873212765,2016-04-19 04:00:00,0,53,4
2873212765,2016-04-19 05:00:00,207,81,5
2873212765,2016-04-19 06:00:00,114,66,6
2873212765,2016-04-19 07:00:00,856,88,7
2873212765,2016-04-19 08:00:00,1328,142,8
2873212765,2016-04-19 09:00:00,651,109,9
2873212765,2016-04-19 10:00:00,885,129,10
2873212765,2016-04-19 11:00:00,532,87,11
2873212765,2016-04-19 12:00:00,910,134,12
2873212765,2016-04-19 13:00:00,751,119,13
2873212765,2016-04-19 14:00:00,129,90,14
2873212765,2016-04-19 15:00:00,183,73,15
2873212765,2016-04-19 16:00:00,266,82,16
2873212765,2016-04-19 17:00:00,290,89,17
2873212765,2016-04-19 18:00:00,501,103,18
2873212765,2016-04-19 19:00:00,45,63,19
2873212765,2016-04-19 20:00:00,113,63,20
2873212765,2016-04-19 21:00:00,137,63,21
2873212765,2016-04-19 22:00:00,50,58,22
2873212765,2016-04-19 23:00:00,0,53,23
2873212765,2016-04-20 00:00:00,0,53,0
2873212765,2016-04-20 01:00:00,0,53,1
2873212765,2016-04-20 02:00:00,0,53,2
2873212765,2016-04-20 03:00:00,0,53,3
2873212765,2016-04-20 04:00:00,0,53,4
2873212765,2016-04-20 05:00:00,283,87,5
2873212765,2016-04-20 06:00:00,16,71,6
2873212765,2016-04-20 07:00:00,1071,109,7
2873212765,2016-04-20 08:00:00,741,108,8
2873212765,2016-04-20 09:00:00,534,119,9
2873212765,2016-04-20 10:00:00,544,109,10
2873212765,2016-04-20 11:00:00,449,89,11
2873212765,2016-04-20 12:00:00,1014,148,12
2873212765,2016-04-20 13:00:00,860,121,13
2873212765,2016-04-20 14:00:00,101,65,14
2873212765,2016-04-20 15:00:00,187,74,15
2873212765,2016-04-20 16:00:00,315,99,16
2873212765,2016-04-20 17:00:00,2181,231,17
2873212765,2016-04-20 18:00:00,61,58,18
2873212765,2016-04-20 19:00:00,62,65,19
2873212765,2016-04-20 20:00:00,259,85,20
2873212765,2016-04-20 21:00:00,406,90,21
2873212765,2016-04-20 22:00:00,118,60,22
2873212765,2016-04-20 23:00:00,0,53,23
2873212765,2016-04-21 00:00:00,0,52,0
2873212765,2016-04-21 01:00:00,0,52,1
2873212765,2016-04-21 02:00:00,0,52,2
2873212765,2016-04-21 03:00:00,0,52,3
2873212765,2016-04-21 04:00:00,0,52,4
2873212765,2016-04-21 05:00:00,0,52,5
2873212765,2016-04-21 06:00:00,240,77,6
2873212765,2016-04-21 07:00:00,1422,147,7
2873212765,2016-04-21 08:00:00,270,99,8
2873212765,2016-04-21 09:00:00,1056,123,9
2873212765,2016-04-21 10:00:00,1145,116,10
2873212765,2016-04-21 11:00:00,334,74,11
2873212765,2016-04-21 12:00:00,443,91,12
2873212765,2016-04-21 13:00:00,615,105,13
2873212765,2016-04-21 14:00:00,794,106,14
2873212765,2016-04-21 15:00:00,799,103,15
2873212765,2016-04-21 16:00:00,605,113,16
2873212765,2016-04-21 17:00:00,436,109,17
2873212765,2016-04-21 18:00:00,281,84,18
2873212765,2016-04-21 19:00:00,86,60,19
2873212765,2016-04-21 20:00:00,117,75,20
2873212765,2016-04-21 21:00:00,216,69,21
2873212765,2016-04-21 22:00:00,0,52,22
2873212765,2016-04-21 23:00:00,0,52,23
2873212765,2016-04-22 00:00:00,0,52,0
2873212765,2016-04-22 01:00:00,0,52,1
2873212765,2016-04-22 02:00:00,0,52,2
2873212765,2016-04-22 03:00:00,0,52,3
2873212765,2016-04-22 04:00:00,0,52,4
2873212765,2016-04-22 05:00:00,230,80,5
2873212765,2016-04-22 06:00:00,57,73,6
2873212765,2016-04-22 07:00:00,978,114,7
2873212765,2016-04-22 08:00:00,800,114,8
2873212765,2016-04-22 09:00:00,677,115,9
2873212765,2016-04-22 10:00:00,972,132,10
2873212765,2016-04-22 11:00:00,361,84,11
2873212765,2016-04-22 12:00:00,790,130,12
2873212765,2016-04-22 13:00:00,813,118,13
2873212765,2016-04-22 14:00:00,78,70,14
2873212765,2016-04-22 15:00:00,246,86,15
2873212765,2016-04-22 16:00:00,459,94,16
2873212765,2016-04-22 17:00:00,346,102,17
2873212765,2016-04-22 18:00:00,230,76,18
2873212765,2016-04-22 19:00:00,154,67,19
2873212765,2016-04-22 20:00:00,30,57,20
2873212765,2016-04-22 21:00:00,0,54,21
2873212765,2016-04-22 22:00:00,17,61,22
2873212765,2016-04-22 23:00:00,48,63,23
2873212765,2016-04-23 00:00:00,0,52,0
2873212765,2016-04-23 01:00:00,0,52,1
2873212765,2016-04-23 02:00:00,0,52,2
2873212765,2016-04-23 03:00:00,0,52,3
2873212765,2016-04-23 04:00:00,0,52,4
2873212765,2016-04-23 05:00:00,0,52,5
2873212765,2016-04-23 06:00:00,0,52,6
2873212765,2016-04-23 07:00:00,118,80,7
2873212765,2016-04-23 08:00:00,4333,316,8
2873212765,2016-04-23 09:00:00,146,79,9
2873212765,2016-04-23 10:00:00,347,92,10
2873212765,2016-04-23 11:00:00,170,84,11
2873212765,2016-04-23 12:00:00,264,79,12
2873212765,2016-04-23 13:00:00,1440,143,13
2873212765,2016-04-23 14:00:00,864,118,14
2873212765,2016-04-23 15:00:00,813,114,15
2873212765,2016-04-23 16:00:00,131,71,16
2873212765,2016-04-23 17:00:00,36,65,17
2873212765,2016-04-23 18:00:00,186,86,18
2873212765,2016-04-23 19:00:00,220,85,19
2873212765,2016-04-23 20:00:00,70,60,20
2873212765,2016-04-23 21:00:00,0,55,21
2873212765,2016-04-23 22:00:00,179,73,22
2873212765,2016-04-23 23:00:00,0,52,23
2873212765,2016-04-24 00:00:00,0,52,0
2873212765,2016-04-24 01:00:00,0,52,1
2873212765,2016-04-24 02:00:00,0,52,2
2873212765,2016-04-24 03:00:00,0,52,3
2873212765,2016-04-24 04:00:00,0,52,4
2873212765,2016-04-24 05:00:00,0,52,5
2873212765,2016-04-24 06:00:00,0,52,6
2873212765,2016-04-24 07:00:00,75,77,7
2873212765,2016-04-24 08:00:00,4534,410,8
2873212765,2016-04-24 09:00:00,170,73,9
2873212765,2016-04-24 10:00:00,131,71,10
2873212765,2016-04-24 11:00:00,500,93,11
2873212765,2016-04-24 12:00:00,264,90,12
2873212765,2016-04-24 13:00:00,23,55,13
2873212765,2016-04-24 14:00:00,320,77,14
2873212765,2016-04-24 15:00:00,181,75,15
2873212765,2016-04-24 16:00:00,124,78,16
2873212765,2016-04-24 17:00:00,254,73,17
2873212765,2016-04-24 18:00:00,0,56,18
2873212765,2016-04-24 19:00:00,114,62,19
2873212765,2016-04-24 20:00:00,71,64,20
2873212765,2016-04-24 21:00:00,112,68,21
2873212765,2016-04-24 22:00:00,0,52,22
2873212765,2016-04-24 23:00:00,0,52,23
2873212765,2016-04-25 00:00:00,0,52,0
2873212765,2016-04-25 01:00:00,0,52,1
2873212765,2016-04-25 02:00:00,0,52,2
2873212765,2016-04-25 03:00:00,0,52,3
2873212765,2016-04-25 04:00:00,0,52,4
2873212765,2016-04-25 05:00:00,214,81,5
2873212765,2016-04-25 06:00:00,239,73,6
2873212765,2016-04-25 07:00:00,844,92,7
2873212765,2016-04-25 08:00:00,891,111,8
2873212765,2016-04-25 09:00:00,973,147,9
2873212765,2016-04-25 10:00:00,874,139,10
2873212765,2016-04-25 11:00:00,730,101,11
2873212765,2016-04-25 12:00:00,804,123,12
2873212765,2016-04-25 13:00:00,565,102,13
2873212765,2016-04-25 14:00:00,72,58,14
2873212765,2016-04-25 15:00:00,147,69,15
2873212765,2016-04-25 16:00:00,496,100,16
2873212765,2016-04-25 17:00:00,83,80,17
2873212765,2016-04-25 18:00:00,283,83,18
2873212765,2016-04-25 19:00:00,70,66,19
2873212765,2016-04-25 20:00:00,0,52,20
2873212765,2016-04-25 21:00:00,88,63,21
2873212765,2016-04-25 22:00:00,0,52,22
2873212765,2016-04-25 23:00:00,0,52,23
2873212765,2016-04-26 00:00:00,0,52,0
2873212765,2016-04-26 01:00:00,0,52,1
2873212765,2016-04-26 02:00:00,0,52,2
2873212765,2016-04-26 03:00:00,0,52,3
2873212765,2016-04-26 04:00:00,0,52,4
2873212765,2016-04-26 05:00:00,263,77,5
2873212765,2016-04-26 06:00:00,171,68,6
2873212765,2016-04-26 07:00:00,863,94,7
2873212765,2016-04-26 08:00:00,1298,143,8
2873212765,2016-04-26 09:00:00,848,118,9
2873212765,2016-04-26 10:00:00,629,107,10
2873212765,2016-04-26 11:00:00,441,81,11
2873212765,2016-04-26 12:00:00,863,123,12
2873212765,2016-04-26 13:00:00,732,105,13
2873212765,2016-04-26 14:00:00,91,59,14
2873212765,2016-04-26 15:00:00,111,63,15
2873212765,2016-04-26 16:00:00,169,70,16
2873212765,2016-04-26 17:00:00,558,87,17
2873212765,2016-04-26 18:00:00,746,105,18
2873212765,2016-04-26 19:00:00,350,94,19
2873212765,2016-04-26 20:00:00,53,58,20
2873212765,2016-04-26 21:00:00,56,61,21
2873212765,2016-04-26 22:00:00,0,52,22
2873212765,2016-04-26 23:00:00,0,52,23
2873212765,2016-04-27 00:00:00,0,52,0
2873212765,2016-04-27 01:00:00,0,52,1
2873212765,2016-04-27 02:00:00,0,52,2
2873212765,2016-04-27 03:00:00,0,52,3
2873212765,2016-04-27 04:00:00,0,52,4
2873212765,2016-04-27 05:00:00,0,52,5
2873212765,2016-04-27 06:00:00,0,291,6
2873212765,2016-04-27 07:00:00,53,171,7
2873212765,2016-04-27 08:00:00,68,75,8
2873212765,2016-04-27 09:00:00,763,115,9
2873212765,2016-04-27 10:00:00,424,104,10
2873212765,2016-04-27 11:00:00,132,73,11
2873212765,2016-04-27 12:00:00,894,121,12
2873212765,2016-04-27 13:00:00,75,60,13
2873212765,2016-04-27 14:00:00,54,58,14
2873212765,2016-04-27 15:00:00,100,63,15
2873212765,2016-04-27 16:00:00,0,52,16
2873212765,2016-04-27 17:00:00,364,83,17
2873212765,2016-04-27 18:00:00,322,89,18
2873212765,2016-04-27 19:00:00,119,69,19
2873212765,2016-04-27 20:00:00,19,60,20
2873212765,2016-04-27 21:00:00,129,63,21
2873212765,2016-04-27 22:00:00,0,52,22
2873212765,2016-04-27 23:00:00,0,52,23
2873212765,2016-04-28 00:00:00,0,52,0
2873212765,2016-04-28 01:00:00,0,52,1
2873212765,2016-04-28 02:00:00,0,52,2
2873212765,2016-04-28 03:00:00,0,52,3
2873212765,2016-04-28 04:00:00,0,52,4
2873212765,2016-04-28 05:00:00,0,52,5
2873212765,2016-04-28 06:00:00,3108,226,6
2873212765,2016-04-28 07:00:00,1453,133,7
2873212765,2016-04-28 08:00:00,115,67,8
2873212765,2016-04-28 09:00:00,349,101,9
2873212765,2016-04-28 10:00:00,387,87,10
2873212765,2016-04-28 11:00:00,30,55,11
2873212765,2016-04-28 12:00:00,601,89,12
2873212765,2016-04-28 13:00:00,596,85,13
2873212765,2016-04-28 14:00:00,26,55,14
2873212765,2016-04-28 15:00:00,72,62,15
2873212765,2016-04-28 16:00:00,54,60,16
2873212765,2016-04-28 17:00:00,413,90,17
2873212765,2016-04-28 18:00:00,317,96,18
2873212765,2016-04-28 19:00:00,209,74,19
2873212765,2016-04-28 20:00:00,69,61,20
2873212765,2016-04-28 21:00:00,114,74,21
2873212765,2016-04-28 22:00:00,0,52,22
2873212765,2016-04-28 23:00:00,0,52,23
2873212765,2016-04-29 00:00:00,0,52,0
2873212765,2016-04-29 01:00:00,0,52,1
2873212765,2016-04-29 02:00:00,0,52,2
2873212765,2016-04-29 03:00:00,0,52,3
2873212765,2016-04-29 04:00:00,0,52,4
2873212765,2016-04-29 05:00:00,0,52,5
2873212765,2016-04-29 06:00:00,328,87,6
2873212765,2016-04-29 07:00:00,90,68,7
2873212765,2016-04-29 08:00:00,127,73,8
2873212765,2016-04-29 09:00:00,6,61,9
2873212765,2016-04-29 10:00:00,196,72,10
2873212765,2016-04-29 11:00:00,345,81,11
2873212765,2016-04-29 12:00:00,3995,238,12
2873212765,2016-04-29 13:00:00,121,62,13
2873212765,2016-04-29 14:00:00,1010,117,14
2873212765,2016-04-29 15:00:00,457,97,15
2873212765,2016-04-29 16:00:00,193,70,16
2873212765,2016-04-29 17:00:00,81,68,17
2873212765,2016-04-29 18:00:00,142,67,18
2873212765,2016-04-29 19:00:00,126,70,19
2873212765,2016-04-29 20:00:00,15,59,20
2873212765,2016-04-29 21:00:00,133,72,21
2873212765,2016-04-29 22:00:00,0,52,22
2873212765,2016-04-29 23:00:00,0,52,23
2873212765,2016-04-30 00:00:00,0,52,0
2873212765,2016-04-30 01:00:00,0,52,1
2873212765,2016-04-30 02:00:00,0,52,2
2873212765,2016-04-30 03:00:00,0,52,3
2873212765,2016-04-30 04:00:00,0,52,4
2873212765,2016-04-30 05:00:00,0,52,5
2873212765,2016-04-30 06:00:00,0,52,6
2873212765,2016-04-30 07:00:00,16,55,7
2873212765,2016-04-30 08:00:00,282,79,8
2873212765,2016-04-30 09:00:00,955,129,9
2873212765,2016-04-30 10:00:00,414,96,10
2873212765,2016-04-30 11:00:00,622,102,11
2873212765,2016-04-30 12:00:00,416,94,12
2873212765,2016-04-30 13:00:00,60,68,13
2873212765,2016-04-30 14:00:00,49,64,14
2873212765,2016-04-30 15:00:00,324,79,15
2873212765,2016-04-30 16:00:00,57,64,16
2873212765,2016-04-30 17:00:00,342,86,17
2873212765,2016-04-30 18:00:00,878,93,18
2873212765,2016-04-30 19:00:00,2466,153,19
2873212765,2016-04-30 20:00:00,1496,136,20
2873212765,2016-04-30 21:00:00,75,59,21
2873212765,2016-04-30 22:00:00,0,52,22
2873212765,2016-04-30 23:00:00,0,52,23
2873212765,2016-05-01 00:00:00,0,52,0
2873212765,2016-05-01 01:00:00,0,52,1
2873212765,2016-05-01 02:00:00,0,52,2
2873212765,2016-05-01 03:00:00,0,52,3
2873212765,2016-05-01 04:00:00,0,52,4
2873212765,2016-05-01 05:00:00,0,52,5
2873212765,2016-05-01 06:00:00,0,52,6
2873212765,2016-05-01 07:00:00,0,52,7
2873212765,2016-05-01 08:00:00,439,84,8
2873212765,2016-05-01 09:00:00,425,92,9
2873212765,2016-05-01 10:00:00,1733,125,10
2873212765,2016-05-01 11:00:00,1736,133,11
2873212765,2016-05-01 12:00:00,1155,115,12
2873212765,2016-05-01 13:00:00,119,67,13
2873212765,2016-05-01 14:00:00,832,101,14
2873212765,2016-05-01 15:00:00,6,66,15
2873212765,2016-05-01 16:00:00,0,59,16
2873212765,2016-05-01 17:00:00,148,81,17
2873212765,2016-05-01 18:00:00,271,76,18
2873212765,2016-05-01 19:00:00,253,84,19
2873212765,2016-05-01 20:00:00,191,75,20
2873212765,2016-05-01 21:00:00,91,58,21
2873212765,2016-05-01 22:00:00,0,52,22
2873212765,2016-05-01 23:00:00,0,52,23
2873212765,2016-05-02 00:00:00,0,52,0
2873212765,2016-05-02 01:00:00,0,52,1
2873212765,2016-05-02 02:00:00,0,52,2
2873212765,2016-05-02 03:00:00,0,52,3
2873212765,2016-05-02 04:00:00,0,52,4
2873212765,2016-05-02 05:00:00,271,80,5
2873212765,2016-05-02 06:00:00,68,67,6
2873212765,2016-05-02 07:00:00,1417,117,7
2873212765,2016-05-02 08:00:00,829,109,8
2873212765,2016-05-02 09:00:00,721,120,9
2873212765,2016-05-02 10:00:00,688,104,10
2873212765,2016-05-02 11:00:00,357,77,11
2873212765,2016-05-02 12:00:00,1121,147,12
2873212765,2016-05-02 13:00:00,623,109,13
2873212765,2016-05-02 14:00:00,127,64,14
2873212765,2016-05-02 15:00:00,262,74,15
2873212765,2016-05-02 16:00:00,621,98,16
2873212765,2016-05-02 17:00:00,133,81,17
2873212765,2016-05-02 18:00:00,98,72,18
2873212765,2016-05-02 19:00:00,63,68,19
2873212765,2016-05-02 20:00:00,53,65,20
2873212765,2016-05-02 21:00:00,73,61,21
2873212765,2016-05-02 22:00:00,0,52,22
2873212765,2016-05-02 23:00:00,0,52,23
2873212765,2016-05-03 00:00:00,0,52,0
2873212765,2016-05-03 01:00:00,0,52,1
2873212765,2016-05-03 02:00:00,0,52,2
2873212765,2016-05-03 03:00:00,0,52,3
2873212765,2016-05-03 04:00:00,0,52,4
2873212765,2016-05-03 05:00:00,244,79,5
2873212765,2016-05-03 06:00:00,191,68,6
2873212765,2016-05-03 07:00:00,972,94,7
2873212765,2016-05-03 08:00:00,1134,128,8
2873212765,2016-05-03 09:00:00,754,128,9
2873212765,2016-05-03 10:00:00,353,101,10
2873212765,2016-05-03 11:00:00,291,78,11
2873212765,2016-05-03 12:00:00,778,130,12
2873212765,2016-05-03 13:00:00,766,122,13
2873212765,2016-05-03 14:00:00,111,64,14
2873212765,2016-05-03 15:00:00,46,59,15
2873212765,2016-05-03 16:00:00,227,77,16
2873212765,2016-05-03 17:00:00,358,90,17
2873212765,2016-05-03 18:00:00,705,116,18
2873212765,2016-05-03 19:00:00,63,67,19
2873212765,2016-05-03 20:00:00,170,65,20
2873212765,2016-05-03 21:00:00,249,74,21
2873212765,2016-05-03 22:00:00,0,52,22
2873212765,2016-05-03 23:00:00,0,52,23
2873212765,2016-05-04 00:00:00,0,52,0
2873212765,2016-05-04 01:00:00,0,52,1
2873212765,2016-05-04 02:00:00,0,52,2
2873212765,2016-05-04 03:00:00,0,52,3
2873212765,2016-05-04 04:00:00,0,52,4
2873212765,2016-05-04 05:00:00,348,84,5
2873212765,2016-05-04 06:00:00,221,75,6
2873212765,2016-05-04 07:00:00,735,98,7
2873212765,2016-05-04 08:00:00,702,111,8
2873212765,2016-05-04 09:00:00,680,129,9
2873212765,2016-05-04 10:00:00,747,119,10
2873212765,2016-05-04 11:00:00,490,101,11
2873212765,2016-05-04 12:00:00,649,121,12
2873212765,2016-05-04 13:00:00,615,105,13
2873212765,2016-05-04 14:00:00,211,79,14
2873212765,2016-05-04 15:00:00,203,76,15
2873212765,2016-05-04 16:00:00,671,107,16
2873212765,2016-05-04 17:00:00,1050,139,17
2873212765,2016-05-04 18:00:00,71,59,18
2873212765,2016-05-04 19:00:00,183,81,19
2873212765,2016-05-04 20:00:00,167,67,20
2873212765,2016-05-04 21:00:00,109,65,21
2873212765,2016-05-04 22:00:00,426,85,22
2873212765,2016-05-04 23:00:00,0,52,23
2873212765,2016-05-05 00:00:00,0,52,0
2873212765,2016-05-05 01:00:00,0,52,1
2873212765,2016-05-05 02:00:00,0,52,2
2873212765,2016-05-05 03:00:00,0,52,3
2873212765,2016-05-05 04:00:00,0,52,4
2873212765,2016-05-05 05:00:00,0,52,5
2873212765,2016-05-05 06:00:00,135,73,6
2873212765,2016-05-05 07:00:00,1227,140,7
2873212765,2016-05-05 08:00:00,253,110,8
2873212765,2016-05-05 09:00:00,1252,140,9
2873212765,2016-05-05 10:00:00,1758,183,10
2873212765,2016-05-05 11:00:00,331,79,11
2873212765,2016-05-05 12:00:00,211,84,12
2873212765,2016-05-05 13:00:00,369,98,13
2873212765,2016-05-05 14:00:00,451,87,14
2873212765,2016-05-05 15:00:00,1107,126,15
2873212765,2016-05-05 16:00:00,616,102,16
2873212765,2016-05-05 17:00:00,61,58,17
2873212765,2016-05-05 18:00:00,223,69,18
2873212765,2016-05-05 19:00:00,142,75,19
2873212765,2016-05-05 20:00:00,0,54,20
2873212765,2016-05-05 21:00:00,178,73,21
2873212765,2016-05-05 22:00:00,0,52,22
2873212765,2016-05-05 23:00:00,0,52,23
2873212765,2016-05-06 00:00:00,0,52,0
2873212765,2016-05-06 01:00:00,0,52,1
2873212765,2016-05-06 02:00:00,0,52,2
2873212765,2016-05-06 03:00:00,0,52,3
2873212765,2016-05-06 04:00:00,0,52,4
2873212765,2016-05-06 05:00:00,162,85,5
2873212765,2016-05-06 06:00:00,70,72,6
2873212765,2016-05-06 07:00:00,812,104,7
2873212765,2016-05-06 08:00:00,768,109,8
2873212765,2016-05-06 09:00:00,894,130,9
2873212765,2016-05-06 10:00:00,861,125,10
2873212765,2016-05-06 11:00:00,595,94,11
2873212765,2016-05-06 12:00:00,553,109,12
2873212765,2016-05-06 13:00:00,718,114,13
2873212765,2016-05-06 14:00:00,94,61,14
2873212765,2016-05-06 15:00:00,230,81,15
2873212765,2016-05-06 16:00:00,664,108,16
2873212765,2016-05-06 17:00:00,300,85,17
2873212765,2016-05-06 18:00:00,79,66,18
2873212765,2016-05-06 19:00:00,113,68,19
2873212765,2016-05-06 20:00:00,69,62,20
2873212765,2016-05-06 21:00:00,0,54,21
2873212765,2016-05-06 22:00:00,0,55,22
2873212765,2016-05-06 23:00:00,81,67,23
2873212765,2016-05-07 00:00:00,0,52,0
2873212765,2016-05-07 01:00:00,0,52,1
2873212765,2016-05-07 02:00:00,0,52,2
2873212765,2016-05-07 03:00:00,0,52,3
2873212765,2016-05-07 04:00:00,0,52,4
2873212765,2016-05-07 05:00:00,0,52,5
2873212765,2016-05-07 06:00:00,0,52,6
2873212765,2016-05-07 07:00:00,2599,210,7
2873212765,2016-05-07 08:00:00,1848,343,8
2873212765,2016-05-07 09:00:00,192,219,9
2873212765,2016-05-07 10:00:00,0,52,10
2873212765,2016-05-07 11:00:00,0,52,11
2873212765,2016-05-07 12:00:00,0,52,12
2873212765,2016-05-07 13:00:00,0,52,13
2873212765,2016-05-07 14:00:00,0,52,14
2873212765,2016-05-07 15:00:00,0,52,15
2873212765,2016-05-07 16:00:00,0,52,16
2873212765,2016-05-07 17:00:00,0,52,17
2873212765,2016-05-07 18:00:00,0,52,18
2873212765,2016-05-07 19:00:00,0,52,19
2873212765,2016-05-07 20:00:00,0,52,20
2873212765,2016-05-07 21:00:00,219,68,21
2873212765,2016-05-07 22:00:00,55,59,22
2873212765,2016-05-07 23:00:00,27,55,23
2873212765,2016-05-08 00:00:00,0,54,0
2873212765,2016-05-08 01:00:00,0,52,1
2873212765,2016-05-08 02:00:00,0,52,2
2873212765,2016-05-08 03:00:00,0,52,3
2873212765,2016-05-08 04:00:00,0,52,4
2873212765,2016-05-08 05:00:00,0,52,5
2873212765,2016-05-08 06:00:00,0,52,6
2873212765,2016-05-08 07:00:00,2768,264,7
2873212765,2016-05-08 08:00:00,1932,248,8
2873212765,2016-05-08 09:00:00,498,115,9
2873212765,2016-05-08 10:00:00,446,117,10
2873212765,2016-05-08 11:00:00,427,96,11
2873212765,2016-05-08 12:00:00,337,89,12
2873212765,2016-05-08 13:00:00,196,76,13
2873212765,2016-05-08 14:00:00,125,80,14
2873212765,2016-05-08 15:00:00,11,58,15
2873212765,2016-05-08 16:00:00,694,108,16
2873212765,2016-05-08 17:00:00,335,102,17
2873212765,2016-05-08 18:00:00,263,90,18
2873212765,2016-05-08 19:00:00,28,59,19
2873212765,2016-05-08 20:00:00,0,52,20
2873212765,2016-05-08 21:00:00,108,70,21
2873212765,2016-05-08 22:00:00,0,52,22
2873212765,2016-05-08 23:00:00,0,52,23
2873212765,2016-05-09 00:00:00,0,52,0
2873212765,2016-05-09 01:00:00,0,52,1
2873212765,2016-05-09 02:00:00,0,52,2
2873212765,2016-05-09 03:00:00,0,52,3
2873212765,2016-05-09 04:00:00,0,52,4
2873212765,2016-05-09 05:00:00,163,75,5
2873212765,2016-05-09 06:00:00,193,68,6
2873212765,2016-05-09 07:00:00,895,98,7
2873212765,2016-05-09 08:00:00,1116,129,8
2873212765,2016-05-09 09:00:00,519,115,9
2873212765,2016-05-09 10:00:00,973,134,10
2873212765,2016-05-09 11:00:00,428,80,11
2873212765,2016-05-09 12:00:00,1149,140,12
2873212765,2016-05-09 13:00:00,816,120,13
2873212765,2016-05-09 14:00:00,125,68,14
2873212765,2016-05-09 15:00:00,273,78,15
2873212765,2016-05-09 16:00:00,655,107,16
2873212765,2016-05-09 17:00:00,121,79,17
2873212765,2016-05-09 18:00:00,137,69,18
2873212765,2016-05-09 19:00:00,97,68,19
2873212765,2016-05-09 20:00:00,0,55,20
2873212765,2016-05-09 21:00:00,66,59,21
2873212765,2016-05-09 22:00:00,0,52,22
2873212765,2016-05-09 23:00:00,0,52,23
2873212765,2016-05-10 00:00:00,0,52,0
2873212765,2016-05-10 01:00:00,0,52,1
2873212765,2016-05-10 02:00:00,0,52,2
2873212765,2016-05-10 03:00:00,0,52,3
2873212765,2016-05-10 04:00:00,0,52,4
2873212765,2016-05-10 05:00:00,200,83,5
2873212765,2016-05-10 06:00:00,32,67,6
2873212765,2016-05-10 07:00:00,1072,108,7
2873212765,2016-05-10 08:00:00,973,131,8
2873212765,2016-05-10 09:00:00,1021,131,9
2873212765,2016-05-10 10:00:00,783,125,10
2873212765,2016-05-10 11:00:00,273,70,11
2873212765,2016-05-10 12:00:00,1005,146,12
2873212765,2016-05-10 13:00:00,800,122,13
2873212765,2016-05-10 14:00:00,146,66,14
2873212765,2016-05-10 15:00:00,85,62,15
2873212765,2016-05-10 16:00:00,312,87,16
2873212765,2016-05-10 17:00:00,240,75,17
2873212765,2016-05-10 18:00:00,637,99,18
2873212765,2016-05-10 19:00:00,398,87,19
2873212765,2016-05-10 20:00:00,184,67,20
2873212765,2016-05-10 21:00:00,114,70,21
2873212765,2016-05-10 22:00:00,0,52,22
2873212765,2016-05-10 23:00:00,0,52,23
2873212765,2016-05-11 00:00:00,0,52,0
2873212765,2016-05-11 01:00:00,0,52,1
2873212765,2016-05-11 02:00:00,0,52,2
2873212765,2016-05-11 03:00:00,0,52,3
2873212765,2016-05-11 04:00:00,0,52,4
2873212765,2016-05-11 05:00:00,402,92,5
2873212765,2016-05-11 06:00:00,20,58,6
2873212765,2016-05-11 07:00:00,536,87,7
2873212765,2016-05-11 08:00:00,902,112,8
2873212765,2016-05-11 09:00:00,780,127,9
2873212765,2016-05-11 10:00:00,750,114,10
2873212765,2016-05-11 11:00:00,458,90,11
2873212765,2016-05-11 12:00:00,582,103,12
2873212765,2016-05-11 13:00:00,680,102,13
2873212765,2016-05-11 14:00:00,45,57,14
2873212765,2016-05-11 15:00:00,238,81,15
2873212765,2016-05-11 16:00:00,314,77,16
2873212765,2016-05-11 17:00:00,79,76,17
2873212765,2016-05-11 18:00:00,292,90,18
2873212765,2016-05-11 19:00:00,36,54,19
2873212765,2016-05-11 20:00:00,203,66,20
2873212765,2016-05-11 21:00:00,0,52,21
2873212765,2016-05-11 22:00:00,123,65,22
2873212765,2016-05-11 23:00:00,0,52,23
2873212765,2016-05-12 00:00:00,0,53,0
2873212765,2016-05-12 01:00:00,0,53,1
2873212765,2016-05-12 02:00:00,0,53,2
2873212765,2016-05-12 03:00:00,0,53,3
2873212765,2016-05-12 04:00:00,0,53,4
2873212765,2016-05-12 05:00:00,0,53,5
2873212765,2016-05-12 06:00:00,383,87,6
2873212765,2016-05-12 07:00:00,1162,132,7
2873212765,2016-05-12 08:00:00,694,125,8
2873212765,2016-05-12 09:00:00,1086,135,9
2873212765,2016-05-12 10:00:00,1226,125,10
2873212765,2016-05-12 11:00:00,437,83,11
2873212765,2016-05-12 12:00:00,248,75,12
2873212765,2016-05-12 13:00:00,788,109,13
2873212765,2016-05-12 14:00:00,784,104,14
2873212765,2016-05-12 15:00:00,667,102,15
3372868164,2016-04-12 00:00:00,0,56,0
3372868164,2016-04-12 01:00:00,0,56,1
3372868164,2016-04-12 02:00:00,0,59,2
3372868164,2016-04-12 03:00:00,0,56,3
3372868164,2016-04-12 04:00:00,0,56,4
3372868164,2016-04-12 05:00:00,0,56,5
3372868164,2016-04-12 06:00:00,95,65,6
3372868164,2016-04-12 07:00:00,46,62,7
3372868164,2016-04-12 08:00:00,345,81,8
3372868164,2016-04-12 09:00:00,548,100,9
3372868164,2016-04-12 10:00:00,267,103,10
3372868164,2016-04-12 11:00:00,290,81,11
3372868164,2016-04-12 12:00:00,129,74,12
3372868164,2016-04-12 13:00:00,383,86,13
3372868164,2016-04-12 14:00:00,479,104,14
3372868164,2016-04-12 15:00:00,314,82,15
3372868164,2016-04-12 16:00:00,302,76,16
3372868164,2016-04-12 17:00:00,238,84,17
3372868164,2016-04-12 18:00:00,271,87,18
3372868164,2016-04-12 19:00:00,285,81,19
3372868164,2016-04-12 20:00:00,316,77,20
3372868164,2016-04-12 21:00:00,310,85,21
3372868164,2016-04-12 22:00:00,129,64,22
3372868164,2016-04-12 23:00:00,0,56,23
3372868164,2016-04-13 00:00:00,14,60,0
3372868164,2016-04-13 01:00:00,0,57,1
3372868164,2016-04-13 02:00:00,0,56,2
3372868164,2016-04-13 03:00:00,0,56,3
3372868164,2016-04-13 04:00:00,0,56,4
3372868164,2016-04-13 05:00:00,0,56,5
3372868164,2016-04-13 06:00:00,0,56,6
3372868164,2016-04-13 07:00:00,55,65,7
3372868164,2016-04-13 08:00:00,237,80,8
3372868164,2016-04-13 09:00:00,605,112,9
3372868164,2016-04-13 10:00:00,2185,237,10
3372868164,2016-04-13 11:00:00,373,96,11
3372868164,2016-04-13 12:00:00,1449,129,12
3372868164,2016-04-13 13:00:00,675,91,13
3372868164,2016-04-13 14:00:00,1481,140,14
3372868164,2016-04-13 15:00:00,541,97,15
3372868164,2016-04-13 16:00:00,478,103,16
3372868164,2016-04-13 17:00:00,423,97,17
3372868164,2016-04-13 18:00:00,428,96,18
3372868164,2016-04-13 19:00:00,469,90,19
3372868164,2016-04-13 20:00:00,272,89,20
3372868164,2016-04-13 21:00:00,30,61,21
3372868164,2016-04-13 22:00:00,0,56,22
3372868164,2016-04-13 23:00:00,0,56,23
3372868164,2016-04-14 00:00:00,0,57,0
3372868164,2016-04-14 01:00:00,0,56,1
3372868164,2016-04-14 02:00:00,0,57,2
3372868164,2016-04-14 03:00:00,0,56,3
3372868164,2016-04-14 04:00:00,0,56,4
3372868164,2016-04-14 05:00:00,41,68,5
3372868164,2016-04-14 06:00:00,157,73,6
3372868164,2016-04-14 07:00:00,386,88,7
3372868164,2016-04-14 08:00:00,737,105,8
3372868164,2016-04-14 09:00:00,431,94,9
3372868164,2016-04-14 10:00:00,792,112,10
3372868164,2016-04-14 11:00:00,1549,189,11
3372868164,2016-04-14 12:00:00,130,73,12
3372868164,2016-04-14 13:00:00,631,98,13
3372868164,2016-04-14 14:00:00,810,122,14
3372868164,2016-04-14 15:00:00,402,114,15
3372868164,2016-04-14 16:00:00,298,87,16
3372868164,2016-04-14 17:00:00,218,89,17
3372868164,2016-04-14 18:00:00,576,103,18
3372868164,2016-04-14 19:00:00,1372,108,19
3372868164,2016-04-14 20:00:00,237,80,20
3372868164,2016-04-14 21:00:00,51,62,21
3372868164,2016-04-14 22:00:00,26,62,22
3372868164,2016-04-14 23:00:00,0,56,23
3372868164,2016-04-15 00:00:00,0,59,0
3372868164,2016-04-15 01:00:00,0,56,1
3372868164,2016-04-15 02:00:00,0,56,2
3372868164,2016-04-15 03:00:00,0,56,3
3372868164,2016-04-15 04:00:00,0,56,4
3372868164,2016-04-15 05:00:00,0,60,5
3372868164,2016-04-15 06:00:00,0,56,6
3372868164,2016-04-15 07:00:00,0,56,7
3372868164,2016-04-15 08:00:00,243,82,8
3372868164,2016-04-15 09:00:00,499,99,9
3372868164,2016-04-15 10:00:00,248,79,10
3372868164,2016-04-15 11:00:00,1180,122,11
3372868164,2016-04-15 12:00:00,695,111,12
3372868164,2016-04-15 13:00:00,268,73,13
3372868164,2016-04-15 14:00:00,0,56,14
3372868164,2016-04-15 15:00:00,927,110,15
3372868164,2016-04-15 16:00:00,578,96,16
3372868164,2016-04-15 17:00:00,489,98,17
3372868164,2016-04-15 18:00:00,836,128,18
3372868164,2016-04-15 19:00:00,869,116,19
3372868164,2016-04-15 20:00:00,445,96,20
3372868164,2016-04-15 21:00:00,174,76,21
3372868164,2016-04-15 22:00:00,0,56,22
3372868164,2016-04-15 23:00:00,0,56,23
3372868164,2016-04-16 00:00:00,0,56,0
3372868164,2016-04-16 01:00:00,0,56,1
3372868164,2016-04-16 02:00:00,0,56,2
3372868164,2016-04-16 03:00:00,0,56,3
3372868164,2016-04-16 04:00:00,0,56,4
3372868164,2016-04-16 05:00:00,222,75,5
3372868164,2016-04-16 06:00:00,94,81,6
3372868164,2016-04-16 07:00:00,846,123,7
3372868164,2016-04-16 08:00:00,1018,110,8
3372868164,2016-04-16 09:00:00,405,90,9
3372868164,2016-04-16 10:00:00,833,123,10
3372868164,2016-04-16 11:00:00,538,95,11
3372868164,2016-04-16 12:00:00,473,109,12
3372868164,2016-04-16 13:00:00,344,88,13
3372868164,2016-04-16 14:00:00,804,75,14
3372868164,2016-04-16 15:00:00,427,98,15
3372868164,2016-04-16 16:00:00,50,67,16
3372868164,2016-04-16 17:00:00,241,79,17
3372868164,2016-04-16 18:00:00,0,56,18
3372868164,2016-04-16 19:00:00,197,80,19
3372868164,2016-04-16 20:00:00,367,93,20
3372868164,2016-04-16 21:00:00,46,73,21
3372868164,2016-04-16 22:00:00,0,56,22
3372868164,2016-04-16 23:00:00,0,57,23
3372868164,2016-04-17 00:00:00,37,59,0
3372868164,2016-04-17 01:00:00,0,56,1
3372868164,2016-04-17 02:00:00,0,57,2
3372868164,2016-04-17 03:00:00,0,59,3
3372868164,2016-04-17 04:00:00,0,56,4
3372868164,2016-04-17 05:00:00,0,57,5
3372868164,2016-04-17 06:00:00,51,65,6
3372868164,2016-04-17 07:00:00,588,100,7
3372868164,2016-04-17 08:00:00,803,103,8
3372868164,2016-04-17 09:00:00,103,71,9
3372868164,2016-04-17 10:00:00,79,64,10
3372868164,2016-04-17 11:00:00,380,83,11
3372868164,2016-04-17 12:00:00,570,103,12
3372868164,2016-04-17 13:00:00,129,63,13
3372868164,2016-04-17 14:00:00,563,93,14
3372868164,2016-04-17 15:00:00,2478,215,15
3372868164,2016-04-17 16:00:00,154,77,16
3372868164,2016-04-17 17:00:00,442,96,17
3372868164,2016-04-17 18:00:00,382,88,18
3372868164,2016-04-17 19:00:00,734,116,19
3372868164,2016-04-17 20:00:00,668,100,20
3372868164,2016-04-17 21:00:00,30,66,21
3372868164,2016-04-17 22:00:00,8,63,22
3372868164,2016-04-17 23:00:00,0,56,23
3372868164,2016-04-18 00:00:00,7,57,0
3372868164,2016-04-18 01:00:00,0,56,1
3372868164,2016-04-18 02:00:00,0,56,2
3372868164,2016-04-18 03:00:00,0,57,3
3372868164,2016-04-18 04:00:00,0,59,4
3372868164,2016-04-18 05:00:00,86,65,5
3372868164,2016-04-18 06:00:00,86,70,6
3372868164,2016-04-18 07:00:00,34,61,7
3372868164,2016-04-18 08:00:00,554,116,8
3372868164,2016-04-18 09:00:00,552,100,9
3372868164,2016-04-18 10:00:00,2269,251,10
3372868164,2016-04-18 11:00:00,313,103,11
3372868164,2016-04-18 12:00:00,185,68,12
3372868164,2016-04-18 13:00:00,0,56,13
3372868164,2016-04-18 14:00:00,415,90,14
3372868164,2016-04-18 15:00:00,412,94,15
3372868164,2016-04-18 16:00:00,492,103,16
3372868164,2016-04-18 17:00:00,275,95,17
3372868164,2016-04-18 18:00:00,447,101,18
3372868164,2016-04-18 19:00:00,342,87,19
3372868164,2016-04-18 20:00:00,329,94,20
3372868164,2016-04-18 21:00:00,0,56,21
3372868164,2016-04-18 22:00:00,0,63,22
3372868164,2016-04-18 23:00:00,0,56,23
3372868164,2016-04-19 00:00:00,0,56,0
3372868164,2016-04-19 01:00:00,0,57,1
3372868164,2016-04-19 02:00:00,0,56,2
3372868164,2016-04-19 03:00:00,0,56,3
3372868164,2016-04-19 04:00:00,0,56,4
3372868164,2016-04-19 05:00:00,0,56,5
3372868164,2016-04-19 06:00:00,0,57,6
3372868164,2016-04-19 07:00:00,131,65,7
3372868164,2016-04-19 08:00:00,113,62,8
3372868164,2016-04-19 09:00:00,357,94,9
3372868164,2016-04-19 10:00:00,380,94,10
3372868164,2016-04-19 11:00:00,628,137,11
3372868164,2016-04-19 12:00:00,294,96,12
3372868164,2016-04-19 13:00:00,497,103,13
3372868164,2016-04-19 14:00:00,1002,123,14
3372868164,2016-04-19 15:00:00,352,92,15
3372868164,2016-04-19 16:00:00,162,71,16
3372868164,2016-04-19 17:00:00,1118,114,17
3372868164,2016-04-19 18:00:00,1048,123,18
3372868164,2016-04-19 19:00:00,767,96,19
3372868164,2016-04-19 20:00:00,54,64,20
3372868164,2016-04-19 21:00:00,401,82,21
3372868164,2016-04-19 22:00:00,184,88,22
3372868164,2016-04-19 23:00:00,223,85,23
3372868164,2016-04-20 00:00:00,0,56,0
3372868164,2016-04-20 01:00:00,0,56,1
3372868164,2016-04-20 02:00:00,0,56,2
3372868164,2016-04-20 03:00:00,0,59,3
3372868164,2016-04-20 04:00:00,0,56,4
3372868164,2016-04-20 05:00:00,0,58,5
3372868164,2016-04-20 06:00:00,0,56,6
3372868164,2016-04-20 07:00:00,47,59,7
3372868164,2016-04-20 08:00:00,410,92,8
3372868164,2016-04-20 09:00:00,559,104,9
3372868164,2016-04-20 10:00:00,169,73,10
3372868164,2016-04-20 11:00:00,55,64,11
3372868164,2016-04-20 12:00:00,260,77,12
3372868164,2016-04-20 13:00:00,142,77,13
3372868164,2016-04-20 14:00:00,1549,215,14
3372868164,2016-04-20 15:00:00,181,87,15
3372868164,2016-04-20 16:00:00,721,125,16
3372868164,2016-04-20 17:00:00,200,85,17
3372868164,2016-04-20 18:00:00,43,65,18
3372868164,2016-04-20 19:00:00,106,69,19
3372868164,2016-04-20 20:00:00,411,97,20
3372868164,2016-04-20 21:00:00,14,62,21
3372868164,2016-04-20 22:00:00,13,63,22
3372868164,2016-04-20 23:00:00,0,56,23
3372868164,2016-04-21 00:00:00,0,56,0
3372868164,2016-04-21 01:00:00,0,59,1
3372868164,2016-04-21 02:00:00,0,56,2
3372868164,2016-04-21 03:00:00,0,56,3
3372868164,2016-04-21 04:00:00,0,56,4
3372868164,2016-04-21 05:00:00,237,81,5
3372868164,2016-04-21 06:00:00,196,73,6
3372868164,2016-04-21 07:00:00,224,80,7
3372868164,2016-04-21 08:00:00,746,128,8
3372868164,2016-04-21 09:00:00,435,89,9
3372868164,2016-04-21 10:00:00,1565,183,10
3372868164,2016-04-21 11:00:00,1645,219,11
3372868164,2016-04-21 12:00:00,98,64,12
3372868164,2016-04-21 13:00:00,319,96,13
3372868164,2016-04-21 14:00:00,406,92,14
3372868164,2016-04-21 15:00:00,384,89,15
3372868164,2016-04-21 16:00:00,134,70,16
3372868164,2016-04-21 17:00:00,47,61,17
3372868164,2016-04-21 18:00:00,605,104,18
3372868164,2016-04-21 19:00:00,1239,132,19
3372868164,2016-04-21 20:00:00,495,97,20
3372868164,2016-04-21 21:00:00,12,63,21
3372868164,2016-04-21 22:00:00,70,65,22
3372868164,2016-04-21 23:00:00,0,56,23
3372868164,2016-04-22 00:00:00,0,56,0
3372868164,2016-04-22 01:00:00,0,56,1
3372868164,2016-04-22 02:00:00,0,56,2
3372868164,2016-04-22 03:00:00,0,56,3
3372868164,2016-04-22 04:00:00,0,56,4
3372868164,2016-04-22 05:00:00,0,59,5
3372868164,2016-04-22 06:00:00,0,56,6
3372868164,2016-04-22 07:00:00,0,56,7
3372868164,2016-04-22 08:00:00,99,65,8
3372868164,2016-04-22 09:00:00,273,79,9
3372868164,2016-04-22 10:00:00,541,95,10
3372868164,2016-04-22 11:00:00,46,63,11
3372868164,2016-04-22 12:00:00,0,56,12
3372868164,2016-04-22 13:00:00,296,87,13
3372868164,2016-04-22 14:00:00,239,79,14
3372868164,2016-04-22 15:00:00,577,101,15
3372868164,2016-04-22 16:00:00,302,89,16
3372868164,2016-04-22 17:00:00,110,63,17
3372868164,2016-04-22 18:00:00,831,95,18
3372868164,2016-04-22 19:00:00,240,75,19
3372868164,2016-04-22 20:00:00,137,78,20
3372868164,2016-04-22 21:00:00,28,59,21
3372868164,2016-04-22 22:00:00,44,65,22
3372868164,2016-04-22 23:00:00,80,68,23
3372868164,2016-04-23 00:00:00,0,56,0
3372868164,2016-04-23 01:00:00,0,59,1
3372868164,2016-04-23 02:00:00,0,57,2
3372868164,2016-04-23 03:00:00,0,56,3
3372868164,2016-04-23 04:00:00,0,56,4
3372868164,2016-04-23 05:00:00,0,59,5
3372868164,2016-04-23 06:00:00,0,56,6
3372868164,2016-04-23 07:00:00,0,60,7
3372868164,2016-04-23 08:00:00,147,67,8
3372868164,2016-04-23 09:00:00,349,94,9
3372868164,2016-04-23 10:00:00,3084,277,10
3372868164,2016-04-23 11:00:00,401,122,11
3372868164,2016-04-23 12:00:00,493,95,12
3372868164,2016-04-23 13:00:00,0,56,13
3372868164,2016-04-23 14:00:00,179,76,14
3372868164,2016-04-23 15:00:00,311,82,15
3372868164,2016-04-23 16:00:00,654,103,16
3372868164,2016-04-23 17:00:00,566,115,17
3372868164,2016-04-23 18:00:00,265,73,18
3372868164,2016-04-23 19:00:00,640,120,19
3372868164,2016-04-23 20:00:00,226,81,20
3372868164,2016-04-23 21:00:00,0,56,21
3372868164,2016-04-23 22:00:00,81,64,22
3372868164,2016-04-23 23:00:00,0,56,23
3372868164,2016-04-24 00:00:00,0,57,0
3372868164,2016-04-24 01:00:00,0,57,1
3372868164,2016-04-24 02:00:00,0,56,2
3372868164,2016-04-24 03:00:00,0,56,3
3372868164,2016-04-24 04:00:00,0,56,4
3372868164,2016-04-24 05:00:00,0,57,5
3372868164,2016-04-24 06:00:00,89,63,6
3372868164,2016-04-24 07:00:00,517,98,7
3372868164,2016-04-24 08:00:00,488,86,8
3372868164,2016-04-24 09:00:00,169,72,9
3372868164,2016-04-24 10:00:00,176,66,10
3372868164,2016-04-24 11:00:00,490,95,11
3372868164,2016-04-24 12:00:00,194,82,12
3372868164,2016-04-24 13:00:00,108,77,13
3372868164,2016-04-24 14:00:00,382,93,14
3372868164,2016-04-24 15:00:00,1860,206,15
3372868164,2016-04-24 16:00:00,279,80,16
3372868164,2016-04-24 17:00:00,603,105,17
3372868164,2016-04-24 18:00:00,116,71,18
3372868164,2016-04-24 19:00:00,823,113,19
3372868164,2016-04-24 20:00:00,425,94,20
3372868164,2016-04-24 21:00:00,12,66,21
3372868164,2016-04-24 22:00:00,0,57,22
3372868164,2016-04-24 23:00:00,0,56,23
3372868164,2016-04-25 00:00:00,0,56,0
3372868164,2016-04-25 01:00:00,0,57,1
3372868164,2016-04-25 02:00:00,0,57,2
3372868164,2016-04-25 03:00:00,0,56,3
3372868164,2016-04-25 04:00:00,0,56,4
3372868164,2016-04-25 05:00:00,32,63,5
3372868164,2016-04-25 06:00:00,148,72,6
3372868164,2016-04-25 07:00:00,484,108,7
3372868164,2016-04-25 08:00:00,892,141,8
3372868164,2016-04-25 09:00:00,448,106,9
3372868164,2016-04-25 10:00:00,564,144,10
3372868164,2016-04-25 11:00:00,331,114,11
3372868164,2016-04-25 12:00:00,327,100,12
3372868164,2016-04-25 13:00:00,143,69,13
3372868164,2016-04-25 14:00:00,352,83,14
3372868164,2016-04-25 15:00:00,147,74,15
3372868164,2016-04-25 16:00:00,420,102,16
3372868164,2016-04-25 17:00:00,275,89,17
3372868164,2016-04-25 18:00:00,446,88,18
3372868164,2016-04-25 19:00:00,189,77,19
3372868164,2016-04-25 20:00:00,540,100,20
3372868164,2016-04-25 21:00:00,244,80,21
3372868164,2016-04-25 22:00:00,13,64,22
3372868164,2016-04-25 23:00:00,0,56,23
3372868164,2016-04-26 00:00:00,0,57,0
3372868164,2016-04-26 01:00:00,0,57,1
3372868164,2016-04-26 02:00:00,0,57,2
3372868164,2016-04-26 03:00:00,0,56,3
3372868164,2016-04-26 04:00:00,0,57,4
3372868164,2016-04-26 05:00:00,0,57,5
3372868164,2016-04-26 06:00:00,95,66,6
3372868164,2016-04-26 07:00:00,112,65,7
3372868164,2016-04-26 08:00:00,1105,145,8
3372868164,2016-04-26 09:00:00,2941,260,9
3372868164,2016-04-26 10:00:00,469,110,10
3372868164,2016-04-26 11:00:00,781,106,11
3372868164,2016-04-26 12:00:00,183,82,12
3372868164,2016-04-26 13:00:00,536,100,13
3372868164,2016-04-26 14:00:00,465,93,14
3372868164,2016-04-26 15:00:00,84,62,15
3372868164,2016-04-26 16:00:00,500,101,16
3372868164,2016-04-26 17:00:00,253,89,17
3372868164,2016-04-26 18:00:00,145,72,18
3372868164,2016-04-26 19:00:00,295,84,19
3372868164,2016-04-26 20:00:00,262,73,20
3372868164,2016-04-26 21:00:00,25,76,21
3372868164,2016-04-26 22:00:00,32,69,22
3372868164,2016-04-26 23:00:00,0,62,23
3372868164,2016-04-27 00:00:00,0,56,0
3372868164,2016-04-27 01:00:00,0,57,1
3372868164,2016-04-27 02:00:00,19,64,2
3372868164,2016-04-27 03:00:00,53,59,3
3372868164,2016-04-27 04:00:00,0,57,4
3372868164,2016-04-27 05:00:00,0,56,5
3372868164,2016-04-27 06:00:00,50,69,6
3372868164,2016-04-27 07:00:00,125,74,7
3372868164,2016-04-27 08:00:00,608,114,8
3372868164,2016-04-27 09:00:00,134,68,9
3372868164,2016-04-27 10:00:00,519,112,10
3372868164,2016-04-27 11:00:00,2727,276,11
3372868164,2016-04-27 12:00:00,231,88,12
3372868164,2016-04-27 13:00:00,337,101,13
3372868164,2016-04-27 14:00:00,630,125,14
3372868164,2016-04-27 15:00:00,409,82,15
3372868164,2016-04-27 16:00:00,770,105,16
3372868164,2016-04-27 17:00:00,446,104,17
3372868164,2016-04-27 18:00:00,198,72,18
3372868164,2016-04-27 19:00:00,139,72,19
3372868164,2016-04-27 20:00:00,257,85,20
3372868164,2016-04-27 21:00:00,0,56,21
3372868164,2016-04-27 22:00:00,224,80,22
3372868164,2016-04-27 23:00:00,28,63,23
3372868164,2016-04-28 00:00:00,0,57,0
3372868164,2016-04-28 01:00:00,0,56,1
3372868164,2016-04-28 02:00:00,0,56,2
3372868164,2016-04-28 03:00:00,0,56,3
3372868164,2016-04-28 04:00:00,0,56,4
3372868164,2016-04-28 05:00:00,112,80,5
3372868164,2016-04-28 06:00:00,61,61,6
3372868164,2016-04-28 07:00:00,441,108,7
3372868164,2016-04-28 08:00:00,436,115,8
3372868164,2016-04-28 09:00:00,130,75,9
3372868164,2016-04-28 10:00:00,630,123,10
3372868164,2016-04-28 11:00:00,562,123,11
3372868164,2016-04-28 12:00:00,456,106,12
3372868164,2016-04-28 13:00:00,294,81,13
3372868164,2016-04-28 14:00:00,322,82,14
3372868164,2016-04-28 15:00:00,478,101,15
3372868164,2016-04-28 16:00:00,169,75,16
3372868164,2016-04-28 17:00:00,304,99,17
3372868164,2016-04-28 18:00:00,559,117,18
3372868164,2016-04-28 19:00:00,188,73,19
3372868164,2016-04-28 20:00:00,304,88,20
3372868164,2016-04-28 21:00:00,58,70,21
3372868164,2016-04-28 22:00:00,8,57,22
3372868164,2016-04-28 23:00:00,0,56,23
3372868164,2016-04-29 00:00:00,0,56,0
3372868164,2016-04-29 01:00:00,0,57,1
3372868164,2016-04-29 02:00:00,0,56,2
3372868164,2016-04-29 03:00:00,0,56,3
3372868164,2016-04-29 04:00:00,0,57,4
3372868164,2016-04-29 05:00:00,141,80,5
3372868164,2016-04-29 06:00:00,153,69,6
3372868164,2016-04-29 07:00:00,118,72,7
3372868164,2016-04-29 08:00:00,572,107,8
3372868164,2016-04-29 09:00:00,349,97,9
3372868164,2016-04-29 10:00:00,1366,120,10
3372868164,2016-04-29 11:00:00,2510,163,11
3372868164,2016-04-29 12:00:00,707,118,12
3372868164,2016-04-29 13:00:00,526,105,13
3372868164,2016-04-29 14:00:00,465,115,14
3372868164,2016-04-29 15:00:00,469,120,15
3372868164,2016-04-29 16:00:00,508,97,16
3372868164,2016-04-29 17:00:00,469,79,17
3372868164,2016-04-29 18:00:00,324,79,18
3372868164,2016-04-29 19:00:00,57,68,19
3372868164,2016-04-29 20:00:00,237,76,20
3372868164,2016-04-29 21:00:00,164,85,21
3372868164,2016-04-29 22:00:00,0,56,22
3372868164,2016-04-29 23:00:00,0,56,23
3372868164,2016-04-30 00:00:00,17,58,0
3372868164,2016-04-30 01:00:00,0,56,1
3372868164,2016-04-30 02:00:00,0,57,2
3372868164,2016-04-30 03:00:00,0,56,3
3372868164,2016-04-30 04:00:00,0,56,4
3372868164,2016-04-30 05:00:00,0,56,5
3372868164,2016-04-30 06:00:00,81,63,6
3372868164,2016-04-30 07:00:00,223,81,7
3372868164,2016-04-30 08:00:00,98,68,8
3372868164,2016-04-30 09:00:00,1970,236,9
3372868164,2016-04-30 10:00:00,129,104,10
3372868164,2016-04-30 11:00:00,8,60,11
3372868164,2016-04-30 12:00:00,175,89,12
3372868164,2016-04-30 13:00:00,244,85,13
3372868164,2016-04-30 14:00:00,586,130,14
3372868164,2016-04-30 15:00:00,309,92,15
3372868164,2016-04-30 16:00:00,344,93,16
3372868164,2016-04-30 17:00:00,217,85,17
3372868164,2016-04-30 18:00:00,332,89,18
3372868164,2016-04-30 19:00:00,97,66,19
3372868164,2016-04-30 20:00:00,305,81,20
3372868164,2016-04-30 21:00:00,69,63,21
3372868164,2016-04-30 22:00:00,46,65,22
3372868164,2016-04-30 23:00:00,0,56,23
3372868164,2016-05-01 00:00:00,6,59,0
3372868164,2016-05-01 01:00:00,0,56,1
3372868164,2016-05-01 02:00:00,0,56,2
3372868164,2016-05-01 03:00:00,0,56,3
3372868164,2016-05-01 04:00:00,0,57,4
3372868164,2016-05-01 05:00:00,6,66,5
3372868164,2016-05-01 06:00:00,120,67,6
3372868164,2016-05-01 07:00:00,436,91,7
3372868164,2016-05-01 08:00:00,483,84,8
3372868164,2016-05-01 09:00:00,147,74,9
3372868164,2016-05-01 10:00:00,115,65,10
3372868164,2016-05-01 11:00:00,221,88,11
3372868164,2016-05-01 12:00:00,197,82,12
3372868164,2016-05-01 13:00:00,136,79,13
3372868164,2016-05-01 14:00:00,965,125,14
3372868164,2016-05-01 15:00:00,69,62,15
3977333714,2016-04-12 00:00:00,753,80,0
3977333714,2016-04-12 01:00:00,0,42,1
3977333714,2016-04-12 02:00:00,0,42,2
3977333714,2016-04-12 03:00:00,16,44,3
3977333714,2016-04-12 04:00:00,0,42,4
3977333714,2016-04-12 05:00:00,0,42,5
3977333714,2016-04-12 06:00:00,0,42,6
3977333714,2016-04-12 07:00:00,0,43,7
3977333714,2016-04-12 08:00:00,13,45,8
3977333714,2016-04-12 09:00:00,10,45,9
3977333714,2016-04-12 10:00:00,28,48,10
3977333714,2016-04-12 11:00:00,0,43,11
3977333714,2016-04-12 12:00:00,332,70,12
3977333714,2016-04-12 13:00:00,4112,208,13
3977333714,2016-04-12 14:00:00,2257,137,14
3977333714,2016-04-12 15:00:00,55,49,15
3977333714,2016-04-12 16:00:00,49,49,16
3977333714,2016-04-12 17:00:00,190,54,17
3977333714,2016-04-12 18:00:00,289,61,18
3977333714,2016-04-12 19:00:00,201,59,19
3977333714,2016-04-12 20:00:00,35,45,20
3977333714,2016-04-12 21:00:00,291,59,21
3977333714,2016-04-12 22:00:00,115,52,22
3977333714,2016-04-12 23:00:00,110,49,23
3977333714,2016-04-13 00:00:00,43,48,0
3977333714,2016-04-13 01:00:00,0,42,1
3977333714,2016-04-13 02:00:00,8,43,2
3977333714,2016-04-13 03:00:00,0,42,3
3977333714,2016-04-13 04:00:00,0,42,4
3977333714,2016-04-13 05:00:00,0,42,5
3977333714,2016-04-13 06:00:00,9,43,6
3977333714,2016-04-13 07:00:00,31,46,7
3977333714,2016-04-13 08:00:00,34,45,8
3977333714,2016-04-13 09:00:00,16,45,9
3977333714,2016-04-13 10:00:00,65,50,10
3977333714,2016-04-13 11:00:00,51,49,11
3977333714,2016-04-13 12:00:00,40,47,12
3977333714,2016-04-13 13:00:00,180,53,13
3977333714,2016-04-13 14:00:00,419,68,14
3977333714,2016-04-13 15:00:00,612,69,15
3977333714,2016-04-13 16:00:00,498,74,16
3977333714,2016-04-13 17:00:00,3916,198,17
3977333714,2016-04-13 18:00:00,2511,151,18
3977333714,2016-04-13 19:00:00,607,75,19
3977333714,2016-04-13 20:00:00,4,43,20
3977333714,2016-04-13 21:00:00,406,63,21
3977333714,2016-04-13 22:00:00,175,53,22
3977333714,2016-04-13 23:00:00,410,61,23
3977333714,2016-04-14 00:00:00,40,47,0
3977333714,2016-04-14 01:00:00,76,50,1
3977333714,2016-04-14 02:00:00,0,42,2
3977333714,2016-04-14 03:00:00,0,42,3
3977333714,2016-04-14 04:00:00,0,42,4
3977333714,2016-04-14 05:00:00,6,43,5
3977333714,2016-04-14 06:00:00,0,42,6
3977333714,2016-04-14 07:00:00,0,42,7
3977333714,2016-04-14 08:00:00,116,51,8
3977333714,2016-04-14 09:00:00,338,70,9
3977333714,2016-04-14 10:00:00,1508,124,10
3977333714,2016-04-14 11:00:00,1344,109,11
3977333714,2016-04-14 12:00:00,144,50,12
3977333714,2016-04-14 13:00:00,831,82,13
3977333714,2016-04-14 14:00:00,28,46,14
3977333714,2016-04-14 15:00:00,0,42,15
3977333714,2016-04-14 16:00:00,280,56,16
3977333714,2016-04-14 17:00:00,2136,134,17
3977333714,2016-04-14 18:00:00,437,73,18
3977333714,2016-04-14 19:00:00,100,53,19
3977333714,2016-04-14 20:00:00,121,54,20
3977333714,2016-04-14 21:00:00,136,52,21
3977333714,2016-04-14 22:00:00,0,43,22
3977333714,2016-04-14 23:00:00,0,43,23
3977333714,2016-04-15 00:00:00,115,52,0
3977333714,2016-04-15 01:00:00,202,53,1
3977333714,2016-04-15 02:00:00,43,46,2
3977333714,2016-04-15 03:00:00,0,42,3
3977333714,2016-04-15 04:00:00,0,42,4
3977333714,2016-04-15 05:00:00,0,42,5
3977333714,2016-04-15 06:00:00,0,42,6
3977333714,2016-04-15 07:00:00,11,43,7
3977333714,2016-04-15 08:00:00,14,44,8
3977333714,2016-04-15 09:00:00,0,42,9
3977333714,2016-04-15 10:00:00,4,43,10
3977333714,2016-04-15 11:00:00,394,68,11
3977333714,2016-04-15 12:00:00,237,59,12
3977333714,2016-04-15 13:00:00,7,44,13
3977333714,2016-04-15 14:00:00,412,70,14
3977333714,2016-04-15 15:00:00,616,70,15
3977333714,2016-04-15 16:00:00,2600,155,16
3977333714,2016-04-15 17:00:00,1401,104,17
3977333714,2016-04-15 18:00:00,1541,114,18
3977333714,2016-04-15 19:00:00,593,77,19
3977333714,2016-04-15 20:00:00,0,43,20
3977333714,2016-04-15 21:00:00,10,44,21
3977333714,2016-04-15 22:00:00,195,55,22
3977333714,2016-04-15 23:00:00,615,75,23
3977333714,2016-04-16 00:00:00,13,45,0
3977333714,2016-04-16 01:00:00,0,42,1
3977333714,2016-04-16 02:00:00,0,42,2
3977333714,2016-04-16 03:00:00,0,42,3
3977333714,2016-04-16 04:00:00,0,42,4
3977333714,2016-04-16 05:00:00,17,44,5
3977333714,2016-04-16 06:00:00,0,42,6
3977333714,2016-04-16 07:00:00,0,42,7
3977333714,2016-04-16 08:00:00,17,45,8
3977333714,2016-04-16 09:00:00,46,47,9
3977333714,2016-04-16 10:00:00,97,51,10
3977333714,2016-04-16 11:00:00,3172,177,11
3977333714,2016-04-16 12:00:00,2896,156,12
3977333714,2016-04-16 13:00:00,1953,130,13
3977333714,2016-04-16 14:00:00,1141,90,14
3977333714,2016-04-16 15:00:00,38,50,15
3977333714,2016-04-16 16:00:00,121,55,16
3977333714,2016-04-16 17:00:00,2639,154,17
3977333714,2016-04-16 18:00:00,284,59,18
3977333714,2016-04-16 19:00:00,337,61,19
3977333714,2016-04-16 20:00:00,0,42,20
3977333714,2016-04-16 21:00:00,5,43,21
3977333714,2016-04-16 22:00:00,552,69,22
3977333714,2016-04-16 23:00:00,131,54,23
3977333714,2016-04-17 00:00:00,10,44,0
3977333714,2016-04-17 01:00:00,0,42,1
3977333714,2016-04-17 02:00:00,0,43,2
3977333714,2016-04-17 03:00:00,0,42,3
3977333714,2016-04-17 04:00:00,0,42,4
3977333714,2016-04-17 05:00:00,0,42,5
3977333714,2016-04-17 06:00:00,15,44,6
3977333714,2016-04-17 07:00:00,0,42,7
3977333714,2016-04-17 08:00:00,0,42,8
3977333714,2016-04-17 09:00:00,87,50,9
3977333714,2016-04-17 10:00:00,347,69,10
3977333714,2016-04-17 11:00:00,154,56,11
3977333714,2016-04-17 12:00:00,167,54,12
3977333714,2016-04-17 13:00:00,262,56,13
3977333714,2016-04-17 14:00:00,551,72,14
3977333714,2016-04-17 15:00:00,616,75,15
3977333714,2016-04-17 16:00:00,495,74,16
3977333714,2016-04-17 17:00:00,3389,175,17
3977333714,2016-04-17 18:00:00,1024,92,18
3977333714,2016-04-17 19:00:00,2339,150,19
3977333714,2016-04-17 20:00:00,90,48,20
3977333714,2016-04-17 21:00:00,509,66,21
3977333714,2016-04-17 22:00:00,360,67,22
3977333714,2016-04-17 23:00:00,0,42,23
3977333714,2016-04-18 00:00:00,8,43,0
3977333714,2016-04-18 01:00:00,0,43,1
3977333714,2016-04-18 02:00:00,0,42,2
3977333714,2016-04-18 03:00:00,0,42,3
3977333714,2016-04-18 04:00:00,0,42,4
3977333714,2016-04-18 05:00:00,9,43,5
3977333714,2016-04-18 06:00:00,0,42,6
3977333714,2016-04-18 07:00:00,0,42,7
3977333714,2016-04-18 08:00:00,30,46,8
3977333714,2016-04-18 09:00:00,36,46,9
3977333714,2016-04-18 10:00:00,0,43,10
3977333714,2016-04-18 11:00:00,144,55,11
3977333714,2016-04-18 12:00:00,857,90,12
3977333714,2016-04-18 13:00:00,2644,157,13
3977333714,2016-04-18 14:00:00,2287,143,14
3977333714,2016-04-18 15:00:00,58,46,15
3977333714,2016-04-18 16:00:00,522,68,16
3977333714,2016-04-18 17:00:00,777,85,17
3977333714,2016-04-18 18:00:00,1761,124,18
3977333714,2016-04-18 19:00:00,1135,104,19
3977333714,2016-04-18 20:00:00,1163,94,20
3977333714,2016-04-18 21:00:00,6,44,21
3977333714,2016-04-18 22:00:00,217,55,22
3977333714,2016-04-18 23:00:00,9,44,23
3977333714,2016-04-19 00:00:00,7,44,0
3977333714,2016-04-19 01:00:00,25,47,1
3977333714,2016-04-19 02:00:00,0,42,2
3977333714,2016-04-19 03:00:00,14,45,3
3977333714,2016-04-19 04:00:00,0,42,4
3977333714,2016-04-19 05:00:00,0,42,5
3977333714,2016-04-19 06:00:00,0,42,6
3977333714,2016-04-19 07:00:00,0,42,7
3977333714,2016-04-19 08:00:00,50,48,8
3977333714,2016-04-19 09:00:00,0,43,9
3977333714,2016-04-19 10:00:00,0,43,10
3977333714,2016-04-19 11:00:00,122,53,11
3977333714,2016-04-19 12:00:00,1011,92,12
3977333714,2016-04-19 13:00:00,1494,116,13
3977333714,2016-04-19 14:00:00,344,65,14
3977333714,2016-04-19 15:00:00,1842,130,15
3977333714,2016-04-19 16:00:00,2133,140,16
3977333714,2016-04-19 17:00:00,115,53,17
3977333714,2016-04-19 18:00:00,141,50,18
3977333714,2016-04-19 19:00:00,44,47,19
3977333714,2016-04-19 20:00:00,833,82,20
3977333714,2016-04-19 21:00:00,464,69,21
3977333714,2016-04-19 22:00:00,292,61,22
3977333714,2016-04-19 23:00:00,3326,194,23
3977333714,2016-04-20 00:00:00,358,60,0
3977333714,2016-04-20 01:00:00,0,42,1
3977333714,2016-04-20 02:00:00,0,42,2
3977333714,2016-04-20 03:00:00,0,42,3
3977333714,2016-04-20 04:00:00,0,42,4
3977333714,2016-04-20 05:00:00,7,44,5
3977333714,2016-04-20 06:00:00,0,42,6
3977333714,2016-04-20 07:00:00,0,42,7
3977333714,2016-04-20 08:00:00,16,45,8
3977333714,2016-04-20 09:00:00,0,43,9
3977333714,2016-04-20 10:00:00,767,84,10
3977333714,2016-04-20 11:00:00,951,88,11
3977333714,2016-04-20 12:00:00,0,42,12
3977333714,2016-04-20 13:00:00,566,70,13
3977333714,2016-04-20 14:00:00,468,65,14
3977333714,2016-04-20 15:00:00,625,74,15
3977333714,2016-04-20 16:00:00,243,59,16
3977333714,2016-04-20 17:00:00,106,50,17
3977333714,2016-04-20 18:00:00,475,72,18
3977333714,2016-04-20 19:00:00,3110,169,19
3977333714,2016-04-20 20:00:00,3485,179,20
3977333714,2016-04-20 21:00:00,469,70,21
3977333714,2016-04-20 22:00:00,0,43,22
3977333714,2016-04-20 23:00:00,12,44,23
3977333714,2016-04-21 00:00:00,15,45,0
3977333714,2016-04-21 01:00:00,0,42,1
3977333714,2016-04-21 02:00:00,11,43,2
3977333714,2016-04-21 03:00:00,0,42,3
3977333714,2016-04-21 04:00:00,0,42,4
3977333714,2016-04-21 05:00:00,0,42,5
3977333714,2016-04-21 06:00:00,4,43,6
3977333714,2016-04-21 07:00:00,7,43,7
3977333714,2016-04-21 08:00:00,929,97,8
3977333714,2016-04-21 09:00:00,110,55,9
3977333714,2016-04-21 10:00:00,854,88,10
3977333714,2016-04-21 11:00:00,532,72,11
3977333714,2016-04-21 12:00:00,129,53,12
3977333714,2016-04-21 13:00:00,938,88,13
3977333714,2016-04-21 14:00:00,38,47,14
3977333714,2016-04-21 15:00:00,312,57,15
3977333714,2016-04-21 16:00:00,746,90,16
3977333714,2016-04-21 17:00:00,259,65,17
3977333714,2016-04-21 18:00:00,327,74,18
3977333714,2016-04-21 19:00:00,709,81,19
3977333714,2016-04-21 20:00:00,25,46,20
3977333714,2016-04-21 21:00:00,74,48,21
3977333714,2016-04-21 22:00:00,31,46,22
3977333714,2016-04-21 23:00:00,22,45,23
3977333714,2016-04-22 00:00:00,141,54,0
3977333714,2016-04-22 01:00:00,166,54,1
3977333714,2016-04-22 02:00:00,0,42,2
3977333714,2016-04-22 03:00:00,9,43,3
3977333714,2016-04-22 04:00:00,0,42,4
3977333714,2016-04-22 05:00:00,12,44,5
3977333714,2016-04-22 06:00:00,17,44,6
3977333714,2016-04-22 07:00:00,0,42,7
3977333714,2016-04-22 08:00:00,0,42,8
3977333714,2016-04-22 09:00:00,354,60,9
3977333714,2016-04-22 10:00:00,712,81,10
3977333714,2016-04-22 11:00:00,928,88,11
3977333714,2016-04-22 12:00:00,128,53,12
3977333714,2016-04-22 13:00:00,3771,193,13
3977333714,2016-04-22 14:00:00,1553,115,14
3977333714,2016-04-22 15:00:00,240,63,15
3977333714,2016-04-22 16:00:00,100,57,16
3977333714,2016-04-22 17:00:00,92,56,17
3977333714,2016-04-22 18:00:00,18,46,18
3977333714,2016-04-22 19:00:00,312,68,19
3977333714,2016-04-22 20:00:00,256,60,20
3977333714,2016-04-22 21:00:00,0,43,21
3977333714,2016-04-22 22:00:00,102,49,22
3977333714,2016-04-22 23:00:00,0,43,23
3977333714,2016-04-23 00:00:00,101,51,0
3977333714,2016-04-23 01:00:00,28,45,1
3977333714,2016-04-23 02:00:00,0,42,2
3977333714,2016-04-23 03:00:00,0,42,3
3977333714,2016-04-23 04:00:00,0,42,4
3977333714,2016-04-23 05:00:00,8,43,5
3977333714,2016-04-23 06:00:00,0,42,6
3977333714,2016-04-23 07:00:00,254,59,7
3977333714,2016-04-23 08:00:00,390,74,8
3977333714,2016-04-23 09:00:00,432,77,9
3977333714,2016-04-23 10:00:00,285,62,10
3977333714,2016-04-23 11:00:00,480,68,11
3977333714,2016-04-23 12:00:00,208,56,12
3977333714,2016-04-23 13:00:00,958,99,13
3977333714,2016-04-23 14:00:00,787,89,14
3977333714,2016-04-23 15:00:00,524,83,15
3977333714,2016-04-23 16:00:00,443,68,16
3977333714,2016-04-23 17:00:00,304,56,17
3977333714,2016-04-23 18:00:00,7,44,18
3977333714,2016-04-23 19:00:00,9,44,19
3977333714,2016-04-23 20:00:00,807,79,20
3977333714,2016-04-23 21:00:00,3872,196,21
3977333714,2016-04-23 22:00:00,2161,133,22
3977333714,2016-04-23 23:00:00,0,43,23
3977333714,2016-04-24 00:00:00,39,47,0
3977333714,2016-04-24 01:00:00,0,42,1
3977333714,2016-04-24 02:00:00,0,42,2
3977333714,2016-04-24 03:00:00,0,42,3
3977333714,2016-04-24 04:00:00,0,42,4
3977333714,2016-04-24 05:00:00,0,42,5
3977333714,2016-04-24 06:00:00,0,42,6
3977333714,2016-04-24 07:00:00,8,44,7
3977333714,2016-04-24 08:00:00,0,42,8
3977333714,2016-04-24 09:00:00,50,48,9
3977333714,2016-04-24 10:00:00,177,53,10
3977333714,2016-04-24 11:00:00,0,43,11
3977333714,2016-04-24 12:00:00,92,48,12
3977333714,2016-04-24 13:00:00,491,68,13
3977333714,2016-04-24 14:00:00,3850,195,14
3977333714,2016-04-24 15:00:00,2988,163,15
3977333714,2016-04-24 16:00:00,1185,100,16
3977333714,2016-04-24 17:00:00,384,63,17
3977333714,2016-04-24 18:00:00,178,58,18
3977333714,2016-04-24 19:00:00,26,47,19
3977333714,2016-04-24 20:00:00,4,44,20
3977333714,2016-04-24 21:00:00,89,53,21
3977333714,2016-04-24 22:00:00,2997,174,22
3977333714,2016-04-24 23:00:00,1554,112,23
3977333714,2016-04-25 00:00:00,96,48,0
3977333714,2016-04-25 01:00:00,0,42,1
3977333714,2016-04-25 02:00:00,8,44,2
3977333714,2016-04-25 03:00:00,0,42,3
3977333714,2016-04-25 04:00:00,0,42,4
3977333714,2016-04-25 05:00:00,0,42,5
3977333714,2016-04-25 06:00:00,0,42,6
3977333714,2016-04-25 07:00:00,0,42,7
3977333714,2016-04-25 08:00:00,0,42,8
3977333714,2016-04-25 09:00:00,47,49,9
3977333714,2016-04-25 10:00:00,366,68,10
3977333714,2016-04-25 11:00:00,66,48,11
3977333714,2016-04-25 12:00:00,208,56,12
3977333714,2016-04-25 13:00:00,317,61,13
3977333714,2016-04-25 14:00:00,492,67,14
3977333714,2016-04-25 15:00:00,194,56,15
3977333714,2016-04-25 16:00:00,296,62,16
3977333714,2016-04-25 17:00:00,0,43,17
3977333714,2016-04-25 18:00:00,75,50,18
3977333714,2016-04-25 19:00:00,80,49,19
3977333714,2016-04-25 20:00:00,3868,217,20
3977333714,2016-04-25 21:00:00,4240,225,21
3977333714,2016-04-25 22:00:00,667,73,22
3977333714,2016-04-25 23:00:00,148,54,23
3977333714,2016-04-26 00:00:00,0,43,0
3977333714,2016-04-26 01:00:00,12,44,1
3977333714,2016-04-26 02:00:00,70,47,2
3977333714,2016-04-26 03:00:00,63,46,3
3977333714,2016-04-26 04:00:00,4,43,4
3977333714,2016-04-26 05:00:00,0,42,5
3977333714,2016-04-26 06:00:00,0,42,6
3977333714,2016-04-26 07:00:00,0,42,7
3977333714,2016-04-26 08:00:00,14,44,8
3977333714,2016-04-26 09:00:00,60,50,9
3977333714,2016-04-26 10:00:00,436,72,10
3977333714,2016-04-26 11:00:00,573,73,11
3977333714,2016-04-26 12:00:00,424,64,12
3977333714,2016-04-26 13:00:00,0,43,13
3977333714,2016-04-26 14:00:00,91,49,14
3977333714,2016-04-26 15:00:00,468,71,15
3977333714,2016-04-26 16:00:00,301,61,16
3977333714,2016-04-26 17:00:00,455,68,17
3977333714,2016-04-26 18:00:00,523,74,18
3977333714,2016-04-26 19:00:00,677,71,19
3977333714,2016-04-26 20:00:00,3382,180,20
3977333714,2016-04-26 21:00:00,1946,122,21
3977333714,2016-04-26 22:00:00,1889,119,22
3977333714,2016-04-26 23:00:00,0,42,23
3977333714,2016-04-27 00:00:00,42,46,0
3977333714,2016-04-27 01:00:00,0,42,1
3977333714,2016-04-27 02:00:00,0,42,2
3977333714,2016-04-27 03:00:00,7,43,3
3977333714,2016-04-27 04:00:00,0,42,4
3977333714,2016-04-27 05:00:00,0,42,5
3977333714,2016-04-27 06:00:00,0,42,6
3977333714,2016-04-27 07:00:00,0,43,7
3977333714,2016-04-27 08:00:00,7,43,8
3977333714,2016-04-27 09:00:00,53,47,9
3977333714,2016-04-27 10:00:00,926,90,10
3977333714,2016-04-27 11:00:00,354,63,11
3977333714,2016-04-27 12:00:00,85,51,12
3977333714,2016-04-27 13:00:00,261,59,13
3977333714,2016-04-27 14:00:00,385,63,14
3977333714,2016-04-27 15:00:00,0,42,15
3977333714,2016-04-27 16:00:00,426,67,16
3977333714,2016-04-27 17:00:00,22,44,17
3977333714,2016-04-27 18:00:00,1286,99,18
3977333714,2016-04-27 19:00:00,79,47,19
3977333714,2016-04-27 20:00:00,258,59,20
3977333714,2016-04-27 21:00:00,114,48,21
3977333714,2016-04-27 22:00:00,2543,152,22
3977333714,2016-04-27 23:00:00,345,60,23
3977333714,2016-04-28 00:00:00,547,77,0
3977333714,2016-04-28 01:00:00,353,65,1
3977333714,2016-04-28 02:00:00,0,42,2
3977333714,2016-04-28 03:00:00,10,43,3
3977333714,2016-04-28 04:00:00,4,43,4
3977333714,2016-04-28 05:00:00,0,42,5
3977333714,2016-04-28 06:00:00,0,42,6
3977333714,2016-04-28 07:00:00,0,42,7
3977333714,2016-04-28 08:00:00,0,42,8
3977333714,2016-04-28 09:00:00,60,47,9
3977333714,2016-04-28 10:00:00,995,94,10
3977333714,2016-04-28 11:00:00,250,62,11
3977333714,2016-04-28 12:00:00,198,53,12
3977333714,2016-04-28 13:00:00,711,79,13
3977333714,2016-04-28 14:00:00,657,76,14
3977333714,2016-04-28 15:00:00,389,71,15
3977333714,2016-04-28 16:00:00,2522,150,16
3977333714,2016-04-28 17:00:00,34,46,17
3977333714,2016-04-28 18:00:00,41,46,18
3977333714,2016-04-28 19:00:00,57,46,19
3977333714,2016-04-28 20:00:00,61,47,20
3977333714,2016-04-28 21:00:00,37,47,21
3977333714,2016-04-28 22:00:00,61,51,22
3977333714,2016-04-28 23:00:00,127,51,23
3977333714,2016-04-29 00:00:00,130,55,0
3977333714,2016-04-29 01:00:00,0,42,1
3977333714,2016-04-29 02:00:00,15,43,2
3977333714,2016-04-29 03:00:00,0,42,3
3977333714,2016-04-29 04:00:00,0,42,4
3977333714,2016-04-29 05:00:00,0,42,5
3977333714,2016-04-29 06:00:00,10,44,6
3977333714,2016-04-29 07:00:00,0,42,7
3977333714,2016-04-29 08:00:00,14,45,8
3977333714,2016-04-29 09:00:00,15,45,9
3977333714,2016-04-29 10:00:00,1268,101,10
3977333714,2016-04-29 11:00:00,351,60,11
3977333714,2016-04-29 12:00:00,202,56,12
3977333714,2016-04-29 13:00:00,54,49,13
3977333714,2016-04-29 14:00:00,211,60,14
3977333714,2016-04-29 15:00:00,134,52,15
3977333714,2016-04-29 16:00:00,197,54,16
3977333714,2016-04-29 17:00:00,354,65,17
3977333714,2016-04-29 18:00:00,320,68,18
3977333714,2016-04-29 19:00:00,3673,191,19
3977333714,2016-04-29 20:00:00,773,77,20
3977333714,2016-04-29 21:00:00,18,45,21
3977333714,2016-04-29 22:00:00,2435,154,22
3977333714,2016-04-29 23:00:00,471,69,23
3977333714,2016-04-30 00:00:00,108,54,0
3977333714,2016-04-30 01:00:00,0,42,1
3977333714,2016-04-30 02:00:00,7,43,2
3977333714,2016-04-30 03:00:00,0,42,3
3977333714,2016-04-30 04:00:00,0,42,4
3977333714,2016-04-30 05:00:00,18,45,5
3977333714,2016-04-30 06:00:00,384,63,6
3977333714,2016-04-30 07:00:00,692,82,7
3977333714,2016-04-30 08:00:00,920,83,8
3977333714,2016-04-30 09:00:00,67,49,9
3977333714,2016-04-30 10:00:00,58,46,10
3977333714,2016-04-30 11:00:00,1744,115,11
3977333714,2016-04-30 12:00:00,196,56,12
3977333714,2016-04-30 13:00:00,463,68,13
3977333714,2016-04-30 14:00:00,228,59,14
3977333714,2016-04-30 15:00:00,9,44,15
3977333714,2016-04-30 16:00:00,449,65,16
3977333714,2016-04-30 17:00:00,2292,147,17
3977333714,2016-04-30 18:00:00,510,66,18
3977333714,2016-04-30 19:00:00,2939,164,19
3977333714,2016-04-30 20:00:00,1540,106,20
3977333714,2016-04-30 21:00:00,510,75,21
3977333714,2016-04-30 22:00:00,69,49,22
3977333714,2016-04-30 23:00:00,35,45,23
3977333714,2016-05-01 00:00:00,0,42,0
3977333714,2016-05-01 01:00:00,9,43,1
3977333714,2016-05-01 02:00:00,0,42,2
3977333714,2016-05-01 03:00:00,21,46,3
3977333714,2016-05-01 04:00:00,0,42,4
3977333714,2016-05-01 05:00:00,0,42,5
3977333714,2016-05-01 06:00:00,0,43,6
3977333714,2016-05-01 07:00:00,0,42,7
3977333714,2016-05-01 08:00:00,0,42,8
3977333714,2016-05-01 09:00:00,139,57,9
3977333714,2016-05-01 10:00:00,322,68,10
3977333714,2016-05-01 11:00:00,505,72,11
3977333714,2016-05-01 12:00:00,993,87,12
3977333714,2016-05-01 13:00:00,582,73,13
3977333714,2016-05-01 14:00:00,109,52,14
3977333714,2016-05-01 15:00:00,72,47,15
3977333714,2016-05-01 16:00:00,13,44,16
3977333714,2016-05-01 17:00:00,43,48,17
3977333714,2016-05-01 18:00:00,2425,141,18
3977333714,2016-05-01 19:00:00,5020,240,19
3977333714,2016-05-01 20:00:00,39,48,20
3977333714,2016-05-01 21:00:00,0,43,21
3977333714,2016-05-01 22:00:00,27,45,22
3977333714,2016-05-01 23:00:00,95,51,23
3977333714,2016-05-02 00:00:00,84,50,0
3977333714,2016-05-02 01:00:00,0,42,1
3977333714,2016-05-02 02:00:00,0,42,2
3977333714,2016-05-02 03:00:00,0,42,3
3977333714,2016-05-02 04:00:00,16,44,4
3977333714,2016-05-02 05:00:00,0,42,5
3977333714,2016-05-02 06:00:00,20,46,6
3977333714,2016-05-02 07:00:00,125,52,7
3977333714,2016-05-02 08:00:00,328,60,8
3977333714,2016-05-02 09:00:00,21,46,9
3977333714,2016-05-02 10:00:00,24,45,10
3977333714,2016-05-02 11:00:00,37,49,11
3977333714,2016-05-02 12:00:00,55,48,12
3977333714,2016-05-02 13:00:00,1797,126,13
3977333714,2016-05-02 14:00:00,3487,180,14
3977333714,2016-05-02 15:00:00,270,60,15
3977333714,2016-05-02 16:00:00,217,57,16
3977333714,2016-05-02 17:00:00,835,83,17
3977333714,2016-05-02 18:00:00,3409,181,18
3977333714,2016-05-02 19:00:00,585,79,19
3977333714,2016-05-02 20:00:00,2670,148,20
3977333714,2016-05-02 21:00:00,2333,138,21
3977333714,2016-05-02 22:00:00,114,53,22
3977333714,2016-05-02 23:00:00,93,48,23
3977333714,2016-05-03 00:00:00,28,46,0
3977333714,2016-05-03 01:00:00,0,42,1
3977333714,2016-05-03 02:00:00,0,42,2
3977333714,2016-05-03 03:00:00,0,42,3
3977333714,2016-05-03 04:00:00,0,42,4
3977333714,2016-05-03 05:00:00,6,43,5
3977333714,2016-05-03 06:00:00,0,42,6
3977333714,2016-05-03 07:00:00,0,42,7
3977333714,2016-05-03 08:00:00,0,42,8
3977333714,2016-05-03 09:00:00,794,85,9
3977333714,2016-05-03 10:00:00,704,88,10
3977333714,2016-05-03 11:00:00,2177,142,11
3977333714,2016-05-03 12:00:00,112,49,12
3977333714,2016-05-03 13:00:00,7,45,13
3977333714,2016-05-03 14:00:00,1523,118,14
3977333714,2016-05-03 15:00:00,28,45,15
3977333714,2016-05-03 16:00:00,865,89,16
3977333714,2016-05-03 17:00:00,404,63,17
3977333714,2016-05-03 18:00:00,1330,107,18
3977333714,2016-05-03 19:00:00,105,49,19
3977333714,2016-05-03 20:00:00,26,46,20
3977333714,2016-05-03 21:00:00,974,93,21
3977333714,2016-05-03 22:00:00,3950,203,22
3977333714,2016-05-03 23:00:00,1302,102,23
3977333714,2016-05-04 00:00:00,22,45,0
3977333714,2016-05-04 01:00:00,0,42,1
3977333714,2016-05-04 02:00:00,38,47,2
3977333714,2016-05-04 03:00:00,0,42,3
3977333714,2016-05-04 04:00:00,0,42,4
3977333714,2016-05-04 05:00:00,0,42,5
3977333714,2016-05-04 06:00:00,7,44,6
3977333714,2016-05-04 07:00:00,7,43,7
3977333714,2016-05-04 08:00:00,806,82,8
3977333714,2016-05-04 09:00:00,393,64,9
3977333714,2016-05-04 10:00:00,1182,96,10
3977333714,2016-05-04 11:00:00,305,57,11
3977333714,2016-05-04 12:00:00,453,62,12
3977333714,2016-05-04 13:00:00,336,61,13
3977333714,2016-05-04 14:00:00,14,45,14
3977333714,2016-05-04 15:00:00,581,75,15
3977333714,2016-05-04 16:00:00,23,44,16
3977333714,2016-05-04 17:00:00,93,48,17
3977333714,2016-05-04 18:00:00,12,45,18
3977333714,2016-05-04 19:00:00,224,55,19
3977333714,2016-05-04 20:00:00,54,49,20
3977333714,2016-05-04 21:00:00,29,46,21
3977333714,2016-05-04 22:00:00,3380,179,22
3977333714,2016-05-04 23:00:00,5414,265,23
3977333714,2016-05-05 00:00:00,593,74,0
3977333714,2016-05-05 01:00:00,0,42,1
3977333714,2016-05-05 02:00:00,0,42,2
3977333714,2016-05-05 03:00:00,16,44,3
3977333714,2016-05-05 04:00:00,0,42,4
3977333714,2016-05-05 05:00:00,0,42,5
3977333714,2016-05-05 06:00:00,0,43,6
3977333714,2016-05-05 07:00:00,17,44,7
3977333714,2016-05-05 08:00:00,7,44,8
3977333714,2016-05-05 09:00:00,267,61,9
3977333714,2016-05-05 10:00:00,485,69,10
3977333714,2016-05-05 11:00:00,618,75,11
3977333714,2016-05-05 12:00:00,234,61,12
3977333714,2016-05-05 13:00:00,325,68,13
3977333714,2016-05-05 14:00:00,214,56,14
3977333714,2016-05-05 15:00:00,89,48,15
3977333714,2016-05-05 16:00:00,381,69,16
3977333714,2016-05-05 17:00:00,34,45,17
3977333714,2016-05-05 18:00:00,232,55,18
3977333714,2016-05-05 19:00:00,20,44,19
3977333714,2016-05-05 20:00:00,277,60,20
3977333714,2016-05-05 21:00:00,2470,148,21
3977333714,2016-05-05 22:00:00,3792,194,22
3977333714,2016-05-05 23:00:00,2241,147,23
3977333714,2016-05-06 00:00:00,27,46,0
3977333714,2016-05-06 01:00:00,0,42,1
3977333714,2016-05-06 02:00:00,0,42,2
3977333714,2016-05-06 03:00:00,0,42,3
3977333714,2016-05-06 04:00:00,0,42,4
3977333714,2016-05-06 05:00:00,0,42,5
3977333714,2016-05-06 06:00:00,0,42,6
3977333714,2016-05-06 07:00:00,7,44,7
3977333714,2016-05-06 08:00:00,0,42,8
3977333714,2016-05-06 09:00:00,205,56,9
3977333714,2016-05-06 10:00:00,51,46,10
3977333714,2016-05-06 11:00:00,107,50,11
3977333714,2016-05-06 12:00:00,127,51,12
3977333714,2016-05-06 13:00:00,89,52,13
3977333714,2016-05-06 14:00:00,945,91,14
3977333714,2016-05-06 15:00:00,266,62,15
3977333714,2016-05-06 16:00:00,169,57,16
3977333714,2016-05-06 17:00:00,269,63,17
3977333714,2016-05-06 18:00:00,552,76,18
3977333714,2016-05-06 19:00:00,4873,244,19
3977333714,2016-05-06 20:00:00,3514,195,20
3977333714,2016-05-06 21:00:00,0,43,21
3977333714,2016-05-06 22:00:00,403,68,22
3977333714,2016-05-06 23:00:00,73,49,23
3977333714,2016-05-07 00:00:00,21,45,0
3977333714,2016-05-07 01:00:00,17,45,1
3977333714,2016-05-07 02:00:00,0,43,2
3977333714,2016-05-07 03:00:00,13,44,3
3977333714,2016-05-07 04:00:00,6,43,4
3977333714,2016-05-07 05:00:00,0,42,5
3977333714,2016-05-07 06:00:00,5,43,6
3977333714,2016-05-07 07:00:00,0,42,7
3977333714,2016-05-07 08:00:00,0,43,8
3977333714,2016-05-07 09:00:00,9,44,9
3977333714,2016-05-07 10:00:00,151,54,10
3977333714,2016-05-07 11:00:00,40,46,11
3977333714,2016-05-07 12:00:00,104,49,12
3977333714,2016-05-07 13:00:00,733,78,13
3977333714,2016-05-07 14:00:00,1165,107,14
3977333714,2016-05-07 15:00:00,712,87,15
3977333714,2016-05-07 16:00:00,609,80,16
3977333714,2016-05-07 17:00:00,312,63,17
3977333714,2016-05-07 18:00:00,1024,96,18
3977333714,2016-05-07 19:00:00,3895,194,19
3977333714,2016-05-07 20:00:00,2636,147,20
3977333714,2016-05-07 21:00:00,82,50,21
3977333714,2016-05-07 22:00:00,0,42,22
3977333714,2016-05-07 23:00:00,16,45,23
3977333714,2016-05-08 00:00:00,4,43,0
3977333714,2016-05-08 01:00:00,0,43,1
3977333714,2016-05-08 02:00:00,0,42,2
3977333714,2016-05-08 03:00:00,0,42,3
3977333714,2016-05-08 04:00:00,0,42,4
3977333714,2016-05-08 05:00:00,0,42,5
3977333714,2016-05-08 06:00:00,0,43,6
3977333714,2016-05-08 07:00:00,5,43,7
3977333714,2016-05-08 08:00:00,14,45,8
3977333714,2016-05-08 09:00:00,10,44,9
3977333714,2016-05-08 10:00:00,859,90,10
3977333714,2016-05-08 11:00:00,275,61,11
3977333714,2016-05-08 12:00:00,833,80,12
3977333714,2016-05-08 13:00:00,174,53,13
3977333714,2016-05-08 14:00:00,0,42,14
3977333714,2016-05-08 15:00:00,160,52,15
3977333714,2016-05-08 16:00:00,582,77,16
3977333714,2016-05-08 17:00:00,807,81,17
3977333714,2016-05-08 18:00:00,92,49,18
3977333714,2016-05-08 19:00:00,301,57,19
3977333714,2016-05-08 20:00:00,1247,100,20
3977333714,2016-05-08 21:00:00,2018,126,21
3977333714,2016-05-08 22:00:00,2647,149,22
3977333714,2016-05-08 23:00:00,3557,187,23
3977333714,2016-05-09 00:00:00,150,54,0
3977333714,2016-05-09 01:00:00,0,42,1
3977333714,2016-05-09 02:00:00,0,42,2
3977333714,2016-05-09 03:00:00,0,42,3
3977333714,2016-05-09 04:00:00,0,42,4
3977333714,2016-05-09 05:00:00,0,42,5
3977333714,2016-05-09 06:00:00,0,42,6
3977333714,2016-05-09 07:00:00,0,42,7
3977333714,2016-05-09 08:00:00,0,42,8
3977333714,2016-05-09 09:00:00,0,42,9
3977333714,2016-05-09 10:00:00,463,66,10
3977333714,2016-05-09 11:00:00,65,49,11
3977333714,2016-05-09 12:00:00,314,62,12
3977333714,2016-05-09 13:00:00,418,69,13
3977333714,2016-05-09 14:00:00,448,69,14
3977333714,2016-05-09 15:00:00,162,54,15
3977333714,2016-05-09 16:00:00,82,46,16
3977333714,2016-05-09 17:00:00,0,43,17
3977333714,2016-05-09 18:00:00,825,82,18
3977333714,2016-05-09 19:00:00,391,62,19
3977333714,2016-05-09 20:00:00,233,55,20
3977333714,2016-05-09 21:00:00,3282,172,21
3977333714,2016-05-09 22:00:00,2928,159,22
3977333714,2016-05-09 23:00:00,4752,238,23
3977333714,2016-05-10 00:00:00,418,69,0
3977333714,2016-05-10 01:00:00,0,42,1
3977333714,2016-05-10 02:00:00,0,42,2
3977333714,2016-05-10 03:00:00,0,42,3
3977333714,2016-05-10 04:00:00,10,43,4
3977333714,2016-05-10 05:00:00,0,42,5
3977333714,2016-05-10 06:00:00,0,42,6
3977333714,2016-05-10 07:00:00,9,43,7
3977333714,2016-05-10 08:00:00,355,63,8
3977333714,2016-05-10 09:00:00,529,83,9
3977333714,2016-05-10 10:00:00,0,42,10
3977333714,2016-05-10 11:00:00,0,42,11
3977333714,2016-05-10 12:00:00,0,42,12
3977333714,2016-05-10 13:00:00,0,42,13
3977333714,2016-05-10 14:00:00,679,77,14
3977333714,2016-05-10 15:00:00,352,62,15
3977333714,2016-05-10 16:00:00,218,57,16
3977333714,2016-05-10 17:00:00,653,87,17
3977333714,2016-05-10 18:00:00,299,57,18
3977333714,2016-05-10 19:00:00,320,62,19
3977333714,2016-05-10 20:00:00,92,48,20
3977333714,2016-05-10 21:00:00,2574,147,21
3977333714,2016-05-10 22:00:00,2583,151,22
3977333714,2016-05-10 23:00:00,3981,200,23
4020332650,2016-04-12 00:00:00,0,83,0
4020332650,2016-04-12 01:00:00,0,83,1
4020332650,2016-04-12 02:00:00,0,83,2
4020332650,2016-04-12 03:00:00,0,83,3
4020332650,2016-04-12 04:00:00,8,85,4
4020332650,2016-04-12 05:00:00,0,83,5
4020332650,2016-04-12 06:00:00,52,94,6
4020332650,2016-04-12 07:00:00,190,125,7
4020332650,2016-04-12 08:00:00,126,119,8
4020332650,2016-04-12 09:00:00,740,198,9
4020332650,2016-04-12 10:00:00,559,178,10
4020332650,2016-04-12 11:00:00,886,217,11
4020332650,2016-04-12 12:00:00,1002,246,12
4020332650,2016-04-12 13:00:00,251,176,13
4020332650,2016-04-12 14:00:00,442,169,14
4020332650,2016-04-12 15:00:00,729,224,15
4020332650,2016-04-12 16:00:00,406,187,16
4020332650,2016-04-12 17:00:00,448,187,17
4020332650,2016-04-12 18:00:00,268,161,18
4020332650,2016-04-12 19:00:00,594,211,19
4020332650,2016-04-12 20:00:00,675,230,20
4020332650,2016-04-12 21:00:00,36,119,21
4020332650,2016-04-12 22:00:00,1077,224,22
4020332650,2016-04-12 23:00:00,0,83,23
4020332650,2016-04-13 00:00:00,0,83,0
4020332650,2016-04-13 01:00:00,0,83,1
4020332650,2016-04-13 02:00:00,0,83,2
4020332650,2016-04-13 03:00:00,0,83,3
4020332650,2016-04-13 04:00:00,0,83,4
4020332650,2016-04-13 05:00:00,0,83,5
4020332650,2016-04-13 06:00:00,0,83,6
4020332650,2016-04-13 07:00:00,0,83,7
4020332650,2016-04-13 08:00:00,0,83,8
4020332650,2016-04-13 09:00:00,0,83,9
4020332650,2016-04-13 10:00:00,0,83,10
4020332650,2016-04-13 11:00:00,0,83,11
4020332650,2016-04-13 12:00:00,0,83,12
4020332650,2016-04-13 13:00:00,0,83,13
4020332650,2016-04-13 14:00:00,0,83,14
4020332650,2016-04-13 15:00:00,0,83,15
4020332650,2016-04-13 16:00:00,0,83,16
4020332650,2016-04-13 17:00:00,0,83,17
4020332650,2016-04-13 18:00:00,0,83,18
4020332650,2016-04-13 19:00:00,0,83,19
4020332650,2016-04-13 20:00:00,0,83,20
4020332650,2016-04-13 21:00:00,0,83,21
4020332650,2016-04-13 22:00:00,0,83,22
4020332650,2016-04-13 23:00:00,0,83,23
4020332650,2016-04-14 00:00:00,0,83,0
4020332650,2016-04-14 01:00:00,0,83,1
4020332650,2016-04-14 02:00:00,0,83,2
4020332650,2016-04-14 03:00:00,0,83,3
4020332650,2016-04-14 04:00:00,0,83,4
4020332650,2016-04-14 05:00:00,0,83,5
4020332650,2016-04-14 06:00:00,0,83,6
4020332650,2016-04-14 07:00:00,0,83,7
4020332650,2016-04-14 08:00:00,0,83,8
4020332650,2016-04-14 09:00:00,17,85,9
4020332650,2016-04-14 10:00:00,0,83,10
4020332650,2016-04-14 11:00:00,0,83,11
4020332650,2016-04-14 12:00:00,0,83,12
4020332650,2016-04-14 13:00:00,0,83,13
4020332650,2016-04-14 14:00:00,21,85,14
4020332650,2016-04-14 15:00:00,0,83,15
4020332650,2016-04-14 16:00:00,0,83,16
4020332650,2016-04-14 17:00:00,0,83,17
4020332650,2016-04-14 18:00:00,0,83,18
4020332650,2016-04-14 19:00:00,0,83,19
4020332650,2016-04-14 20:00:00,0,83,20
4020332650,2016-04-14 21:00:00,0,93,21
4020332650,2016-04-14 22:00:00,0,83,22
4020332650,2016-04-14 23:00:00,0,83,23
4020332650,2016-04-15 00:00:00,0,83,0
4020332650,2016-04-15 01:00:00,0,83,1
4020332650,2016-04-15 02:00:00,0,83,2
4020332650,2016-04-15 03:00:00,0,83,3
4020332650,2016-04-15 04:00:00,0,83,4
4020332650,2016-04-15 05:00:00,0,83,5
4020332650,2016-04-15 06:00:00,0,83,6
4020332650,2016-04-15 07:00:00,0,83,7
4020332650,2016-04-15 08:00:00,0,113,8
4020332650,2016-04-15 09:00:00,52,207,9
4020332650,2016-04-15 10:00:00,0,107,10
4020332650,2016-04-15 11:00:00,4,86,11
4020332650,2016-04-15 12:00:00,0,83,12
4020332650,2016-04-15 13:00:00,0,83,13
4020332650,2016-04-15 14:00:00,0,83,14
4020332650,2016-04-15 15:00:00,0,83,15
4020332650,2016-04-15 16:00:00,0,83,16
4020332650,2016-04-15 17:00:00,22,100,17
4020332650,2016-04-15 18:00:00,455,147,18
4020332650,2016-04-15 19:00:00,343,182,19
4020332650,2016-04-15 20:00:00,338,118,20
4020332650,2016-04-15 21:00:00,455,306,21
4020332650,2016-04-15 22:00:00,204,263,22
4020332650,2016-04-15 23:00:00,0,247,23
4020332650,2016-04-16 00:00:00,0,148,0
4020332650,2016-04-16 01:00:00,0,412,1
4020332650,2016-04-16 02:00:00,0,476,2
4020332650,2016-04-16 03:00:00,0,124,3
4020332650,2016-04-16 04:00:00,0,83,4
4020332650,2016-04-16 05:00:00,0,83,5
4020332650,2016-04-16 06:00:00,0,83,6
4020332650,2016-04-16 07:00:00,1838,258,7
4020332650,2016-04-16 08:00:00,13,94,8
4020332650,2016-04-16 09:00:00,118,136,9
4020332650,2016-04-16 10:00:00,0,83,10
4020332650,2016-04-16 11:00:00,0,83,11
4020332650,2016-04-16 12:00:00,0,83,12
4020332650,2016-04-16 13:00:00,0,83,13
4020332650,2016-04-16 14:00:00,0,83,14
4020332650,2016-04-16 15:00:00,0,83,15
4020332650,2016-04-16 16:00:00,0,83,16
4020332650,2016-04-16 17:00:00,0,83,17
4020332650,2016-04-16 18:00:00,0,83,18
4020332650,2016-04-16 19:00:00,0,83,19
4020332650,2016-04-16 20:00:00,0,83,20
4020332650,2016-04-16 21:00:00,0,83,21
4020332650,2016-04-16 22:00:00,0,83,22
4020332650,2016-04-16 23:00:00,0,83,23
4020332650,2016-04-17 00:00:00,0,83,0
4020332650,2016-04-17 01:00:00,0,83,1
4020332650,2016-04-17 02:00:00,0,83,2
4020332650,2016-04-17 03:00:00,0,83,3
4020332650,2016-04-17 04:00:00,0,83,4
4020332650,2016-04-17 05:00:00,0,83,5
4020332650,2016-04-17 06:00:00,0,83,6
4020332650,2016-04-17 07:00:00,0,83,7
4020332650,2016-04-17 08:00:00,0,83,8
4020332650,2016-04-17 09:00:00,0,83,9
4020332650,2016-04-17 10:00:00,0,83,10
4020332650,2016-04-17 11:00:00,0,83,11
4020332650,2016-04-17 12:00:00,0,83,12
4020332650,2016-04-17 13:00:00,0,83,13
4020332650,2016-04-17 14:00:00,0,83,14
4020332650,2016-04-17 15:00:00,0,83,15
4020332650,2016-04-17 16:00:00,0,83,16
4020332650,2016-04-17 17:00:00,0,83,17
4020332650,2016-04-17 18:00:00,0,83,18
4020332650,2016-04-17 19:00:00,0,83,19
4020332650,2016-04-17 20:00:00,7,90,20
4020332650,2016-04-17 21:00:00,0,83,21
4020332650,2016-04-17 22:00:00,0,83,22
4020332650,2016-04-17 23:00:00,0,83,23
4020332650,2016-04-18 00:00:00,0,83,0
4020332650,2016-04-18 01:00:00,0,83,1
4020332650,2016-04-18 02:00:00,0,83,2
4020332650,2016-04-18 03:00:00,0,83,3
4020332650,2016-04-18 04:00:00,0,83,4
4020332650,2016-04-18 05:00:00,0,83,5
4020332650,2016-04-18 06:00:00,0,83,6
4020332650,2016-04-18 07:00:00,0,83,7
4020332650,2016-04-18 08:00:00,62,97,8
4020332650,2016-04-18 09:00:00,0,83,9
4020332650,2016-04-18 10:00:00,0,83,10
4020332650,2016-04-18 11:00:00,0,83,11
4020332650,2016-04-18 12:00:00,0,83,12
4020332650,2016-04-18 13:00:00,0,83,13
4020332650,2016-04-18 14:00:00,0,83,14
4020332650,2016-04-18 15:00:00,0,83,15
4020332650,2016-04-18 16:00:00,0,83,16
4020332650,2016-04-18 17:00:00,0,83,17
4020332650,2016-04-18 18:00:00,0,83,18
4020332650,2016-04-18 19:00:00,0,83,19
4020332650,2016-04-18 20:00:00,0,83,20
4020332650,2016-04-18 21:00:00,0,83,21
4020332650,2016-04-18 22:00:00,0,83,22
4020332650,2016-04-18 23:00:00,0,83,23
4020332650,2016-04-19 00:00:00,0,83,0
4020332650,2016-04-19 01:00:00,0,83,1
4020332650,2016-04-19 02:00:00,0,83,2
4020332650,2016-04-19 03:00:00,0,83,3
4020332650,2016-04-19 04:00:00,0,83,4
4020332650,2016-04-19 05:00:00,0,83,5
4020332650,2016-04-19 06:00:00,0,83,6
4020332650,2016-04-19 07:00:00,0,83,7
4020332650,2016-04-19 08:00:00,0,83,8
4020332650,2016-04-19 09:00:00,0,83,9
4020332650,2016-04-19 10:00:00,0,83,10
4020332650,2016-04-19 11:00:00,0,83,11
4020332650,2016-04-19 12:00:00,0,83,12
4020332650,2016-04-19 13:00:00,0,83,13
4020332650,2016-04-19 14:00:00,0,83,14
4020332650,2016-04-19 15:00:00,0,83,15
4020332650,2016-04-19 16:00:00,0,83,16
4020332650,2016-04-19 17:00:00,0,83,17
4020332650,2016-04-19 18:00:00,0,83,18
4020332650,2016-04-19 19:00:00,0,83,19
4020332650,2016-04-19 20:00:00,0,83,20
4020332650,2016-04-19 21:00:00,0,83,21
4020332650,2016-04-19 22:00:00,0,83,22
4020332650,2016-04-19 23:00:00,0,83,23
4020332650,2016-04-20 00:00:00,0,83,0
4020332650,2016-04-20 01:00:00,0,83,1
4020332650,2016-04-20 02:00:00,0,83,2
4020332650,2016-04-20 03:00:00,0,83,3
4020332650,2016-04-20 04:00:00,0,83,4
4020332650,2016-04-20 05:00:00,0,83,5
4020332650,2016-04-20 06:00:00,0,83,6
4020332650,2016-04-20 07:00:00,0,83,7
4020332650,2016-04-20 08:00:00,0,83,8
4020332650,2016-04-20 09:00:00,0,83,9
4020332650,2016-04-20 10:00:00,0,83,10
4020332650,2016-04-20 11:00:00,0,83,11
4020332650,2016-04-20 12:00:00,0,83,12
4020332650,2016-04-20 13:00:00,0,83,13
4020332650,2016-04-20 14:00:00,0,83,14
4020332650,2016-04-20 15:00:00,0,83,15
4020332650,2016-04-20 16:00:00,0,83,16
4020332650,2016-04-20 17:00:00,0,83,17
4020332650,2016-04-20 18:00:00,0,83,18
4020332650,2016-04-20 19:00:00,0,83,19
4020332650,2016-04-20 20:00:00,0,83,20
4020332650,2016-04-20 21:00:00,0,83,21
4020332650,2016-04-20 22:00:00,0,83,22
4020332650,2016-04-20 23:00:00,0,83,23
4020332650,2016-04-21 00:00:00,0,83,0
4020332650,2016-04-21 01:00:00,0,83,1
4020332650,2016-04-21 02:00:00,0,83,2
4020332650,2016-04-21 03:00:00,0,83,3
4020332650,2016-04-21 04:00:00,0,83,4
4020332650,2016-04-21 05:00:00,0,83,5
4020332650,2016-04-21 06:00:00,0,83,6
4020332650,2016-04-21 07:00:00,0,83,7
4020332650,2016-04-21 08:00:00,0,83,8
4020332650,2016-04-21 09:00:00,0,83,9
4020332650,2016-04-21 10:00:00,0,83,10
4020332650,2016-04-21 11:00:00,0,83,11
4020332650,2016-04-21 12:00:00,0,83,12
4020332650,2016-04-21 13:00:00,0,83,13
4020332650,2016-04-21 14:00:00,0,83,14
4020332650,2016-04-21 15:00:00,0,83,15
4020332650,2016-04-21 16:00:00,0,83,16
4020332650,2016-04-21 17:00:00,0,83,17
4020332650,2016-04-21 18:00:00,0,83,18
4020332650,2016-04-21 19:00:00,0,83,19
4020332650,2016-04-21 20:00:00,0,83,20
4020332650,2016-04-21 21:00:00,0,83,21
4020332650,2016-04-21 22:00:00,0,83,22
4020332650,2016-04-21 23:00:00,0,83,23
4020332650,2016-04-22 00:00:00,0,83,0
4020332650,2016-04-22 01:00:00,0,83,1
4020332650,2016-04-22 02:00:00,0,83,2
4020332650,2016-04-22 03:00:00,0,83,3
4020332650,2016-04-22 04:00:00,0,83,4
4020332650,2016-04-22 05:00:00,0,83,5
4020332650,2016-04-22 06:00:00,0,83,6
4020332650,2016-04-22 07:00:00,0,83,7
4020332650,2016-04-22 08:00:00,0,83,8
4020332650,2016-04-22 09:00:00,0,83,9
4020332650,2016-04-22 10:00:00,0,83,10
4020332650,2016-04-22 11:00:00,0,83,11
4020332650,2016-04-22 12:00:00,0,83,12
4020332650,2016-04-22 13:00:00,0,83,13
4020332650,2016-04-22 14:00:00,0,83,14
4020332650,2016-04-22 15:00:00,0,83,15
4020332650,2016-04-22 16:00:00,0,83,16
4020332650,2016-04-22 17:00:00,0,83,17
4020332650,2016-04-22 18:00:00,0,83,18
4020332650,2016-04-22 19:00:00,0,83,19
4020332650,2016-04-22 20:00:00,0,83,20
4020332650,2016-04-22 21:00:00,0,83,21
4020332650,2016-04-22 22:00:00,0,83,22
4020332650,2016-04-22 23:00:00,0,83,23
4020332650,2016-04-23 00:00:00,0,83,0
4020332650,2016-04-23 01:00:00,0,83,1
4020332650,2016-04-23 02:00:00,0,83,2
4020332650,2016-04-23 03:00:00,0,83,3
4020332650,2016-04-23 04:00:00,0,83,4
4020332650,2016-04-23 05:00:00,0,83,5
4020332650,2016-04-23 06:00:00,0,83,6
4020332650,2016-04-23 07:00:00,0,83,7
4020332650,2016-04-23 08:00:00,0,83,8
4020332650,2016-04-23 09:00:00,0,83,9
4020332650,2016-04-23 10:00:00,0,83,10
4020332650,2016-04-23 11:00:00,0,83,11
4020332650,2016-04-23 12:00:00,0,83,12
4020332650,2016-04-23 13:00:00,0,83,13
4020332650,2016-04-23 14:00:00,0,83,14
4020332650,2016-04-23 15:00:00,0,83,15
4020332650,2016-04-23 16:00:00,0,83,16
4020332650,2016-04-23 17:00:00,0,83,17
4020332650,2016-04-23 18:00:00,0,83,18
4020332650,2016-04-23 19:00:00,0,83,19
4020332650,2016-04-23 20:00:00,0,83,20
4020332650,2016-04-23 21:00:00,0,83,21
4020332650,2016-04-23 22:00:00,0,83,22
4020332650,2016-04-23 23:00:00,0,83,23
4020332650,2016-04-24 00:00:00,0,83,0
4020332650,2016-04-24 01:00:00,0,83,1
4020332650,2016-04-24 02:00:00,0,83,2
4020332650,2016-04-24 03:00:00,0,83,3
4020332650,2016-04-24 04:00:00,0,83,4
4020332650,2016-04-24 05:00:00,0,83,5
4020332650,2016-04-24 06:00:00,0,83,6
4020332650,2016-04-24 07:00:00,0,83,7
4020332650,2016-04-24 08:00:00,0,83,8
4020332650,2016-04-24 09:00:00,0,83,9
4020332650,2016-04-24 10:00:00,0,83,10
4020332650,2016-04-24 11:00:00,0,83,11
4020332650,2016-04-24 12:00:00,0,83,12
4020332650,2016-04-24 13:00:00,0,83,13
4020332650,2016-04-24 14:00:00,0,83,14
4020332650,2016-04-24 15:00:00,0,83,15
4020332650,2016-04-24 16:00:00,0,83,16
4020332650,2016-04-24 17:00:00,0,83,17
4020332650,2016-04-24 18:00:00,0,83,18
4020332650,2016-04-24 19:00:00,0,83,19
4020332650,2016-04-24 20:00:00,0,83,20
4020332650,2016-04-24 21:00:00,0,83,21
4020332650,2016-04-24 22:00:00,0,83,22
4020332650,2016-04-24 23:00:00,0,83,23
4020332650,2016-04-25 00:00:00,0,83,0
4020332650,2016-04-25 01:00:00,0,83,1
4020332650,2016-04-25 02:00:00,0,83,2
4020332650,2016-04-25 03:00:00,0,83,3
4020332650,2016-04-25 04:00:00,0,83,4
4020332650,2016-04-25 05:00:00,0,83,5
4020332650,2016-04-25 06:00:00,0,83,6
4020332650,2016-04-25 07:00:00,0,83,7
4020332650,2016-04-25 08:00:00,0,83,8
4020332650,2016-04-25 09:00:00,0,83,9
4020332650,2016-04-25 10:00:00,0,83,10
4020332650,2016-04-25 11:00:00,0,83,11
4020332650,2016-04-25 12:00:00,0,83,12
4020332650,2016-04-25 13:00:00,0,83,13
4020332650,2016-04-25 14:00:00,0,83,14
4020332650,2016-04-25 15:00:00,0,83,15
4020332650,2016-04-25 16:00:00,0,83,16
4020332650,2016-04-25 17:00:00,0,83,17
4020332650,2016-04-25 18:00:00,0,83,18
4020332650,2016-04-25 19:00:00,0,83,19
4020332650,2016-04-25 20:00:00,0,83,20
4020332650,2016-04-25 21:00:00,0,83,21
4020332650,2016-04-25 22:00:00,0,83,22
4020332650,2016-04-25 23:00:00,0,83,23
4020332650,2016-04-26 00:00:00,0,83,0
4020332650,2016-04-26 01:00:00,0,83,1
4020332650,2016-04-26 02:00:00,0,83,2
4020332650,2016-04-26 03:00:00,0,83,3
4020332650,2016-04-26 04:00:00,0,83,4
4020332650,2016-04-26 05:00:00,0,83,5
4020332650,2016-04-26 06:00:00,0,83,6
4020332650,2016-04-26 07:00:00,0,83,7
4020332650,2016-04-26 08:00:00,0,83,8
4020332650,2016-04-26 09:00:00,0,83,9
4020332650,2016-04-26 10:00:00,0,83,10
4020332650,2016-04-26 11:00:00,0,83,11
4020332650,2016-04-26 12:00:00,0,83,12
4020332650,2016-04-26 13:00:00,0,83,13
4020332650,2016-04-26 14:00:00,0,83,14
4020332650,2016-04-26 15:00:00,0,83,15
4020332650,2016-04-26 16:00:00,0,83,16
4020332650,2016-04-26 17:00:00,0,83,17
4020332650,2016-04-26 18:00:00,0,83,18
4020332650,2016-04-26 19:00:00,0,83,19
4020332650,2016-04-26 20:00:00,0,83,20
4020332650,2016-04-26 21:00:00,0,83,21
4020332650,2016-04-26 22:00:00,0,83,22
4020332650,2016-04-26 23:00:00,0,83,23
4020332650,2016-04-27 00:00:00,0,83,0
4020332650,2016-04-27 01:00:00,0,83,1
4020332650,2016-04-27 02:00:00,0,83,2
4020332650,2016-04-27 03:00:00,0,83,3
4020332650,2016-04-27 04:00:00,0,83,4
4020332650,2016-04-27 05:00:00,0,83,5
4020332650,2016-04-27 06:00:00,0,83,6
4020332650,2016-04-27 07:00:00,0,83,7
4020332650,2016-04-27 08:00:00,0,83,8
4020332650,2016-04-27 09:00:00,0,83,9
4020332650,2016-04-27 10:00:00,0,83,10
4020332650,2016-04-27 11:00:00,0,83,11
4020332650,2016-04-27 12:00:00,0,83,12
4020332650,2016-04-27 13:00:00,0,83,13
4020332650,2016-04-27 14:00:00,0,83,14
4020332650,2016-04-27 15:00:00,0,83,15
4020332650,2016-04-27 16:00:00,0,83,16
4020332650,2016-04-27 17:00:00,0,83,17
4020332650,2016-04-27 18:00:00,0,83,18
4020332650,2016-04-27 19:00:00,0,83,19
4020332650,2016-04-27 20:00:00,0,83,20
4020332650,2016-04-27 21:00:00,0,83,21
4020332650,2016-04-27 22:00:00,0,83,22
4020332650,2016-04-27 23:00:00,0,83,23
4020332650,2016-04-28 00:00:00,0,83,0
4020332650,2016-04-28 01:00:00,0,83,1
4020332650,2016-04-28 02:00:00,0,83,2
4020332650,2016-04-28 03:00:00,0,83,3
4020332650,2016-04-28 04:00:00,0,83,4
4020332650,2016-04-28 05:00:00,0,83,5
4020332650,2016-04-28 06:00:00,0,83,6
4020332650,2016-04-28 07:00:00,0,83,7
4020332650,2016-04-28 08:00:00,0,83,8
4020332650,2016-04-28 09:00:00,0,83,9
4020332650,2016-04-28 10:00:00,0,83,10
4020332650,2016-04-28 11:00:00,0,83,11
4020332650,2016-04-28 12:00:00,0,83,12
4020332650,2016-04-28 13:00:00,0,83,13
4020332650,2016-04-28 14:00:00,0,83,14
4020332650,2016-04-28 15:00:00,0,83,15
4020332650,2016-04-28 16:00:00,0,83,16
4020332650,2016-04-28 17:00:00,0,83,17
4020332650,2016-04-28 18:00:00,0,83,18
4020332650,2016-04-28 19:00:00,0,83,19
4020332650,2016-04-28 20:00:00,0,83,20
4020332650,2016-04-28 21:00:00,0,83,21
4020332650,2016-04-28 22:00:00,0,83,22
4020332650,2016-04-28 23:00:00,0,83,23
4020332650,2016-04-29 00:00:00,0,83,0
4020332650,2016-04-29 01:00:00,0,83,1
4020332650,2016-04-29 02:00:00,0,83,2
4020332650,2016-04-29 03:00:00,0,83,3
4020332650,2016-04-29 04:00:00,0,83,4
4020332650,2016-04-29 05:00:00,0,83,5
4020332650,2016-04-29 06:00:00,0,83,6
4020332650,2016-04-29 07:00:00,0,83,7
4020332650,2016-04-29 08:00:00,0,83,8
4020332650,2016-04-29 09:00:00,0,83,9
4020332650,2016-04-29 10:00:00,0,83,10
4020332650,2016-04-29 11:00:00,0,83,11
4020332650,2016-04-29 12:00:00,0,83,12
4020332650,2016-04-29 13:00:00,0,83,13
4020332650,2016-04-29 14:00:00,0,83,14
4020332650,2016-04-29 15:00:00,0,83,15
4020332650,2016-04-29 16:00:00,0,83,16
4020332650,2016-04-29 17:00:00,0,83,17
4020332650,2016-04-29 18:00:00,0,83,18
4020332650,2016-04-29 19:00:00,0,83,19
4020332650,2016-04-29 20:00:00,0,83,20
4020332650,2016-04-29 21:00:00,0,83,21
4020332650,2016-04-29 22:00:00,0,83,22
4020332650,2016-04-29 23:00:00,0,83,23
4020332650,2016-04-30 00:00:00,0,83,0
4020332650,2016-04-30 01:00:00,0,83,1
4020332650,2016-04-30 02:00:00,0,83,2
4020332650,2016-04-30 03:00:00,0,83,3
4020332650,2016-04-30 04:00:00,0,83,4
4020332650,2016-04-30 05:00:00,0,83,5
4020332650,2016-04-30 06:00:00,0,83,6
4020332650,2016-04-30 07:00:00,0,83,7
4020332650,2016-04-30 08:00:00,0,83,8
4020332650,2016-04-30 09:00:00,0,83,9
4020332650,2016-04-30 10:00:00,0,83,10
4020332650,2016-04-30 11:00:00,0,83,11
4020332650,2016-04-30 12:00:00,0,83,12
4020332650,2016-04-30 13:00:00,0,83,13
4020332650,2016-04-30 14:00:00,0,83,14
4020332650,2016-04-30 15:00:00,0,83,15
4020332650,2016-04-30 16:00:00,0,83,16
4020332650,2016-04-30 17:00:00,0,83,17
4020332650,2016-04-30 18:00:00,0,83,18
4020332650,2016-04-30 19:00:00,0,83,19
4020332650,2016-04-30 20:00:00,0,83,20
4020332650,2016-04-30 21:00:00,0,83,21
4020332650,2016-04-30 22:00:00,0,83,22
4020332650,2016-04-30 23:00:00,0,83,23
4020332650,2016-05-01 00:00:00,0,83,0
4020332650,2016-05-01 01:00:00,0,83,1
4020332650,2016-05-01 02:00:00,0,83,2
4020332650,2016-05-01 03:00:00,0,83,3
4020332650,2016-05-01 04:00:00,0,83,4
4020332650,2016-05-01 05:00:00,0,83,5
4020332650,2016-05-01 06:00:00,0,83,6
4020332650,2016-05-01 07:00:00,0,83,7
4020332650,2016-05-01 08:00:00,0,83,8
4020332650,2016-05-01 09:00:00,0,83,9
4020332650,2016-05-01 10:00:00,0,83,10
4020332650,2016-05-01 11:00:00,0,83,11
4020332650,2016-05-01 12:00:00,0,83,12
4020332650,2016-05-01 13:00:00,0,83,13
4020332650,2016-05-01 14:00:00,0,83,14
4020332650,2016-05-01 15:00:00,0,83,15
4020332650,2016-05-01 16:00:00,0,83,16
4020332650,2016-05-01 17:00:00,0,83,17
4020332650,2016-05-01 18:00:00,0,83,18
4020332650,2016-05-01 19:00:00,0,83,19
4020332650,2016-05-01 20:00:00,0,83,20
4020332650,2016-05-01 21:00:00,0,83,21
4020332650,2016-05-01 22:00:00,0,83,22
4020332650,2016-05-01 23:00:00,0,83,23
4020332650,2016-05-02 00:00:00,0,83,0
4020332650,2016-05-02 01:00:00,0,83,1
4020332650,2016-05-02 02:00:00,0,83,2
4020332650,2016-05-02 03:00:00,0,83,3
4020332650,2016-05-02 04:00:00,0,83,4
4020332650,2016-05-02 05:00:00,0,83,5
4020332650,2016-05-02 06:00:00,0,83,6
4020332650,2016-05-02 07:00:00,0,83,7
4020332650,2016-05-02 08:00:00,0,83,8
4020332650,2016-05-02 09:00:00,0,83,9
4020332650,2016-05-02 10:00:00,0,83,10
4020332650,2016-05-02 11:00:00,0,83,11
4020332650,2016-05-02 12:00:00,0,83,12
4020332650,2016-05-02 13:00:00,0,83,13
4020332650,2016-05-02 14:00:00,0,83,14
4020332650,2016-05-02 15:00:00,0,83,15
4020332650,2016-05-02 16:00:00,0,83,16
4020332650,2016-05-02 17:00:00,0,83,17
4020332650,2016-05-02 18:00:00,0,83,18
4020332650,2016-05-02 19:00:00,0,83,19
4020332650,2016-05-02 20:00:00,167,184,20
4020332650,2016-05-02 21:00:00,127,148,21
4020332650,2016-05-02 22:00:00,110,123,22
4020332650,2016-05-02 23:00:00,61,103,23
4020332650,2016-05-03 00:00:00,0,83,0
4020332650,2016-05-03 01:00:00,0,83,1
4020332650,2016-05-03 02:00:00,0,83,2
4020332650,2016-05-03 03:00:00,0,83,3
4020332650,2016-05-03 04:00:00,48,90,4
4020332650,2016-05-03 05:00:00,0,85,5
4020332650,2016-05-03 06:00:00,0,85,6
4020332650,2016-05-03 07:00:00,0,84,7
4020332650,2016-05-03 08:00:00,230,111,8
4020332650,2016-05-03 09:00:00,44,107,9
4020332650,2016-05-03 10:00:00,0,101,10
4020332650,2016-05-03 11:00:00,334,134,11
4020332650,2016-05-03 12:00:00,17,103,12
4020332650,2016-05-03 13:00:00,0,99,13
4020332650,2016-05-03 14:00:00,53,108,14
4020332650,2016-05-03 15:00:00,426,168,15
4020332650,2016-05-03 16:00:00,883,201,16
4020332650,2016-05-03 17:00:00,265,164,17
4020332650,2016-05-03 18:00:00,651,184,18
4020332650,2016-05-03 19:00:00,107,96,19
4020332650,2016-05-03 20:00:00,303,159,20
4020332650,2016-05-03 21:00:00,664,174,21
4020332650,2016-05-03 22:00:00,410,147,22
4020332650,2016-05-03 23:00:00,30,94,23
4020332650,2016-05-04 00:00:00,0,84,0
4020332650,2016-05-04 01:00:00,347,132,1
4020332650,2016-05-04 02:00:00,0,83,2
4020332650,2016-05-04 03:00:00,0,83,3
4020332650,2016-05-04 04:00:00,0,83,4
4020332650,2016-05-04 05:00:00,17,85,5
4020332650,2016-05-04 06:00:00,0,83,6
4020332650,2016-05-04 07:00:00,0,84,7
4020332650,2016-05-04 08:00:00,272,123,8
4020332650,2016-05-04 09:00:00,128,115,9
4020332650,2016-05-04 10:00:00,222,149,10
4020332650,2016-05-04 11:00:00,40,120,11
4020332650,2016-05-04 12:00:00,592,184,12
4020332650,2016-05-04 13:00:00,603,188,13
4020332650,2016-05-04 14:00:00,567,205,14
4020332650,2016-05-04 15:00:00,330,162,15
4020332650,2016-05-04 16:00:00,1552,274,16
4020332650,2016-05-04 17:00:00,794,194,17
4020332650,2016-05-04 18:00:00,839,211,18
4020332650,2016-05-04 19:00:00,451,184,19
4020332650,2016-05-04 20:00:00,882,314,20
4020332650,2016-05-04 21:00:00,677,236,21
4020332650,2016-05-04 22:00:00,827,234,22
4020332650,2016-05-04 23:00:00,1054,262,23
4020332650,2016-05-05 00:00:00,62,109,0
4020332650,2016-05-05 01:00:00,5,99,1
4020332650,2016-05-05 02:00:00,0,83,2
4020332650,2016-05-05 03:00:00,0,83,3
4020332650,2016-05-05 04:00:00,81,99,4
4020332650,2016-05-05 05:00:00,0,83,5
4020332650,2016-05-05 06:00:00,0,83,6
4020332650,2016-05-05 07:00:00,0,83,7
4020332650,2016-05-05 08:00:00,0,83,8
4020332650,2016-05-05 09:00:00,0,83,9
4020332650,2016-05-05 10:00:00,0,83,10
4020332650,2016-05-05 11:00:00,0,83,11
4020332650,2016-05-05 12:00:00,0,83,12
4020332650,2016-05-05 13:00:00,0,83,13
4020332650,2016-05-05 14:00:00,373,117,14
4020332650,2016-05-05 15:00:00,13,108,15
4020332650,2016-05-05 16:00:00,2737,346,16
4020332650,2016-05-05 17:00:00,689,183,17
4020332650,2016-05-05 18:00:00,1953,316,18
4020332650,2016-05-05 19:00:00,716,190,19
4020332650,2016-05-05 20:00:00,980,214,20
4020332650,2016-05-05 21:00:00,1197,246,21
4020332650,2016-05-05 22:00:00,2192,315,22
4020332650,2016-05-05 23:00:00,715,175,23
4020332650,2016-05-06 00:00:00,49,100,0
4020332650,2016-05-06 01:00:00,0,83,1
4020332650,2016-05-06 02:00:00,0,83,2
4020332650,2016-05-06 03:00:00,0,84,3
4020332650,2016-05-06 04:00:00,0,83,4
4020332650,2016-05-06 05:00:00,0,83,5
4020332650,2016-05-06 06:00:00,0,83,6
4020332650,2016-05-06 07:00:00,256,119,7
4020332650,2016-05-06 08:00:00,577,158,8
4020332650,2016-05-06 09:00:00,1001,196,9
4020332650,2016-05-06 10:00:00,833,217,10
4020332650,2016-05-06 11:00:00,431,166,11
4020332650,2016-05-06 12:00:00,263,143,12
4020332650,2016-05-06 13:00:00,114,112,13
4020332650,2016-05-06 14:00:00,304,131,14
4020332650,2016-05-06 15:00:00,288,136,15
4020332650,2016-05-06 16:00:00,241,147,16
4020332650,2016-05-06 17:00:00,0,83,17
4020332650,2016-05-06 18:00:00,0,83,18
4020332650,2016-05-06 19:00:00,0,83,19
4020332650,2016-05-06 20:00:00,0,83,20
4020332650,2016-05-06 21:00:00,0,83,21
4020332650,2016-05-06 22:00:00,0,83,22
4020332650,2016-05-06 23:00:00,0,83,23
4020332650,2016-05-07 00:00:00,0,83,0
4020332650,2016-05-07 01:00:00,0,83,1
4020332650,2016-05-07 02:00:00,0,83,2
4020332650,2016-05-07 03:00:00,0,83,3
4020332650,2016-05-07 04:00:00,0,83,4
4020332650,2016-05-07 05:00:00,0,83,5
4020332650,2016-05-07 06:00:00,0,83,6
4020332650,2016-05-07 07:00:00,0,83,7
4020332650,2016-05-07 08:00:00,209,118,8
4020332650,2016-05-07 09:00:00,811,207,9
4020332650,2016-05-07 10:00:00,106,127,10
4020332650,2016-05-07 11:00:00,307,154,11
4020332650,2016-05-07 12:00:00,204,128,12
4020332650,2016-05-07 13:00:00,372,131,13
4020332650,2016-05-07 14:00:00,101,116,14
4020332650,2016-05-07 15:00:00,688,187,15
4020332650,2016-05-07 16:00:00,10,103,16
4020332650,2016-05-07 17:00:00,438,161,17
4020332650,2016-05-07 18:00:00,199,98,18
4020332650,2016-05-07 19:00:00,540,189,19
4020332650,2016-05-07 20:00:00,538,128,20
4020332650,2016-05-07 21:00:00,192,118,21
4020332650,2016-05-07 22:00:00,290,134,22
4020332650,2016-05-07 23:00:00,0,83,23
4020332650,2016-05-08 00:00:00,79,98,0
4020332650,2016-05-08 01:00:00,0,83,1
4020332650,2016-05-08 02:00:00,184,107,2
4020332650,2016-05-08 03:00:00,0,83,3
4020332650,2016-05-08 04:00:00,0,83,4
4020332650,2016-05-08 05:00:00,0,83,5
4020332650,2016-05-08 06:00:00,0,83,6
4020332650,2016-05-08 07:00:00,149,104,7
4020332650,2016-05-08 08:00:00,396,134,8
4020332650,2016-05-08 09:00:00,286,147,9
4020332650,2016-05-08 10:00:00,509,169,10
4020332650,2016-05-08 11:00:00,493,179,11
4020332650,2016-05-08 12:00:00,322,138,12
4020332650,2016-05-08 13:00:00,218,120,13
4020332650,2016-05-08 14:00:00,291,150,14
4020332650,2016-05-08 15:00:00,422,163,15
4020332650,2016-05-08 16:00:00,608,179,16
4020332650,2016-05-08 17:00:00,571,186,17
4020332650,2016-05-08 18:00:00,507,199,18
4020332650,2016-05-08 19:00:00,348,158,19
4020332650,2016-05-08 20:00:00,257,135,20
4020332650,2016-05-08 21:00:00,136,120,21
4020332650,2016-05-08 22:00:00,19,94,22
4020332650,2016-05-08 23:00:00,17,88,23
4020332650,2016-05-09 00:00:00,0,83,0
4020332650,2016-05-09 01:00:00,0,83,1
4020332650,2016-05-09 02:00:00,0,83,2
4020332650,2016-05-09 03:00:00,0,83,3
4020332650,2016-05-09 04:00:00,0,83,4
4020332650,2016-05-09 05:00:00,0,83,5
4020332650,2016-05-09 06:00:00,0,83,6
4020332650,2016-05-09 07:00:00,0,83,7
4020332650,2016-05-09 08:00:00,0,83,8
4020332650,2016-05-09 09:00:00,0,83,9
4020332650,2016-05-09 10:00:00,0,83,10
4020332650,2016-05-09 11:00:00,0,83,11
4020332650,2016-05-09 12:00:00,0,83,12
4020332650,2016-05-09 13:00:00,0,83,13
4020332650,2016-05-09 14:00:00,694,172,14
4020332650,2016-05-09 15:00:00,319,155,15
4020332650,2016-05-09 16:00:00,379,181,16
4020332650,2016-05-09 17:00:00,845,228,17
4020332650,2016-05-09 18:00:00,537,183,18
4020332650,2016-05-09 19:00:00,656,177,19
4020332650,2016-05-09 20:00:00,591,174,20
4020332650,2016-05-09 21:00:00,191,132,21
4020332650,2016-05-09 22:00:00,158,112,22
4020332650,2016-05-09 23:00:00,186,115,23
4020332650,2016-05-10 00:00:00,0,83,0
4020332650,2016-05-10 01:00:00,0,83,1
4020332650,2016-05-10 02:00:00,180,106,2
4020332650,2016-05-10 03:00:00,0,83,3
4020332650,2016-05-10 04:00:00,0,83,4
4020332650,2016-05-10 05:00:00,14,87,5
4020332650,2016-05-10 06:00:00,12,85,6
4020332650,2016-05-10 07:00:00,223,108,7
4020332650,2016-05-10 08:00:00,198,116,8
4020332650,2016-05-10 09:00:00,30,100,9
4020332650,2016-05-10 10:00:00,346,136,10
4020332650,2016-05-10 11:00:00,550,158,11
4020332650,2016-05-10 12:00:00,765,204,12
4020332650,2016-05-10 13:00:00,118,119,13
4020332650,2016-05-10 14:00:00,79,117,14
4020332650,2016-05-10 15:00:00,773,203,15
4020332650,2016-05-10 16:00:00,1131,220,16
4020332650,2016-05-10 17:00:00,557,162,17
4020332650,2016-05-10 18:00:00,0,83,18
4020332650,2016-05-10 19:00:00,155,129,19
4020332650,2016-05-10 20:00:00,205,109,20
4020332650,2016-05-10 21:00:00,0,83,21
4020332650,2016-05-10 22:00:00,138,112,22
4020332650,2016-05-10 23:00:00,0,147,23
4020332650,2016-05-11 00:00:00,0,83,0
4020332650,2016-05-11 01:00:00,0,83,1
4020332650,2016-05-11 02:00:00,0,83,2
4020332650,2016-05-11 03:00:00,0,83,3
4020332650,2016-05-11 04:00:00,0,83,4
4020332650,2016-05-11 05:00:00,0,83,5
4020332650,2016-05-11 06:00:00,0,83,6
4020332650,2016-05-11 07:00:00,0,83,7
4020332650,2016-05-11 08:00:00,0,83,8
4020332650,2016-05-11 09:00:00,0,83,9
4020332650,2016-05-11 10:00:00,0,83,10
4020332650,2016-05-11 11:00:00,34,97,11
4020332650,2016-05-11 12:00:00,206,138,12
4020332650,2016-05-11 13:00:00,594,181,13
4020332650,2016-05-11 14:00:00,527,205,14
4020332650,2016-05-11 15:00:00,959,250,15
4020332650,2016-05-11 16:00:00,800,220,16
4020332650,2016-05-11 17:00:00,543,147,17
4020332650,2016-05-11 18:00:00,0,83,18
4020332650,2016-05-11 19:00:00,0,83,19
4020332650,2016-05-11 20:00:00,0,83,20
4020332650,2016-05-11 21:00:00,0,83,21
4020332650,2016-05-11 22:00:00,0,83,22
4020332650,2016-05-11 23:00:00,0,83,23
4020332650,2016-05-12 00:00:00,0,83,0
4020332650,2016-05-12 01:00:00,0,83,1
4020332650,2016-05-12 02:00:00,0,83,2
4020332650,2016-05-12 03:00:00,0,83,3
4020332650,2016-05-12 04:00:00,0,83,4
4020332650,2016-05-12 05:00:00,0,83,5
4020332650,2016-05-12 06:00:00,0,83,6
4020332650,2016-05-12 07:00:00,0,83,7
4020332650,2016-05-12 08:00:00,0,83,8
4020332650,2016-05-12 09:00:00,0,83,9
4020332650,2016-05-12 10:00:00,0,83,10
4020332650,2016-05-12 11:00:00,257,123,11
4057192912,2016-04-12 00:00:00,7,76,0
4057192912,2016-04-12 01:00:00,0,74,1
4057192912,2016-04-12 02:00:00,0,74,2
4057192912,2016-04-12 03:00:00,156,93,3
4057192912,2016-04-12 04:00:00,0,74,4
4057192912,2016-04-12 05:00:00,0,74,5
4057192912,2016-04-12 06:00:00,24,78,6
4057192912,2016-04-12 07:00:00,432,115,7
4057192912,2016-04-12 08:00:00,729,140,8
4057192912,2016-04-12 09:00:00,429,108,9
4057192912,2016-04-12 10:00:00,0,74,10
4057192912,2016-04-12 11:00:00,411,103,11
4057192912,2016-04-12 12:00:00,102,86,12
4057192912,2016-04-12 13:00:00,459,113,13
4057192912,2016-04-12 14:00:00,306,98,14
4057192912,2016-04-12 15:00:00,232,94,15
4057192912,2016-04-12 16:00:00,661,132,16
4057192912,2016-04-12 17:00:00,154,88,17
4057192912,2016-04-12 18:00:00,632,134,18
4057192912,2016-04-12 19:00:00,501,127,19
4057192912,2016-04-12 20:00:00,125,90,20
4057192912,2016-04-12 21:00:00,11,76,21
4057192912,2016-04-12 22:00:00,23,78,22
4057192912,2016-04-12 23:00:00,0,74,23
4057192912,2016-04-13 00:00:00,0,74,0
4057192912,2016-04-13 01:00:00,0,74,1
4057192912,2016-04-13 02:00:00,0,74,2
4057192912,2016-04-13 03:00:00,0,74,3
4057192912,2016-04-13 04:00:00,0,74,4
4057192912,2016-04-13 05:00:00,0,74,5
4057192912,2016-04-13 06:00:00,0,74,6
4057192912,2016-04-13 07:00:00,896,152,7
4057192912,2016-04-13 08:00:00,451,119,8
4057192912,2016-04-13 09:00:00,977,148,9
4057192912,2016-04-13 10:00:00,108,83,10
4057192912,2016-04-13 11:00:00,661,124,11
4057192912,2016-04-13 12:00:00,172,90,12
4057192912,2016-04-13 13:00:00,622,124,13
4057192912,2016-04-13 14:00:00,277,97,14
4057192912,2016-04-13 15:00:00,79,83,15
4057192912,2016-04-13 16:00:00,623,120,16
4057192912,2016-04-13 17:00:00,172,92,17
4057192912,2016-04-13 18:00:00,581,125,18
4057192912,2016-04-13 19:00:00,175,100,19
4057192912,2016-04-13 20:00:00,180,92,20
4057192912,2016-04-13 21:00:00,0,74,21
4057192912,2016-04-13 22:00:00,0,74,22
4057192912,2016-04-13 23:00:00,0,74,23
4057192912,2016-04-14 00:00:00,0,74,0
4057192912,2016-04-14 01:00:00,0,74,1
4057192912,2016-04-14 02:00:00,0,74,2
4057192912,2016-04-14 03:00:00,0,74,3
4057192912,2016-04-14 04:00:00,0,74,4
4057192912,2016-04-14 05:00:00,0,74,5
4057192912,2016-04-14 06:00:00,0,74,6
4057192912,2016-04-14 07:00:00,0,74,7
4057192912,2016-04-14 08:00:00,0,74,8
4057192912,2016-04-14 09:00:00,0,74,9
4057192912,2016-04-14 10:00:00,0,74,10
4057192912,2016-04-14 11:00:00,0,74,11
4057192912,2016-04-14 12:00:00,0,74,12
4057192912,2016-04-14 13:00:00,0,74,13
4057192912,2016-04-14 14:00:00,0,74,14
4057192912,2016-04-14 15:00:00,0,74,15
4057192912,2016-04-14 16:00:00,0,74,16
4057192912,2016-04-14 17:00:00,0,74,17
4057192912,2016-04-14 18:00:00,0,74,18
4057192912,2016-04-14 19:00:00,0,74,19
4057192912,2016-04-14 20:00:00,0,74,20
4057192912,2016-04-14 21:00:00,0,74,21
4057192912,2016-04-14 22:00:00,0,74,22
4057192912,2016-04-14 23:00:00,0,74,23
4057192912,2016-04-15 00:00:00,0,74,0
4057192912,2016-04-15 01:00:00,0,74,1
4057192912,2016-04-15 02:00:00,0,74,2
4057192912,2016-04-15 03:00:00,0,74,3
4057192912,2016-04-15 04:00:00,0,74,4
4057192912,2016-04-15 05:00:00,0,74,5
4057192912,2016-04-15 06:00:00,0,74,6
4057192912,2016-04-15 07:00:00,485,111,7
4057192912,2016-04-15 08:00:00,1115,161,8
4057192912,2016-04-15 09:00:00,384,107,9
4057192912,2016-04-15 10:00:00,217,97,10
4057192912,2016-04-15 11:00:00,761,133,11
4057192912,2016-04-15 12:00:00,164,94,12
4057192912,2016-04-15 13:00:00,576,121,13
4057192912,2016-04-15 14:00:00,147,88,14
4057192912,2016-04-15 15:00:00,88,81,15
4319703577,2016-04-12 00:00:00,0,61,0
4319703577,2016-04-12 01:00:00,0,61,1
4319703577,2016-04-12 02:00:00,0,61,2
4319703577,2016-04-12 03:00:00,0,61,3
4319703577,2016-04-12 04:00:00,0,61,4
4319703577,2016-04-12 05:00:00,0,61,5
4319703577,2016-04-12 06:00:00,0,61,6
4319703577,2016-04-12 07:00:00,0,61,7
4319703577,2016-04-12 08:00:00,0,61,8
4319703577,2016-04-12 09:00:00,0,61,9
4319703577,2016-04-12 10:00:00,0,61,10
4319703577,2016-04-12 11:00:00,0,61,11
4319703577,2016-04-12 12:00:00,0,61,12
4319703577,2016-04-12 13:00:00,0,61,13
4319703577,2016-04-12 14:00:00,0,61,14
4319703577,2016-04-12 15:00:00,0,61,15
4319703577,2016-04-12 16:00:00,0,61,16
4319703577,2016-04-12 17:00:00,0,61,17
4319703577,2016-04-12 18:00:00,0,61,18
4319703577,2016-04-12 19:00:00,0,61,19
4319703577,2016-04-12 20:00:00,0,61,20
4319703577,2016-04-12 21:00:00,0,61,21
4319703577,2016-04-12 22:00:00,0,61,22
4319703577,2016-04-12 23:00:00,0,61,23
4319703577,2016-04-13 00:00:00,0,61,0
4319703577,2016-04-13 01:00:00,0,61,1
4319703577,2016-04-13 02:00:00,0,61,2
4319703577,2016-04-13 03:00:00,0,61,3
4319703577,2016-04-13 04:00:00,0,61,4
4319703577,2016-04-13 05:00:00,0,61,5
4319703577,2016-04-13 06:00:00,0,61,6
4319703577,2016-04-13 07:00:00,0,61,7
4319703577,2016-04-13 08:00:00,0,61,8
4319703577,2016-04-13 09:00:00,0,61,9
4319703577,2016-04-13 10:00:00,0,61,10
4319703577,2016-04-13 11:00:00,0,61,11
4319703577,2016-04-13 12:00:00,0,61,12
4319703577,2016-04-13 13:00:00,0,61,13
4319703577,2016-04-13 14:00:00,0,61,14
4319703577,2016-04-13 15:00:00,7,64,15
4319703577,2016-04-13 16:00:00,759,131,16
4319703577,2016-04-13 17:00:00,387,95,17
4319703577,2016-04-13 18:00:00,182,74,18
4319703577,2016-04-13 19:00:00,1808,178,19
4319703577,2016-04-13 20:00:00,72,71,20
4319703577,2016-04-13 21:00:00,0,63,21
4319703577,2016-04-13 22:00:00,404,104,22
4319703577,2016-04-13 23:00:00,0,61,23
4319703577,2016-04-14 00:00:00,0,61,0
4319703577,2016-04-14 01:00:00,0,61,1
4319703577,2016-04-14 02:00:00,0,61,2
4319703577,2016-04-14 03:00:00,0,61,3
4319703577,2016-04-14 04:00:00,9,63,4
4319703577,2016-04-14 05:00:00,19,64,5
4319703577,2016-04-14 06:00:00,0,61,6
4319703577,2016-04-14 07:00:00,0,61,7
4319703577,2016-04-14 08:00:00,166,85,8
4319703577,2016-04-14 09:00:00,346,93,9
4319703577,2016-04-14 10:00:00,1611,175,10
4319703577,2016-04-14 11:00:00,764,124,11
4319703577,2016-04-14 12:00:00,1029,145,12
4319703577,2016-04-14 13:00:00,302,95,13
4319703577,2016-04-14 14:00:00,155,87,14
4319703577,2016-04-14 15:00:00,220,91,15
4319703577,2016-04-14 16:00:00,724,114,16
4319703577,2016-04-14 17:00:00,1154,145,17
4319703577,2016-04-14 18:00:00,720,113,18
4319703577,2016-04-14 19:00:00,972,128,19
4319703577,2016-04-14 20:00:00,893,125,20
4319703577,2016-04-14 21:00:00,63,73,21
4319703577,2016-04-14 22:00:00,889,133,22
4319703577,2016-04-14 23:00:00,174,80,23
4319703577,2016-04-15 00:00:00,0,61,0
4319703577,2016-04-15 01:00:00,0,61,1
4319703577,2016-04-15 02:00:00,0,61,2
4319703577,2016-04-15 03:00:00,0,61,3
4319703577,2016-04-15 04:00:00,10,63,4
4319703577,2016-04-15 05:00:00,6,63,5
4319703577,2016-04-15 06:00:00,5,62,6
4319703577,2016-04-15 07:00:00,16,66,7
4319703577,2016-04-15 08:00:00,236,92,8
4319703577,2016-04-15 09:00:00,0,62,9
4319703577,2016-04-15 10:00:00,1954,188,10
4319703577,2016-04-15 11:00:00,257,97,11
4319703577,2016-04-15 12:00:00,428,112,12
4319703577,2016-04-15 13:00:00,73,71,13
4319703577,2016-04-15 14:00:00,614,112,14
4319703577,2016-04-15 15:00:00,187,90,15
4319703577,2016-04-15 16:00:00,159,82,16
4319703577,2016-04-15 17:00:00,4,63,17
4319703577,2016-04-15 18:00:00,357,88,18
4319703577,2016-04-15 19:00:00,691,111,19
4319703577,2016-04-15 20:00:00,126,79,20
4319703577,2016-04-15 21:00:00,327,92,21
4319703577,2016-04-15 22:00:00,164,77,22
4319703577,2016-04-15 23:00:00,50,68,23
4319703577,2016-04-16 00:00:00,67,66,0
4319703577,2016-04-16 01:00:00,0,61,1
4319703577,2016-04-16 02:00:00,0,61,2
4319703577,2016-04-16 03:00:00,11,62,3
4319703577,2016-04-16 04:00:00,0,61,4
4319703577,2016-04-16 05:00:00,0,61,5
4319703577,2016-04-16 06:00:00,10,63,6
4319703577,2016-04-16 07:00:00,0,61,7
4319703577,2016-04-16 08:00:00,0,61,8
4319703577,2016-04-16 09:00:00,419,101,9
4319703577,2016-04-16 10:00:00,724,129,10
4319703577,2016-04-16 11:00:00,873,132,11
4319703577,2016-04-16 12:00:00,749,114,12
4319703577,2016-04-16 13:00:00,446,109,13
4319703577,2016-04-16 14:00:00,263,98,14
4319703577,2016-04-16 15:00:00,1170,153,15
4319703577,2016-04-16 16:00:00,0,63,16
4319703577,2016-04-16 17:00:00,12,64,17
4319703577,2016-04-16 18:00:00,0,61,18
4319703577,2016-04-16 19:00:00,0,61,19
4319703577,2016-04-16 20:00:00,0,61,20
4319703577,2016-04-16 21:00:00,0,61,21
4319703577,2016-04-16 22:00:00,0,61,22
4319703577,2016-04-16 23:00:00,0,61,23
4319703577,2016-04-17 00:00:00,0,61,0
4319703577,2016-04-17 01:00:00,0,61,1
4319703577,2016-04-17 02:00:00,0,61,2
4319703577,2016-04-17 03:00:00,0,61,3
4319703577,2016-04-17 04:00:00,0,61,4
4319703577,2016-04-17 05:00:00,0,61,5
4319703577,2016-04-17 06:00:00,0,61,6
4319703577,2016-04-17 07:00:00,0,61,7
4319703577,2016-04-17 08:00:00,0,61,8
4319703577,2016-04-17 09:00:00,0,61,9
4319703577,2016-04-17 10:00:00,0,61,10
4319703577,2016-04-17 11:00:00,0,61,11
4319703577,2016-04-17 12:00:00,0,61,12
4319703577,2016-04-17 13:00:00,0,61,13
4319703577,2016-04-17 14:00:00,0,61,14
4319703577,2016-04-17 15:00:00,0,61,15
4319703577,2016-04-17 16:00:00,0,61,16
4319703577,2016-04-17 17:00:00,0,61,17
4319703577,2016-04-17 18:00:00,0,61,18
4319703577,2016-04-17 19:00:00,0,61,19
4319703577,2016-04-17 20:00:00,0,61,20
4319703577,2016-04-17 21:00:00,0,61,21
4319703577,2016-04-17 22:00:00,16,64,22
4319703577,2016-04-17 23:00:00,13,63,23
4319703577,2016-04-18 00:00:00,0,61,0
4319703577,2016-04-18 01:00:00,0,61,1
4319703577,2016-04-18 02:00:00,0,61,2
4319703577,2016-04-18 03:00:00,0,61,3
4319703577,2016-04-18 04:00:00,0,61,4
4319703577,2016-04-18 05:00:00,16,62,5
4319703577,2016-04-18 06:00:00,0,61,6
4319703577,2016-04-18 07:00:00,0,61,7
4319703577,2016-04-18 08:00:00,206,82,8
4319703577,2016-04-18 09:00:00,27,65,9
4319703577,2016-04-18 10:00:00,1756,184,10
4319703577,2016-04-18 11:00:00,152,76,11
4319703577,2016-04-18 12:00:00,0,61,12
4319703577,2016-04-18 13:00:00,0,61,13
4319703577,2016-04-18 14:00:00,0,61,14
4319703577,2016-04-18 15:00:00,0,61,15
4319703577,2016-04-18 16:00:00,0,61,16
4319703577,2016-04-18 17:00:00,0,61,17
4319703577,2016-04-18 18:00:00,13,63,18
4319703577,2016-04-18 19:00:00,0,61,19
4319703577,2016-04-18 20:00:00,0,61,20
4319703577,2016-04-18 21:00:00,0,61,21
4319703577,2016-04-18 22:00:00,51,67,22
4319703577,2016-04-18 23:00:00,8,62,23
4319703577,2016-04-19 00:00:00,0,61,0
4319703577,2016-04-19 01:00:00,13,64,1
4319703577,2016-04-19 02:00:00,0,61,2
4319703577,2016-04-19 03:00:00,33,68,3
4319703577,2016-04-19 04:00:00,0,61,4
4319703577,2016-04-19 05:00:00,0,61,5
4319703577,2016-04-19 06:00:00,0,61,6
4319703577,2016-04-19 07:00:00,554,100,7
4319703577,2016-04-19 08:00:00,447,94,8
4319703577,2016-04-19 09:00:00,42,68,9
4319703577,2016-04-19 10:00:00,1872,189,10
4319703577,2016-04-19 11:00:00,923,140,11
4319703577,2016-04-19 12:00:00,562,119,12
4319703577,2016-04-19 13:00:00,125,76,13
4319703577,2016-04-19 14:00:00,551,102,14
4319703577,2016-04-19 15:00:00,346,94,15
4319703577,2016-04-19 16:00:00,703,119,16
4319703577,2016-04-19 17:00:00,313,94,17
4319703577,2016-04-19 18:00:00,498,98,18
4319703577,2016-04-19 19:00:00,1332,156,19
4319703577,2016-04-19 20:00:00,254,94,20
4319703577,2016-04-19 21:00:00,63,72,21
4319703577,2016-04-19 22:00:00,294,90,22
4319703577,2016-04-19 23:00:00,0,61,23
4319703577,2016-04-20 00:00:00,0,61,0
4319703577,2016-04-20 01:00:00,0,61,1
4319703577,2016-04-20 02:00:00,7,63,2
4319703577,2016-04-20 03:00:00,0,61,3
4319703577,2016-04-20 04:00:00,0,61,4
4319703577,2016-04-20 05:00:00,0,61,5
4319703577,2016-04-20 06:00:00,8,62,6
4319703577,2016-04-20 07:00:00,580,106,7
4319703577,2016-04-20 08:00:00,93,69,8
4319703577,2016-04-20 09:00:00,443,107,9
4319703577,2016-04-20 10:00:00,1114,135,10
4319703577,2016-04-20 11:00:00,787,125,11
4319703577,2016-04-20 12:00:00,1717,166,12
4319703577,2016-04-20 13:00:00,253,90,13
4319703577,2016-04-20 14:00:00,185,87,14
4319703577,2016-04-20 15:00:00,781,137,15
4319703577,2016-04-20 16:00:00,497,117,16
4319703577,2016-04-20 17:00:00,501,110,17
4319703577,2016-04-20 18:00:00,592,108,18
4319703577,2016-04-20 19:00:00,947,134,19
4319703577,2016-04-20 20:00:00,76,75,20
4319703577,2016-04-20 21:00:00,177,80,21
4319703577,2016-04-20 22:00:00,157,78,22
4319703577,2016-04-20 23:00:00,0,61,23
4319703577,2016-04-21 00:00:00,0,61,0
4319703577,2016-04-21 01:00:00,0,61,1
4319703577,2016-04-21 02:00:00,0,61,2
4319703577,2016-04-21 03:00:00,0,61,3
4319703577,2016-04-21 04:00:00,0,61,4
4319703577,2016-04-21 05:00:00,0,61,5
4319703577,2016-04-21 06:00:00,0,61,6
4319703577,2016-04-21 07:00:00,0,61,7
4319703577,2016-04-21 08:00:00,0,61,8
4319703577,2016-04-21 09:00:00,0,61,9
4319703577,2016-04-21 10:00:00,0,61,10
4319703577,2016-04-21 11:00:00,0,61,11
4319703577,2016-04-21 12:00:00,0,61,12
4319703577,2016-04-21 13:00:00,0,61,13
4319703577,2016-04-21 14:00:00,95,71,14
4319703577,2016-04-21 15:00:00,41,68,15
4319703577,2016-04-21 16:00:00,13,66,16
4319703577,2016-04-21 17:00:00,19,63,17
4319703577,2016-04-21 18:00:00,65,70,18
4319703577,2016-04-21 19:00:00,116,77,19
4319703577,2016-04-21 20:00:00,0,62,20
4319703577,2016-04-21 21:00:00,6,63,21
4319703577,2016-04-21 22:00:00,157,74,22
4319703577,2016-04-21 23:00:00,5,62,23
4319703577,2016-04-22 00:00:00,10,62,0
4319703577,2016-04-22 01:00:00,0,61,1
4319703577,2016-04-22 02:00:00,0,61,2
4319703577,2016-04-22 03:00:00,0,61,3
4319703577,2016-04-22 04:00:00,0,61,4
4319703577,2016-04-22 05:00:00,18,62,5
4319703577,2016-04-22 06:00:00,0,61,6
4319703577,2016-04-22 07:00:00,10,63,7
4319703577,2016-04-22 08:00:00,1479,163,8
4319703577,2016-04-22 09:00:00,115,72,9
4319703577,2016-04-22 10:00:00,4,63,10
4319703577,2016-04-22 11:00:00,477,96,11
4319703577,2016-04-22 12:00:00,374,91,12
4319703577,2016-04-22 13:00:00,81,73,13
4319703577,2016-04-22 14:00:00,102,76,14
4319703577,2016-04-22 15:00:00,110,73,15
4319703577,2016-04-22 16:00:00,542,119,16
4319703577,2016-04-22 17:00:00,222,84,17
4319703577,2016-04-22 18:00:00,234,87,18
4319703577,2016-04-22 19:00:00,107,76,19
4319703577,2016-04-22 20:00:00,120,79,20
4319703577,2016-04-22 21:00:00,209,80,21
4319703577,2016-04-22 22:00:00,286,101,22
4319703577,2016-04-22 23:00:00,0,61,23
4319703577,2016-04-23 00:00:00,10,62,0
4319703577,2016-04-23 01:00:00,0,61,1
4319703577,2016-04-23 02:00:00,0,61,2
4319703577,2016-04-23 03:00:00,0,61,3
4319703577,2016-04-23 04:00:00,5,62,4
4319703577,2016-04-23 05:00:00,5,62,5
4319703577,2016-04-23 06:00:00,9,63,6
4319703577,2016-04-23 07:00:00,0,61,7
4319703577,2016-04-23 08:00:00,0,61,8
4319703577,2016-04-23 09:00:00,0,61,9
4319703577,2016-04-23 10:00:00,9,63,10
4319703577,2016-04-23 11:00:00,18,63,11
4319703577,2016-04-23 12:00:00,1067,144,12
4319703577,2016-04-23 13:00:00,276,96,13
4319703577,2016-04-23 14:00:00,106,73,14
4319703577,2016-04-23 15:00:00,344,99,15
4319703577,2016-04-23 16:00:00,850,139,16
4319703577,2016-04-23 17:00:00,856,123,17
4319703577,2016-04-23 18:00:00,178,79,18
4319703577,2016-04-23 19:00:00,375,117,19
4319703577,2016-04-23 20:00:00,206,81,20
4319703577,2016-04-23 21:00:00,252,87,21
4319703577,2016-04-23 22:00:00,53,71,22
4319703577,2016-04-23 23:00:00,316,96,23
4319703577,2016-04-24 00:00:00,0,61,0
4319703577,2016-04-24 01:00:00,0,61,1
4319703577,2016-04-24 02:00:00,0,61,2
4319703577,2016-04-24 03:00:00,68,67,3
4319703577,2016-04-24 04:00:00,0,61,4
4319703577,2016-04-24 05:00:00,0,61,5
4319703577,2016-04-24 06:00:00,12,62,6
4319703577,2016-04-24 07:00:00,0,61,7
4319703577,2016-04-24 08:00:00,171,81,8
4319703577,2016-04-24 09:00:00,646,115,9
4319703577,2016-04-24 10:00:00,31,69,10
4319703577,2016-04-24 11:00:00,103,77,11
4319703577,2016-04-24 12:00:00,207,78,12
4319703577,2016-04-24 13:00:00,626,113,13
4319703577,2016-04-24 14:00:00,748,123,14
4319703577,2016-04-24 15:00:00,218,82,15
4319703577,2016-04-24 16:00:00,122,83,16
4319703577,2016-04-24 17:00:00,185,91,17
4319703577,2016-04-24 18:00:00,209,94,18
4319703577,2016-04-24 19:00:00,120,75,19
4319703577,2016-04-24 20:00:00,86,73,20
4319703577,2016-04-24 21:00:00,137,73,21
4319703577,2016-04-24 22:00:00,384,98,22
4319703577,2016-04-24 23:00:00,8,63,23
4319703577,2016-04-25 00:00:00,0,61,0
4319703577,2016-04-25 01:00:00,0,61,1
4319703577,2016-04-25 02:00:00,10,62,2
4319703577,2016-04-25 03:00:00,0,61,3
4319703577,2016-04-25 04:00:00,27,65,4
4319703577,2016-04-25 05:00:00,0,61,5
4319703577,2016-04-25 06:00:00,0,61,6
4319703577,2016-04-25 07:00:00,61,65,7
4319703577,2016-04-25 08:00:00,287,92,8
4319703577,2016-04-25 09:00:00,53,67,9
4319703577,2016-04-25 10:00:00,1839,187,10
4319703577,2016-04-25 11:00:00,696,138,11
4319703577,2016-04-25 12:00:00,676,132,12
4319703577,2016-04-25 13:00:00,453,96,13
4319703577,2016-04-25 14:00:00,1105,149,14
4319703577,2016-04-25 15:00:00,352,111,15
4319703577,2016-04-25 16:00:00,362,104,16
4319703577,2016-04-25 17:00:00,946,144,17
4319703577,2016-04-25 18:00:00,1014,146,18
4319703577,2016-04-25 19:00:00,900,141,19
4319703577,2016-04-25 20:00:00,49,73,20
4319703577,2016-04-25 21:00:00,47,67,21
4319703577,2016-04-25 22:00:00,306,100,22
4319703577,2016-04-25 23:00:00,76,70,23
4319703577,2016-04-26 00:00:00,0,61,0
4319703577,2016-04-26 01:00:00,0,61,1
4319703577,2016-04-26 02:00:00,0,61,2
4319703577,2016-04-26 03:00:00,0,61,3
4319703577,2016-04-26 04:00:00,0,61,4
4319703577,2016-04-26 05:00:00,0,61,5
4319703577,2016-04-26 06:00:00,0,61,6
4319703577,2016-04-26 07:00:00,47,69,7
4319703577,2016-04-26 08:00:00,1197,150,8
4319703577,2016-04-26 09:00:00,0,62,9
4319703577,2016-04-26 10:00:00,1826,182,10
4319703577,2016-04-26 11:00:00,669,120,11
4319703577,2016-04-26 12:00:00,1049,151,12
4319703577,2016-04-26 13:00:00,349,98,13
4319703577,2016-04-26 14:00:00,323,90,14
4319703577,2016-04-26 15:00:00,501,110,15
4319703577,2016-04-26 16:00:00,273,96,16
4319703577,2016-04-26 17:00:00,704,120,17
4319703577,2016-04-26 18:00:00,564,105,18
4319703577,2016-04-26 19:00:00,2273,201,19
4319703577,2016-04-26 20:00:00,117,72,20
4319703577,2016-04-26 21:00:00,0,61,21
4319703577,2016-04-26 22:00:00,7,62,22
4319703577,2016-04-26 23:00:00,0,61,23
4319703577,2016-04-27 00:00:00,0,61,0
4319703577,2016-04-27 01:00:00,0,61,1
4319703577,2016-04-27 02:00:00,10,63,2
4319703577,2016-04-27 03:00:00,0,61,3
4319703577,2016-04-27 04:00:00,18,63,4
4319703577,2016-04-27 05:00:00,8,63,5
4319703577,2016-04-27 06:00:00,0,61,6
4319703577,2016-04-27 07:00:00,55,71,7
4319703577,2016-04-27 08:00:00,1072,136,8
4319703577,2016-04-27 09:00:00,45,70,9
4319703577,2016-04-27 10:00:00,1971,191,10
4319703577,2016-04-27 11:00:00,683,121,11
4319703577,2016-04-27 12:00:00,2445,213,12
4319703577,2016-04-27 13:00:00,276,94,13
4319703577,2016-04-27 14:00:00,1267,162,14
4319703577,2016-04-27 15:00:00,585,125,15
4319703577,2016-04-27 16:00:00,290,98,16
4319703577,2016-04-27 17:00:00,304,99,17
4319703577,2016-04-27 18:00:00,488,98,18
4319703577,2016-04-27 19:00:00,971,139,19
4319703577,2016-04-27 20:00:00,136,72,20
4319703577,2016-04-27 21:00:00,102,75,21
4319703577,2016-04-27 22:00:00,54,69,22
4319703577,2016-04-27 23:00:00,0,61,23
4319703577,2016-04-28 00:00:00,0,61,0
4319703577,2016-04-28 01:00:00,6,62,1
4319703577,2016-04-28 02:00:00,0,61,2
4319703577,2016-04-28 03:00:00,0,61,3
4319703577,2016-04-28 04:00:00,64,70,4
4319703577,2016-04-28 05:00:00,0,61,5
4319703577,2016-04-28 06:00:00,0,61,6
4319703577,2016-04-28 07:00:00,466,103,7
4319703577,2016-04-28 08:00:00,632,118,8
4319703577,2016-04-28 09:00:00,289,90,9
4319703577,2016-04-28 10:00:00,1155,148,10
4319703577,2016-04-28 11:00:00,941,135,11
4319703577,2016-04-28 12:00:00,976,142,12
4319703577,2016-04-28 13:00:00,319,94,13
4319703577,2016-04-28 14:00:00,513,103,14
4319703577,2016-04-28 15:00:00,287,94,15
4319703577,2016-04-28 16:00:00,603,126,16
4319703577,2016-04-28 17:00:00,877,140,17
4319703577,2016-04-28 18:00:00,1143,151,18
4319703577,2016-04-28 19:00:00,815,115,19
4319703577,2016-04-28 20:00:00,1360,151,20
4319703577,2016-04-28 21:00:00,37,68,21
4319703577,2016-04-28 22:00:00,301,90,22
4319703577,2016-04-28 23:00:00,26,66,23
4319703577,2016-04-29 00:00:00,48,67,0
4319703577,2016-04-29 01:00:00,7,62,1
4319703577,2016-04-29 02:00:00,0,61,2
4319703577,2016-04-29 03:00:00,7,62,3
4319703577,2016-04-29 04:00:00,0,61,4
4319703577,2016-04-29 05:00:00,4,62,5
4319703577,2016-04-29 06:00:00,0,61,6
4319703577,2016-04-29 07:00:00,16,63,7
4319703577,2016-04-29 08:00:00,155,79,8
4319703577,2016-04-29 09:00:00,256,86,9
4319703577,2016-04-29 10:00:00,1604,171,10
4319703577,2016-04-29 11:00:00,786,123,11
4319703577,2016-04-29 12:00:00,401,105,12
4319703577,2016-04-29 13:00:00,671,127,13
4319703577,2016-04-29 14:00:00,349,108,14
4319703577,2016-04-29 15:00:00,474,122,15
4319703577,2016-04-29 16:00:00,877,129,16
4319703577,2016-04-29 17:00:00,239,94,17
4319703577,2016-04-29 18:00:00,548,95,18
4319703577,2016-04-29 19:00:00,1033,136,19
4319703577,2016-04-29 20:00:00,257,89,20
4319703577,2016-04-29 21:00:00,0,63,21
4319703577,2016-04-29 22:00:00,80,72,22
4319703577,2016-04-29 23:00:00,178,79,23
4319703577,2016-04-30 00:00:00,0,61,0
4319703577,2016-04-30 01:00:00,0,61,1
4319703577,2016-04-30 02:00:00,7,62,2
4319703577,2016-04-30 03:00:00,24,64,3
4319703577,2016-04-30 04:00:00,0,61,4
4319703577,2016-04-30 05:00:00,0,61,5
4319703577,2016-04-30 06:00:00,0,61,6
4319703577,2016-04-30 07:00:00,38,65,7
4319703577,2016-04-30 08:00:00,58,69,8
4319703577,2016-04-30 09:00:00,0,61,9
4319703577,2016-04-30 10:00:00,106,70,10
4319703577,2016-04-30 11:00:00,340,85,11
4319703577,2016-04-30 12:00:00,1058,128,12
4319703577,2016-04-30 13:00:00,1233,141,13
4319703577,2016-04-30 14:00:00,1191,140,14
4319703577,2016-04-30 15:00:00,316,100,15
4319703577,2016-04-30 16:00:00,495,99,16
4319703577,2016-04-30 17:00:00,371,93,17
4319703577,2016-04-30 18:00:00,99,73,18
4319703577,2016-04-30 19:00:00,318,97,19
4319703577,2016-04-30 20:00:00,1661,170,20
4319703577,2016-04-30 21:00:00,646,118,21
4319703577,2016-04-30 22:00:00,27,69,22
4319703577,2016-04-30 23:00:00,233,85,23
4319703577,2016-05-01 00:00:00,0,61,0
4319703577,2016-05-01 01:00:00,0,61,1
4319703577,2016-05-01 02:00:00,0,61,2
4319703577,2016-05-01 03:00:00,6,62,3
4319703577,2016-05-01 04:00:00,0,61,4
4319703577,2016-05-01 05:00:00,0,61,5
4319703577,2016-05-01 06:00:00,0,61,6
4319703577,2016-05-01 07:00:00,35,65,7
4319703577,2016-05-01 08:00:00,94,71,8
4319703577,2016-05-01 09:00:00,162,86,9
4319703577,2016-05-01 10:00:00,88,72,10
4319703577,2016-05-01 11:00:00,84,70,11
4319703577,2016-05-01 12:00:00,0,61,12
4319703577,2016-05-01 13:00:00,0,61,13
4319703577,2016-05-01 14:00:00,0,61,14
4319703577,2016-05-01 15:00:00,0,61,15
4319703577,2016-05-01 16:00:00,0,61,16
4319703577,2016-05-01 17:00:00,0,61,17
4319703577,2016-05-01 18:00:00,0,61,18
4319703577,2016-05-01 19:00:00,0,61,19
4319703577,2016-05-01 20:00:00,127,76,20
4319703577,2016-05-01 21:00:00,27,66,21
4319703577,2016-05-01 22:00:00,628,115,22
4319703577,2016-05-01 23:00:00,0,61,23
4319703577,2016-05-02 00:00:00,10,63,0
4319703577,2016-05-02 01:00:00,19,64,1
4319703577,2016-05-02 02:00:00,0,61,2
4319703577,2016-05-02 03:00:00,0,61,3
4319703577,2016-05-02 04:00:00,29,67,4
4319703577,2016-05-02 05:00:00,4,62,5
4319703577,2016-05-02 06:00:00,0,61,6
4319703577,2016-05-02 07:00:00,135,78,7
4319703577,2016-05-02 08:00:00,26,65,8
4319703577,2016-05-02 09:00:00,159,80,9
4319703577,2016-05-02 10:00:00,1722,181,10
4319703577,2016-05-02 11:00:00,871,146,11
4319703577,2016-05-02 12:00:00,541,122,12
4319703577,2016-05-02 13:00:00,334,92,13
4319703577,2016-05-02 14:00:00,529,107,14
4319703577,2016-05-02 15:00:00,522,107,15
4319703577,2016-05-02 16:00:00,1085,152,16
4319703577,2016-05-02 17:00:00,589,128,17
4319703577,2016-05-02 18:00:00,745,123,18
4319703577,2016-05-02 19:00:00,529,97,19
4319703577,2016-05-02 20:00:00,506,99,20
4319703577,2016-05-02 21:00:00,556,109,21
4319703577,2016-05-02 22:00:00,204,80,22
4319703577,2016-05-02 23:00:00,6,62,23
4319703577,2016-05-03 00:00:00,0,61,0
4319703577,2016-05-03 01:00:00,6,62,1
4319703577,2016-05-03 02:00:00,15,64,2
4319703577,2016-05-03 03:00:00,0,61,3
4319703577,2016-05-03 04:00:00,9,62,4
4319703577,2016-05-03 05:00:00,0,61,5
4319703577,2016-05-03 06:00:00,5,63,6
4319703577,2016-05-03 07:00:00,149,75,7
4319703577,2016-05-03 08:00:00,115,71,8
4319703577,2016-05-03 09:00:00,100,70,9
4319703577,2016-05-03 10:00:00,1984,195,10
4319703577,2016-05-03 11:00:00,1353,159,11
4319703577,2016-05-03 12:00:00,1146,149,12
4319703577,2016-05-03 13:00:00,69,76,13
4319703577,2016-05-03 14:00:00,708,113,14
4319703577,2016-05-03 15:00:00,308,92,15
4319703577,2016-05-03 16:00:00,669,122,16
4319703577,2016-05-03 17:00:00,637,130,17
4319703577,2016-05-03 18:00:00,646,109,18
4319703577,2016-05-03 19:00:00,1170,141,19
4319703577,2016-05-03 20:00:00,115,76,20
4319703577,2016-05-03 21:00:00,149,73,21
4319703577,2016-05-03 22:00:00,295,91,22
4319703577,2016-05-03 23:00:00,0,61,23
4319703577,2016-05-04 00:00:00,0,61,0
4319703577,2016-05-04 01:00:00,0,61,1
4319703577,2016-05-04 02:00:00,0,61,2
4319703577,2016-05-04 03:00:00,0,61,3
4319703577,2016-05-04 04:00:00,0,61,4
4319703577,2016-05-04 05:00:00,0,61,5
4319703577,2016-05-04 06:00:00,0,61,6
4319703577,2016-05-04 07:00:00,10,62,7
4319703577,2016-05-04 08:00:00,212,83,8
4319703577,2016-05-04 09:00:00,230,93,9
4319703577,2016-05-04 10:00:00,1778,181,10
4319703577,2016-05-04 11:00:00,969,138,11
4319703577,2016-05-04 12:00:00,1624,178,12
4319703577,2016-05-04 13:00:00,942,132,13
4319703577,2016-05-04 14:00:00,867,132,14
4319703577,2016-05-04 15:00:00,913,144,15
4319703577,2016-05-04 16:00:00,86,75,16
4319703577,2016-05-04 17:00:00,238,86,17
4319703577,2016-05-04 18:00:00,570,102,18
4319703577,2016-05-04 19:00:00,1622,166,19
4319703577,2016-05-04 20:00:00,306,92,20
4319703577,2016-05-04 21:00:00,45,71,21
4319703577,2016-05-04 22:00:00,17,63,22
4319703577,2016-05-04 23:00:00,0,61,23
4319703577,2016-05-05 00:00:00,0,61,0
4319703577,2016-05-05 01:00:00,0,61,1
4319703577,2016-05-05 02:00:00,0,61,2
4319703577,2016-05-05 03:00:00,0,61,3
4319703577,2016-05-05 04:00:00,0,61,4
4319703577,2016-05-05 05:00:00,1950,205,5
4319703577,2016-05-05 06:00:00,3547,279,6
4319703577,2016-05-05 07:00:00,330,92,7
4319703577,2016-05-05 08:00:00,74,71,8
4319703577,2016-05-05 09:00:00,165,76,9
4319703577,2016-05-05 10:00:00,1517,169,10
4319703577,2016-05-05 11:00:00,878,123,11
4319703577,2016-05-05 12:00:00,781,125,12
4319703577,2016-05-05 13:00:00,307,90,13
4319703577,2016-05-05 14:00:00,546,114,14
4319703577,2016-05-05 15:00:00,432,108,15
4319703577,2016-05-05 16:00:00,189,87,16
4319703577,2016-05-05 17:00:00,152,82,17
4319703577,2016-05-05 18:00:00,686,127,18
4319703577,2016-05-05 19:00:00,1178,143,19
4319703577,2016-05-05 20:00:00,702,119,20
4319703577,2016-05-05 21:00:00,80,75,21
4319703577,2016-05-05 22:00:00,144,82,22
4319703577,2016-05-05 23:00:00,0,61,23
4319703577,2016-05-06 00:00:00,39,66,0
4319703577,2016-05-06 01:00:00,8,62,1
4319703577,2016-05-06 02:00:00,8,63,2
4319703577,2016-05-06 03:00:00,16,64,3
4319703577,2016-05-06 04:00:00,6,63,4
4319703577,2016-05-06 05:00:00,0,61,5
4319703577,2016-05-06 06:00:00,51,69,6
4319703577,2016-05-06 07:00:00,1279,155,7
4319703577,2016-05-06 08:00:00,41,69,8
4319703577,2016-05-06 09:00:00,237,78,9
4319703577,2016-05-06 10:00:00,33,69,10
4319703577,2016-05-06 11:00:00,1384,154,11
4319703577,2016-05-06 12:00:00,61,67,12
4319703577,2016-05-06 13:00:00,636,106,13
4319703577,2016-05-06 14:00:00,55,68,14
4319703577,2016-05-06 15:00:00,639,132,15
4319703577,2016-05-06 16:00:00,597,128,16
4319703577,2016-05-06 17:00:00,401,106,17
4319703577,2016-05-06 18:00:00,372,104,18
4319703577,2016-05-06 19:00:00,2033,190,19
4319703577,2016-05-06 20:00:00,1022,143,20
4319703577,2016-05-06 21:00:00,249,90,21
4319703577,2016-05-06 22:00:00,44,68,22
4319703577,2016-05-06 23:00:00,215,89,23
4319703577,2016-05-07 00:00:00,0,61,0
4319703577,2016-05-07 01:00:00,10,62,1
4319703577,2016-05-07 02:00:00,0,61,2
4319703577,2016-05-07 03:00:00,6,62,3
4319703577,2016-05-07 04:00:00,0,61,4
4319703577,2016-05-07 05:00:00,6,62,5
4319703577,2016-05-07 06:00:00,11,62,6
4319703577,2016-05-07 07:00:00,0,61,7
4319703577,2016-05-07 08:00:00,73,72,8
4319703577,2016-05-07 09:00:00,1278,160,9
4319703577,2016-05-07 10:00:00,59,76,10
4319703577,2016-05-07 11:00:00,404,103,11
4319703577,2016-05-07 12:00:00,381,89,12
4319703577,2016-05-07 13:00:00,1390,163,13
4319703577,2016-05-07 14:00:00,412,99,14
4319703577,2016-05-07 15:00:00,278,96,15
4319703577,2016-05-07 16:00:00,337,95,16
4319703577,2016-05-07 17:00:00,640,123,17
4319703577,2016-05-07 18:00:00,1045,137,18
4319703577,2016-05-07 19:00:00,879,127,19
4319703577,2016-05-07 20:00:00,225,87,20
4319703577,2016-05-07 21:00:00,131,85,21
4319703577,2016-05-07 22:00:00,263,82,22
4319703577,2016-05-07 23:00:00,109,74,23
4319703577,2016-05-08 00:00:00,0,61,0
4319703577,2016-05-08 01:00:00,0,61,1
4319703577,2016-05-08 02:00:00,0,61,2
4319703577,2016-05-08 03:00:00,0,61,3
4319703577,2016-05-08 04:00:00,0,61,4
4319703577,2016-05-08 05:00:00,13,62,5
4319703577,2016-05-08 06:00:00,0,61,6
4319703577,2016-05-08 07:00:00,0,61,7
4319703577,2016-05-08 08:00:00,0,61,8
4319703577,2016-05-08 09:00:00,6,63,9
4319703577,2016-05-08 10:00:00,187,83,10
4319703577,2016-05-08 11:00:00,125,81,11
4319703577,2016-05-08 12:00:00,626,110,12
4319703577,2016-05-08 13:00:00,702,117,13
4319703577,2016-05-08 14:00:00,952,132,14
4319703577,2016-05-08 15:00:00,461,115,15
4319703577,2016-05-08 16:00:00,48,66,16
4319703577,2016-05-08 17:00:00,0,61,17
4319703577,2016-05-08 18:00:00,0,61,18
4319703577,2016-05-08 19:00:00,0,61,19
4319703577,2016-05-08 20:00:00,224,80,20
4319703577,2016-05-08 21:00:00,46,66,21
4319703577,2016-05-08 22:00:00,282,88,22
4319703577,2016-05-08 23:00:00,0,61,23
4319703577,2016-05-09 00:00:00,16,64,0
4319703577,2016-05-09 01:00:00,17,64,1
4319703577,2016-05-09 02:00:00,0,61,2
4319703577,2016-05-09 03:00:00,16,64,3
4319703577,2016-05-09 04:00:00,22,64,4
4319703577,2016-05-09 05:00:00,0,61,5
4319703577,2016-05-09 06:00:00,8,62,6
4319703577,2016-05-09 07:00:00,0,61,7
4319703577,2016-05-09 08:00:00,195,84,8
4319703577,2016-05-09 09:00:00,70,69,9
4319703577,2016-05-09 10:00:00,1720,186,10
4319703577,2016-05-09 11:00:00,842,136,11
4319703577,2016-05-09 12:00:00,513,122,12
4319703577,2016-05-09 13:00:00,331,95,13
4319703577,2016-05-09 14:00:00,577,116,14
4319703577,2016-05-09 15:00:00,411,107,15
4319703577,2016-05-09 16:00:00,291,92,16
4319703577,2016-05-09 17:00:00,1218,152,17
4319703577,2016-05-09 18:00:00,1046,151,18
4319703577,2016-05-09 19:00:00,1993,189,19
4319703577,2016-05-09 20:00:00,745,116,20
4319703577,2016-05-09 21:00:00,107,76,21
4319703577,2016-05-09 22:00:00,211,91,22
4319703577,2016-05-09 23:00:00,13,64,23
4319703577,2016-05-10 00:00:00,6,62,0
4319703577,2016-05-10 01:00:00,0,61,1
4319703577,2016-05-10 02:00:00,0,61,2
4319703577,2016-05-10 03:00:00,6,63,3
4319703577,2016-05-10 04:00:00,0,61,4
4319703577,2016-05-10 05:00:00,8,62,5
4319703577,2016-05-10 06:00:00,6,62,6
4319703577,2016-05-10 07:00:00,151,83,7
4319703577,2016-05-10 08:00:00,25,65,8
4319703577,2016-05-10 09:00:00,170,74,9
4319703577,2016-05-10 10:00:00,1669,178,10
4319703577,2016-05-10 11:00:00,536,122,11
4319703577,2016-05-10 12:00:00,930,145,12
4319703577,2016-05-10 13:00:00,990,125,13
4319703577,2016-05-10 14:00:00,824,138,14
4319703577,2016-05-10 15:00:00,958,144,15
4319703577,2016-05-10 16:00:00,288,94,16
4319703577,2016-05-10 17:00:00,173,80,17
4319703577,2016-05-10 18:00:00,1092,137,18
4319703577,2016-05-10 19:00:00,1156,144,19
4319703577,2016-05-10 20:00:00,154,84,20
4319703577,2016-05-10 21:00:00,140,73,21
4319703577,2016-05-10 22:00:00,205,82,22
4319703577,2016-05-10 23:00:00,0,61,23
4319703577,2016-05-11 00:00:00,0,61,0
4319703577,2016-05-11 01:00:00,12,62,1
4319703577,2016-05-11 02:00:00,0,61,2
4319703577,2016-05-11 03:00:00,0,61,3
4319703577,2016-05-11 04:00:00,0,61,4
4319703577,2016-05-11 05:00:00,0,61,5
4319703577,2016-05-11 06:00:00,0,61,6
4319703577,2016-05-11 07:00:00,0,61,7
4319703577,2016-05-11 08:00:00,258,93,8
4319703577,2016-05-11 09:00:00,49,68,9
4319703577,2016-05-11 10:00:00,1735,180,10
4319703577,2016-05-11 11:00:00,734,127,11
4319703577,2016-05-11 12:00:00,1037,150,12
4319703577,2016-05-11 13:00:00,398,97,13
4319703577,2016-05-11 14:00:00,597,113,14
4319703577,2016-05-11 15:00:00,715,122,15
4319703577,2016-05-11 16:00:00,793,141,16
4319703577,2016-05-11 17:00:00,269,99,17
4319703577,2016-05-11 18:00:00,430,89,18
4319703577,2016-05-11 19:00:00,1613,165,19
4319703577,2016-05-11 20:00:00,262,88,20
4319703577,2016-05-11 21:00:00,80,74,21
4319703577,2016-05-11 22:00:00,147,77,22
4319703577,2016-05-11 23:00:00,0,61,23
4319703577,2016-05-12 00:00:00,0,61,0
4319703577,2016-05-12 01:00:00,0,61,1
4319703577,2016-05-12 02:00:00,10,62,2
4319703577,2016-05-12 03:00:00,7,63,3
4388161847,2016-04-12 00:00:00,0,78,0
4388161847,2016-04-12 01:00:00,0,78,1
4388161847,2016-04-12 02:00:00,0,78,2
4388161847,2016-04-12 03:00:00,0,78,3
4388161847,2016-04-12 04:00:00,0,78,4
4388161847,2016-04-12 05:00:00,0,78,5
4388161847,2016-04-12 06:00:00,0,78,6
4388161847,2016-04-12 07:00:00,0,78,7
4388161847,2016-04-12 08:00:00,0,78,8
4388161847,2016-04-12 09:00:00,0,78,9
4388161847,2016-04-12 10:00:00,0,78,10
4388161847,2016-04-12 11:00:00,0,78,11
4388161847,2016-04-12 12:00:00,0,78,12
4388161847,2016-04-12 13:00:00,0,78,13
4388161847,2016-04-12 14:00:00,0,78,14
4388161847,2016-04-12 15:00:00,0,78,15
4388161847,2016-04-12 16:00:00,0,78,16
4388161847,2016-04-12 17:00:00,0,78,17
4388161847,2016-04-12 18:00:00,0,78,18
4388161847,2016-04-12 19:00:00,0,78,19
4388161847,2016-04-12 20:00:00,0,78,20
4388161847,2016-04-12 21:00:00,0,78,21
4388161847,2016-04-12 22:00:00,0,78,22
4388161847,2016-04-12 23:00:00,0,78,23
4388161847,2016-04-13 00:00:00,0,78,0
4388161847,2016-04-13 01:00:00,0,78,1
4388161847,2016-04-13 02:00:00,0,78,2
4388161847,2016-04-13 03:00:00,0,78,3
4388161847,2016-04-13 04:00:00,0,78,4
4388161847,2016-04-13 05:00:00,0,78,5
4388161847,2016-04-13 06:00:00,0,78,6
4388161847,2016-04-13 07:00:00,0,78,7
4388161847,2016-04-13 08:00:00,0,78,8
4388161847,2016-04-13 09:00:00,0,78,9
4388161847,2016-04-13 10:00:00,0,78,10
4388161847,2016-04-13 11:00:00,0,78,11
4388161847,2016-04-13 12:00:00,0,78,12
4388161847,2016-04-13 13:00:00,0,78,13
4388161847,2016-04-13 14:00:00,28,86,14
4388161847,2016-04-13 15:00:00,410,121,15
4388161847,2016-04-13 16:00:00,1100,193,16
4388161847,2016-04-13 17:00:00,629,163,17
4388161847,2016-04-13 18:00:00,1508,235,18
4388161847,2016-04-13 19:00:00,2118,283,19
4388161847,2016-04-13 20:00:00,145,100,20
4388161847,2016-04-13 21:00:00,0,78,21
4388161847,2016-04-13 22:00:00,0,78,22
4388161847,2016-04-13 23:00:00,0,78,23
4388161847,2016-04-14 00:00:00,0,78,0
4388161847,2016-04-14 01:00:00,0,78,1
4388161847,2016-04-14 02:00:00,0,78,2
4388161847,2016-04-14 03:00:00,0,78,3
4388161847,2016-04-14 04:00:00,11,80,4
4388161847,2016-04-14 05:00:00,352,214,5
4388161847,2016-04-14 06:00:00,1134,207,6
4388161847,2016-04-14 07:00:00,157,107,7
4388161847,2016-04-14 08:00:00,252,104,8
4388161847,2016-04-14 09:00:00,413,119,9
4388161847,2016-04-14 10:00:00,590,137,10
4388161847,2016-04-14 11:00:00,434,120,11
4388161847,2016-04-14 12:00:00,187,104,12
4388161847,2016-04-14 13:00:00,268,110,13
4388161847,2016-04-14 14:00:00,76,88,14
4388161847,2016-04-14 15:00:00,475,121,15
4388161847,2016-04-14 16:00:00,931,184,16
4388161847,2016-04-14 17:00:00,2321,351,17
4388161847,2016-04-14 18:00:00,284,126,18
4388161847,2016-04-14 19:00:00,875,177,19
4388161847,2016-04-14 20:00:00,52,91,20
4388161847,2016-04-14 21:00:00,36,85,21
4388161847,2016-04-14 22:00:00,15,80,22
4388161847,2016-04-14 23:00:00,0,79,23
4388161847,2016-04-15 00:00:00,0,78,0
4388161847,2016-04-15 01:00:00,0,79,1
4388161847,2016-04-15 02:00:00,0,79,2
4388161847,2016-04-15 03:00:00,13,80,3
4388161847,2016-04-15 04:00:00,83,94,4
4388161847,2016-04-15 05:00:00,879,204,5
4388161847,2016-04-15 06:00:00,1664,239,6
4388161847,2016-04-15 07:00:00,150,97,7
4388161847,2016-04-15 08:00:00,376,127,8
4388161847,2016-04-15 09:00:00,92,96,9
4388161847,2016-04-15 10:00:00,701,139,10
4388161847,2016-04-15 11:00:00,399,111,11
4388161847,2016-04-15 12:00:00,88,99,12
4388161847,2016-04-15 13:00:00,193,114,13
4388161847,2016-04-15 14:00:00,117,99,14
4388161847,2016-04-15 15:00:00,452,120,15
4388161847,2016-04-15 16:00:00,1100,245,16
4388161847,2016-04-15 17:00:00,430,141,17
4388161847,2016-04-15 18:00:00,510,158,18
4388161847,2016-04-15 19:00:00,261,129,19
4388161847,2016-04-15 20:00:00,110,108,20
4388161847,2016-04-15 21:00:00,360,124,21
4388161847,2016-04-15 22:00:00,387,145,22
4388161847,2016-04-15 23:00:00,393,160,23
4388161847,2016-04-16 00:00:00,0,94,0
4388161847,2016-04-16 01:00:00,0,91,1
4388161847,2016-04-16 02:00:00,0,89,2
4388161847,2016-04-16 03:00:00,0,80,3
4388161847,2016-04-16 04:00:00,17,87,4
4388161847,2016-04-16 05:00:00,0,80,5
4388161847,2016-04-16 06:00:00,261,139,6
4388161847,2016-04-16 07:00:00,92,112,7
4388161847,2016-04-16 08:00:00,1309,236,8
4388161847,2016-04-16 09:00:00,817,207,9
4388161847,2016-04-16 10:00:00,190,132,10
4388161847,2016-04-16 11:00:00,434,145,11
4388161847,2016-04-16 12:00:00,185,124,12
4388161847,2016-04-16 13:00:00,737,183,13
4388161847,2016-04-16 14:00:00,917,217,14
4388161847,2016-04-16 15:00:00,383,146,15
4388161847,2016-04-16 16:00:00,107,113,16
4388161847,2016-04-16 17:00:00,96,117,17
4388161847,2016-04-16 18:00:00,526,160,18
4388161847,2016-04-16 19:00:00,162,122,19
4388161847,2016-04-16 20:00:00,62,106,20
4388161847,2016-04-16 21:00:00,273,134,21
4388161847,2016-04-16 22:00:00,12,82,22
4388161847,2016-04-16 23:00:00,0,79,23
4388161847,2016-04-17 00:00:00,0,79,0
4388161847,2016-04-17 01:00:00,0,79,1
4388161847,2016-04-17 02:00:00,11,81,2
4388161847,2016-04-17 03:00:00,0,79,3
4388161847,2016-04-17 04:00:00,0,79,4
4388161847,2016-04-17 05:00:00,7,81,5
4388161847,2016-04-17 06:00:00,313,126,6
4388161847,2016-04-17 07:00:00,35,100,7
4388161847,2016-04-17 08:00:00,386,133,8
4388161847,2016-04-17 09:00:00,735,172,9
4388161847,2016-04-17 10:00:00,296,125,10
4388161847,2016-04-17 11:00:00,141,108,11
4388161847,2016-04-17 12:00:00,550,165,12
4388161847,2016-04-17 13:00:00,51,102,13
4388161847,2016-04-17 14:00:00,7,92,14
4388161847,2016-04-17 15:00:00,117,94,15
4388161847,2016-04-17 16:00:00,251,113,16
4388161847,2016-04-17 17:00:00,324,125,17
4388161847,2016-04-17 18:00:00,661,145,18
4388161847,2016-04-17 19:00:00,160,102,19
4388161847,2016-04-17 20:00:00,398,123,20
4388161847,2016-04-17 21:00:00,52,91,21
4388161847,2016-04-17 22:00:00,165,101,22
4388161847,2016-04-17 23:00:00,0,78,23
4388161847,2016-04-18 00:00:00,0,78,0
4388161847,2016-04-18 01:00:00,0,78,1
4388161847,2016-04-18 02:00:00,0,78,2
4388161847,2016-04-18 03:00:00,0,78,3
4388161847,2016-04-18 04:00:00,0,78,4
4388161847,2016-04-18 05:00:00,0,78,5
4388161847,2016-04-18 06:00:00,195,103,6
4388161847,2016-04-18 07:00:00,654,149,7
4388161847,2016-04-18 08:00:00,200,114,8
4388161847,2016-04-18 09:00:00,193,107,9
4388161847,2016-04-18 10:00:00,495,121,10
4388161847,2016-04-18 11:00:00,228,116,11
4388161847,2016-04-18 12:00:00,232,112,12
4388161847,2016-04-18 13:00:00,315,114,13
4388161847,2016-04-18 14:00:00,169,104,14
4388161847,2016-04-18 15:00:00,291,111,15
4388161847,2016-04-18 16:00:00,3253,374,16
4388161847,2016-04-18 17:00:00,1914,346,17
4388161847,2016-04-18 18:00:00,871,266,18
4388161847,2016-04-18 19:00:00,558,170,19
4388161847,2016-04-18 20:00:00,1387,224,20
4388161847,2016-04-18 21:00:00,25,97,21
4388161847,2016-04-18 22:00:00,11,92,22
4388161847,2016-04-18 23:00:00,18,85,23
4388161847,2016-04-19 00:00:00,0,78,0
4388161847,2016-04-19 01:00:00,7,80,1
4388161847,2016-04-19 02:00:00,0,78,2
4388161847,2016-04-19 03:00:00,0,79,3
4388161847,2016-04-19 04:00:00,75,90,4
4388161847,2016-04-19 05:00:00,1717,259,5
4388161847,2016-04-19 06:00:00,2438,300,6
4388161847,2016-04-19 07:00:00,462,127,7
4388161847,2016-04-19 08:00:00,237,110,8
4388161847,2016-04-19 09:00:00,308,115,9
4388161847,2016-04-19 10:00:00,488,126,10
4388161847,2016-04-19 11:00:00,140,99,11
4388161847,2016-04-19 12:00:00,420,116,12
4388161847,2016-04-19 13:00:00,179,99,13
4388161847,2016-04-19 14:00:00,338,110,14
4388161847,2016-04-19 15:00:00,150,99,15
4388161847,2016-04-19 16:00:00,1053,178,16
4388161847,2016-04-19 17:00:00,544,153,17
4388161847,2016-04-19 18:00:00,391,150,18
4388161847,2016-04-19 19:00:00,91,106,19
4388161847,2016-04-19 20:00:00,553,164,20
4388161847,2016-04-19 21:00:00,561,134,21
4388161847,2016-04-19 22:00:00,23,86,22
4388161847,2016-04-19 23:00:00,6,80,23
4388161847,2016-04-20 00:00:00,0,78,0
4388161847,2016-04-20 01:00:00,17,83,1
4388161847,2016-04-20 02:00:00,0,80,2
4388161847,2016-04-20 03:00:00,0,79,3
4388161847,2016-04-20 04:00:00,13,82,4
4388161847,2016-04-20 05:00:00,1079,220,5
4388161847,2016-04-20 06:00:00,2114,300,6
4388161847,2016-04-20 07:00:00,257,121,7
4388161847,2016-04-20 08:00:00,189,103,8
4388161847,2016-04-20 09:00:00,122,99,9
4388161847,2016-04-20 10:00:00,554,135,10
4388161847,2016-04-20 11:00:00,162,106,11
4388161847,2016-04-20 12:00:00,413,121,12
4388161847,2016-04-20 13:00:00,344,114,13
4388161847,2016-04-20 14:00:00,0,83,14
4388161847,2016-04-20 15:00:00,334,112,15
4388161847,2016-04-20 16:00:00,870,168,16
4388161847,2016-04-20 17:00:00,1656,255,17
4388161847,2016-04-20 18:00:00,176,116,18
4388161847,2016-04-20 19:00:00,1713,222,19
4388161847,2016-04-20 20:00:00,440,148,20
4388161847,2016-04-20 21:00:00,80,94,21
4388161847,2016-04-20 22:00:00,20,87,22
4388161847,2016-04-20 23:00:00,0,79,23
4388161847,2016-04-21 00:00:00,0,78,0
4388161847,2016-04-21 01:00:00,6,80,1
4388161847,2016-04-21 02:00:00,16,83,2
4388161847,2016-04-21 03:00:00,0,79,3
4388161847,2016-04-21 04:00:00,0,79,4
4388161847,2016-04-21 05:00:00,603,170,5
4388161847,2016-04-21 06:00:00,1437,229,6
4388161847,2016-04-21 07:00:00,325,110,7
4388161847,2016-04-21 08:00:00,222,103,8
4388161847,2016-04-21 09:00:00,35,91,9
4388161847,2016-04-21 10:00:00,443,123,10
4388161847,2016-04-21 11:00:00,249,106,11
4388161847,2016-04-21 12:00:00,464,125,12
4388161847,2016-04-21 13:00:00,190,101,13
4388161847,2016-04-21 14:00:00,177,99,14
4388161847,2016-04-21 15:00:00,195,107,15
4388161847,2016-04-21 16:00:00,1068,183,16
4388161847,2016-04-21 17:00:00,95,121,17
4388161847,2016-04-21 18:00:00,1616,283,18
4388161847,2016-04-21 19:00:00,1488,256,19
4388161847,2016-04-21 20:00:00,1394,221,20
4388161847,2016-04-21 21:00:00,32,87,21
4388161847,2016-04-21 22:00:00,0,78,22
4388161847,2016-04-21 23:00:00,0,78,23
4388161847,2016-04-22 00:00:00,0,78,0
4388161847,2016-04-22 01:00:00,0,78,1
4388161847,2016-04-22 02:00:00,0,78,2
4388161847,2016-04-22 03:00:00,0,78,3
4388161847,2016-04-22 04:00:00,0,78,4
4388161847,2016-04-22 05:00:00,0,78,5
4388161847,2016-04-22 06:00:00,528,462,6
4388161847,2016-04-22 07:00:00,619,141,7
4388161847,2016-04-22 08:00:00,2503,317,8
4388161847,2016-04-22 09:00:00,2203,260,9
4388161847,2016-04-22 10:00:00,1035,186,10
4388161847,2016-04-22 11:00:00,56,105,11
4388161847,2016-04-22 12:00:00,409,138,12
4388161847,2016-04-22 13:00:00,9,102,13
4388161847,2016-04-22 14:00:00,150,122,14
4388161847,2016-04-22 15:00:00,542,161,15
4388161847,2016-04-22 16:00:00,9,100,16
4388161847,2016-04-22 17:00:00,338,136,17
4388161847,2016-04-22 18:00:00,2985,321,18
4388161847,2016-04-22 19:00:00,355,129,19
4388161847,2016-04-22 20:00:00,192,109,20
4388161847,2016-04-22 21:00:00,0,93,21
4388161847,2016-04-22 22:00:00,197,108,22
4388161847,2016-04-22 23:00:00,9,84,23
4388161847,2016-04-23 00:00:00,22,83,0
4388161847,2016-04-23 01:00:00,0,78,1
4388161847,2016-04-23 02:00:00,0,79,2
4388161847,2016-04-23 03:00:00,4,81,3
4388161847,2016-04-23 04:00:00,0,79,4
4388161847,2016-04-23 05:00:00,0,79,5
4388161847,2016-04-23 06:00:00,42,89,6
4388161847,2016-04-23 07:00:00,14,87,7
4388161847,2016-04-23 08:00:00,71,96,8
4388161847,2016-04-23 09:00:00,6,85,9
4388161847,2016-04-23 10:00:00,829,168,10
4388161847,2016-04-23 11:00:00,1343,197,11
4388161847,2016-04-23 12:00:00,863,168,12
4388161847,2016-04-23 13:00:00,2925,314,13
4388161847,2016-04-23 14:00:00,5237,592,14
4388161847,2016-04-23 15:00:00,575,142,15
4388161847,2016-04-23 16:00:00,39,107,16
4388161847,2016-04-23 17:00:00,30,109,17
4388161847,2016-04-23 18:00:00,574,158,18
4388161847,2016-04-23 19:00:00,181,109,19
4388161847,2016-04-23 20:00:00,106,103,20
4388161847,2016-04-23 21:00:00,24,84,21
4388161847,2016-04-23 22:00:00,347,130,22
4388161847,2016-04-23 23:00:00,4,94,23
4388161847,2016-04-24 00:00:00,9,82,0
4388161847,2016-04-24 01:00:00,14,83,1
4388161847,2016-04-24 02:00:00,0,79,2
4388161847,2016-04-24 03:00:00,9,81,3
4388161847,2016-04-24 04:00:00,0,79,4
4388161847,2016-04-24 05:00:00,9,81,5
4388161847,2016-04-24 06:00:00,420,133,6
4388161847,2016-04-24 07:00:00,22,86,7
4388161847,2016-04-24 08:00:00,312,112,8
4388161847,2016-04-24 09:00:00,0,79,9
4388161847,2016-04-24 10:00:00,253,108,10
4388161847,2016-04-24 11:00:00,72,92,11
4388161847,2016-04-24 12:00:00,939,171,12
4388161847,2016-04-24 13:00:00,966,187,13
4388161847,2016-04-24 14:00:00,2228,251,14
4388161847,2016-04-24 15:00:00,1708,216,15
4388161847,2016-04-24 16:00:00,28,83,16
4388161847,2016-04-24 17:00:00,0,79,17
4388161847,2016-04-24 18:00:00,613,157,18
4388161847,2016-04-24 19:00:00,215,108,19
4388161847,2016-04-24 20:00:00,2235,266,20
4388161847,2016-04-24 21:00:00,191,110,21
4388161847,2016-04-24 22:00:00,0,81,22
4388161847,2016-04-24 23:00:00,0,78,23
4388161847,2016-04-25 00:00:00,0,78,0
4388161847,2016-04-25 01:00:00,0,78,1
4388161847,2016-04-25 02:00:00,0,78,2
4388161847,2016-04-25 03:00:00,0,78,3
4388161847,2016-04-25 04:00:00,0,78,4
4388161847,2016-04-25 05:00:00,595,163,5
4388161847,2016-04-25 06:00:00,659,161,6
4388161847,2016-04-25 07:00:00,826,152,7
4388161847,2016-04-25 08:00:00,104,104,8
4388161847,2016-04-25 09:00:00,474,126,9
4388161847,2016-04-25 10:00:00,262,105,10
4388161847,2016-04-25 11:00:00,459,127,11
4388161847,2016-04-25 12:00:00,335,120,12
4388161847,2016-04-25 13:00:00,189,101,13
4388161847,2016-04-25 14:00:00,295,107,14
4388161847,2016-04-25 15:00:00,455,122,15
4388161847,2016-04-25 16:00:00,981,180,16
4388161847,2016-04-25 17:00:00,2238,304,17
4388161847,2016-04-25 18:00:00,667,159,18
4388161847,2016-04-25 19:00:00,1501,240,19
4388161847,2016-04-25 20:00:00,2349,309,20
4388161847,2016-04-25 21:00:00,511,144,21
4388161847,2016-04-25 22:00:00,46,90,22
4388161847,2016-04-25 23:00:00,15,83,23
4388161847,2016-04-26 00:00:00,0,79,0
4388161847,2016-04-26 01:00:00,0,79,1
4388161847,2016-04-26 02:00:00,4,80,2
4388161847,2016-04-26 03:00:00,11,81,3
4388161847,2016-04-26 04:00:00,14,84,4
4388161847,2016-04-26 05:00:00,838,202,5
4388161847,2016-04-26 06:00:00,2662,307,6
4388161847,2016-04-26 07:00:00,630,149,7
4388161847,2016-04-26 08:00:00,122,101,8
4388161847,2016-04-26 09:00:00,407,125,9
4388161847,2016-04-26 10:00:00,631,139,10
4388161847,2016-04-26 11:00:00,383,119,11
4388161847,2016-04-26 12:00:00,414,131,12
4388161847,2016-04-26 13:00:00,279,107,13
4388161847,2016-04-26 14:00:00,369,118,14
4388161847,2016-04-26 15:00:00,435,123,15
4388161847,2016-04-26 16:00:00,571,131,16
4388161847,2016-04-26 17:00:00,1046,191,17
4388161847,2016-04-26 18:00:00,219,115,18
4388161847,2016-04-26 19:00:00,74,94,19
4388161847,2016-04-26 20:00:00,320,123,20
4388161847,2016-04-26 21:00:00,15,88,21
4388161847,2016-04-26 22:00:00,6,81,22
4388161847,2016-04-26 23:00:00,11,83,23
4388161847,2016-04-27 00:00:00,7,80,0
4388161847,2016-04-27 01:00:00,12,80,1
4388161847,2016-04-27 02:00:00,41,85,2
4388161847,2016-04-27 03:00:00,8,80,3
4388161847,2016-04-27 04:00:00,0,79,4
4388161847,2016-04-27 05:00:00,329,150,5
4388161847,2016-04-27 06:00:00,939,168,6
4388161847,2016-04-27 07:00:00,225,106,7
4388161847,2016-04-27 08:00:00,156,97,8
4388161847,2016-04-27 09:00:00,145,99,9
4388161847,2016-04-27 10:00:00,450,117,10
4388161847,2016-04-27 11:00:00,496,128,11
4388161847,2016-04-27 12:00:00,516,138,12
4388161847,2016-04-27 13:00:00,28,90,13
4388161847,2016-04-27 14:00:00,347,112,14
4388161847,2016-04-27 15:00:00,284,112,15
4388161847,2016-04-27 16:00:00,856,178,16
4388161847,2016-04-27 17:00:00,1183,222,17
4388161847,2016-04-27 18:00:00,4037,398,18
4388161847,2016-04-27 19:00:00,447,143,19
4388161847,2016-04-27 20:00:00,357,123,20
4388161847,2016-04-27 21:00:00,304,114,21
4388161847,2016-04-27 22:00:00,12,86,22
4388161847,2016-04-27 23:00:00,14,88,23
4388161847,2016-04-28 00:00:00,0,79,0
4388161847,2016-04-28 01:00:00,0,79,1
4388161847,2016-04-28 02:00:00,10,80,2
4388161847,2016-04-28 03:00:00,0,79,3
4388161847,2016-04-28 04:00:00,8,80,4
4388161847,2016-04-28 05:00:00,1305,226,5
4388161847,2016-04-28 06:00:00,2267,286,6
4388161847,2016-04-28 07:00:00,733,150,7
4388161847,2016-04-28 08:00:00,265,118,8
4388161847,2016-04-28 09:00:00,52,94,9
4388161847,2016-04-28 10:00:00,491,132,10
4388161847,2016-04-28 11:00:00,593,136,11
4388161847,2016-04-28 12:00:00,243,104,12
4388161847,2016-04-28 13:00:00,301,118,13
4388161847,2016-04-28 14:00:00,173,104,14
4388161847,2016-04-28 15:00:00,191,103,15
4388161847,2016-04-28 16:00:00,1251,204,16
4388161847,2016-04-28 17:00:00,1180,196,17
4388161847,2016-04-28 18:00:00,680,153,18
4388161847,2016-04-28 19:00:00,178,111,19
4388161847,2016-04-28 20:00:00,153,102,20
4388161847,2016-04-28 21:00:00,0,78,21
4388161847,2016-04-28 22:00:00,0,78,22
4388161847,2016-04-28 23:00:00,0,78,23
4388161847,2016-04-29 00:00:00,0,78,0
4388161847,2016-04-29 01:00:00,0,78,1
4388161847,2016-04-29 02:00:00,0,78,2
4388161847,2016-04-29 03:00:00,0,78,3
4388161847,2016-04-29 04:00:00,0,78,4
4388161847,2016-04-29 05:00:00,1015,206,5
4388161847,2016-04-29 06:00:00,2168,286,6
4388161847,2016-04-29 07:00:00,795,157,7
4388161847,2016-04-29 08:00:00,178,100,8
4388161847,2016-04-29 09:00:00,242,107,9
4388161847,2016-04-29 10:00:00,306,113,10
4388161847,2016-04-29 11:00:00,210,102,11
4388161847,2016-04-29 12:00:00,355,115,12
4388161847,2016-04-29 13:00:00,316,113,13
4388161847,2016-04-29 14:00:00,543,130,14
4388161847,2016-04-29 15:00:00,25,104,15
4388161847,2016-04-29 16:00:00,44,114,16
4388161847,2016-04-29 17:00:00,894,180,17
4388161847,2016-04-29 18:00:00,726,160,18
4388161847,2016-04-29 19:00:00,162,112,19
4388161847,2016-04-29 20:00:00,946,180,20
4388161847,2016-04-29 21:00:00,45,104,21
4388161847,2016-04-29 22:00:00,246,118,22
4388161847,2016-04-29 23:00:00,16,87,23
4388161847,2016-04-30 00:00:00,6,82,0
4388161847,2016-04-30 01:00:00,7,81,1
4388161847,2016-04-30 02:00:00,11,82,2
4388161847,2016-04-30 03:00:00,11,81,3
4388161847,2016-04-30 04:00:00,0,79,4
4388161847,2016-04-30 05:00:00,24,83,5
4388161847,2016-04-30 06:00:00,185,103,6
4388161847,2016-04-30 07:00:00,189,100,7
4388161847,2016-04-30 08:00:00,0,81,8
4388161847,2016-04-30 09:00:00,1349,211,9
4388161847,2016-04-30 10:00:00,247,126,10
4388161847,2016-04-30 11:00:00,2916,366,11
4388161847,2016-04-30 12:00:00,2355,313,12
4388161847,2016-04-30 13:00:00,1073,203,13
4388161847,2016-04-30 14:00:00,35,84,14
4388161847,2016-04-30 15:00:00,134,97,15
4388161847,2016-04-30 16:00:00,1016,181,16
4388161847,2016-04-30 17:00:00,269,111,17
4388161847,2016-04-30 18:00:00,746,168,18
4388161847,2016-04-30 19:00:00,328,117,19
4388161847,2016-04-30 20:00:00,1245,233,20
4388161847,2016-04-30 21:00:00,353,135,21
4388161847,2016-04-30 22:00:00,11,83,22
4388161847,2016-04-30 23:00:00,23,84,23
4388161847,2016-05-01 00:00:00,20,81,0
4388161847,2016-05-01 01:00:00,51,89,1
4388161847,2016-05-01 02:00:00,0,78,2
4388161847,2016-05-01 03:00:00,5,81,3
4388161847,2016-05-01 04:00:00,0,78,4
4388161847,2016-05-01 05:00:00,0,78,5
4388161847,2016-05-01 06:00:00,0,79,6
4388161847,2016-05-01 07:00:00,21,83,7
4388161847,2016-05-01 08:00:00,2564,273,8
4388161847,2016-05-01 09:00:00,201,109,9
4388161847,2016-05-01 10:00:00,1238,186,10
4388161847,2016-05-01 11:00:00,846,165,11
4388161847,2016-05-01 12:00:00,914,176,12
4388161847,2016-05-01 13:00:00,904,170,13
4388161847,2016-05-01 14:00:00,21,83,14
4388161847,2016-05-01 15:00:00,1214,202,15
4388161847,2016-05-01 16:00:00,362,114,16
4388161847,2016-05-01 17:00:00,477,141,17
4388161847,2016-05-01 18:00:00,142,114,18
4388161847,2016-05-01 19:00:00,831,168,19
4388161847,2016-05-01 20:00:00,181,106,20
4388161847,2016-05-01 21:00:00,78,94,21
4388161847,2016-05-01 22:00:00,185,100,22
4388161847,2016-05-01 23:00:00,0,78,23
4388161847,2016-05-02 00:00:00,73,94,0
4388161847,2016-05-02 01:00:00,9,81,1
4388161847,2016-05-02 02:00:00,0,79,2
4388161847,2016-05-02 03:00:00,0,79,3
4388161847,2016-05-02 04:00:00,0,78,4
4388161847,2016-05-02 05:00:00,137,99,5
4388161847,2016-05-02 06:00:00,712,182,6
4388161847,2016-05-02 07:00:00,698,152,7
4388161847,2016-05-02 08:00:00,130,103,8
4388161847,2016-05-02 09:00:00,201,103,9
4388161847,2016-05-02 10:00:00,411,115,10
4388161847,2016-05-02 11:00:00,231,106,11
4388161847,2016-05-02 12:00:00,437,117,12
4388161847,2016-05-02 13:00:00,201,109,13
4388161847,2016-05-02 14:00:00,139,98,14
4388161847,2016-05-02 15:00:00,180,99,15
4388161847,2016-05-02 16:00:00,915,182,16
4388161847,2016-05-02 17:00:00,665,161,17
4388161847,2016-05-02 18:00:00,4273,536,18
4388161847,2016-05-02 19:00:00,322,176,19
4388161847,2016-05-02 20:00:00,181,123,20
4388161847,2016-05-02 21:00:00,181,118,21
4388161847,2016-05-02 22:00:00,0,78,22
4388161847,2016-05-02 23:00:00,0,78,23
4388161847,2016-05-03 00:00:00,0,78,0
4388161847,2016-05-03 01:00:00,0,78,1
4388161847,2016-05-03 02:00:00,0,78,2
4388161847,2016-05-03 03:00:00,0,78,3
4388161847,2016-05-03 04:00:00,0,78,4
4388161847,2016-05-03 05:00:00,1620,310,5
4388161847,2016-05-03 06:00:00,2252,280,6
4388161847,2016-05-03 07:00:00,457,129,7
4388161847,2016-05-03 08:00:00,255,109,8
4388161847,2016-05-03 09:00:00,530,133,9
4388161847,2016-05-03 10:00:00,232,107,10
4388161847,2016-05-03 11:00:00,403,121,11
4388161847,2016-05-03 12:00:00,513,129,12
4388161847,2016-05-03 13:00:00,91,99,13
4388161847,2016-05-03 14:00:00,257,106,14
4388161847,2016-05-03 15:00:00,195,104,15
4388161847,2016-05-03 16:00:00,941,184,16
4388161847,2016-05-03 17:00:00,1139,217,17
4388161847,2016-05-03 18:00:00,1968,283,18
4388161847,2016-05-03 19:00:00,1228,197,19
4388161847,2016-05-03 20:00:00,325,123,20
4388161847,2016-05-03 21:00:00,313,109,21
4388161847,2016-05-03 22:00:00,0,79,22
4388161847,2016-05-03 23:00:00,8,80,23
4388161847,2016-05-04 00:00:00,12,82,0
4388161847,2016-05-04 01:00:00,0,79,1
4388161847,2016-05-04 02:00:00,49,90,2
4388161847,2016-05-04 03:00:00,0,78,3
4388161847,2016-05-04 04:00:00,0,79,4
4388161847,2016-05-04 05:00:00,803,170,5
4388161847,2016-05-04 06:00:00,1720,254,6
4388161847,2016-05-04 07:00:00,707,136,7
4388161847,2016-05-04 08:00:00,216,105,8
4388161847,2016-05-04 09:00:00,391,124,9
4388161847,2016-05-04 10:00:00,554,126,10
4388161847,2016-05-04 11:00:00,420,125,11
4388161847,2016-05-04 12:00:00,537,138,12
4388161847,2016-05-04 13:00:00,188,109,13
4388161847,2016-05-04 14:00:00,223,105,14
4388161847,2016-05-04 15:00:00,161,98,15
4388161847,2016-05-04 16:00:00,1022,200,16
4388161847,2016-05-04 17:00:00,3803,392,17
4388161847,2016-05-04 18:00:00,764,172,18
4388161847,2016-05-04 19:00:00,370,124,19
4388161847,2016-05-04 20:00:00,371,125,20
4388161847,2016-05-04 21:00:00,0,80,21
4388161847,2016-05-04 22:00:00,64,92,22
4388161847,2016-05-04 23:00:00,0,79,23
4388161847,2016-05-05 00:00:00,0,79,0
4388161847,2016-05-05 01:00:00,0,78,1
4388161847,2016-05-05 02:00:00,11,81,2
4388161847,2016-05-05 03:00:00,36,95,3
4388161847,2016-05-05 04:00:00,0,79,4
4388161847,2016-05-05 05:00:00,582,156,5
4388161847,2016-05-05 06:00:00,2160,275,6
4388161847,2016-05-05 07:00:00,488,125,7
4388161847,2016-05-05 08:00:00,381,118,8
4388161847,2016-05-05 09:00:00,44,88,9
4388161847,2016-05-05 10:00:00,408,113,10
4388161847,2016-05-05 11:00:00,344,111,11
4388161847,2016-05-05 12:00:00,557,128,12
4388161847,2016-05-05 13:00:00,130,94,13
4388161847,2016-05-05 14:00:00,241,106,14
4388161847,2016-05-05 15:00:00,416,119,15
4388161847,2016-05-05 16:00:00,1259,229,16
4388161847,2016-05-05 17:00:00,1388,225,17
4388161847,2016-05-05 18:00:00,387,121,18
4388161847,2016-05-05 19:00:00,534,135,19
4388161847,2016-05-05 20:00:00,237,110,20
4388161847,2016-05-05 21:00:00,0,78,21
4388161847,2016-05-05 22:00:00,0,78,22
4388161847,2016-05-05 23:00:00,0,78,23
4388161847,2016-05-06 00:00:00,0,78,0
4388161847,2016-05-06 01:00:00,0,78,1
4388161847,2016-05-06 02:00:00,0,78,2
4388161847,2016-05-06 03:00:00,263,119,3
4388161847,2016-05-06 04:00:00,441,141,4
4388161847,2016-05-06 05:00:00,2844,390,5
4388161847,2016-05-06 06:00:00,1560,225,6
4388161847,2016-05-06 07:00:00,712,143,7
4388161847,2016-05-06 08:00:00,213,108,8
4388161847,2016-05-06 09:00:00,258,113,9
4388161847,2016-05-06 10:00:00,787,156,10
4388161847,2016-05-06 11:00:00,302,114,11
4388161847,2016-05-06 12:00:00,255,118,12
4388161847,2016-05-06 13:00:00,158,99,13
4388161847,2016-05-06 14:00:00,211,104,14
4388161847,2016-05-06 15:00:00,430,124,15
4388161847,2016-05-06 16:00:00,524,150,16
4388161847,2016-05-06 17:00:00,19,122,17
4388161847,2016-05-06 18:00:00,442,148,18
4388161847,2016-05-06 19:00:00,92,115,19
4388161847,2016-05-06 20:00:00,2715,339,20
4388161847,2016-05-06 21:00:00,936,181,21
4388161847,2016-05-06 22:00:00,13,92,22
4388161847,2016-05-06 23:00:00,0,88,23
4388161847,2016-05-07 00:00:00,6,82,0
4388161847,2016-05-07 01:00:00,26,86,1
4388161847,2016-05-07 02:00:00,0,80,2
4388161847,2016-05-07 03:00:00,0,79,3
4388161847,2016-05-07 04:00:00,0,79,4
4388161847,2016-05-07 05:00:00,0,79,5
4388161847,2016-05-07 06:00:00,0,78,6
4388161847,2016-05-07 07:00:00,4,80,7
4388161847,2016-05-07 08:00:00,947,161,8
4388161847,2016-05-07 09:00:00,3345,330,9
4388161847,2016-05-07 10:00:00,650,155,10
4388161847,2016-05-07 11:00:00,1972,284,11
4388161847,2016-05-07 12:00:00,4167,436,12
4388161847,2016-05-07 13:00:00,695,184,13
4388161847,2016-05-07 14:00:00,0,87,14
4388161847,2016-05-07 15:00:00,149,92,15
4388161847,2016-05-07 16:00:00,3735,394,16
4388161847,2016-05-07 17:00:00,1838,279,17
4388161847,2016-05-07 18:00:00,676,155,18
4388161847,2016-05-07 19:00:00,1853,226,19
4388161847,2016-05-07 20:00:00,1991,252,20
4388161847,2016-05-07 21:00:00,413,139,21
4388161847,2016-05-07 22:00:00,287,122,22
4388161847,2016-05-07 23:00:00,16,83,23
4388161847,2016-05-08 00:00:00,10,81,0
4388161847,2016-05-08 01:00:00,0,79,1
4388161847,2016-05-08 02:00:00,9,80,2
4388161847,2016-05-08 03:00:00,0,79,3
4388161847,2016-05-08 04:00:00,0,79,4
4388161847,2016-05-08 05:00:00,0,79,5
4388161847,2016-05-08 06:00:00,0,79,6
4388161847,2016-05-08 07:00:00,0,79,7
4388161847,2016-05-08 08:00:00,292,110,8
4388161847,2016-05-08 09:00:00,304,113,9
4388161847,2016-05-08 10:00:00,2772,361,10
4388161847,2016-05-08 11:00:00,0,92,11
4388161847,2016-05-08 12:00:00,393,129,12
4388161847,2016-05-08 13:00:00,3075,417,13
4388161847,2016-05-08 14:00:00,1304,271,14
4388161847,2016-05-08 15:00:00,381,153,15
4388161847,2016-05-08 16:00:00,133,123,16
4388161847,2016-05-08 17:00:00,951,208,17
4388161847,2016-05-08 18:00:00,256,138,18
4388161847,2016-05-08 19:00:00,4770,567,19
4388161847,2016-05-08 20:00:00,2503,366,20
4388161847,2016-05-08 21:00:00,145,96,21
4388161847,2016-05-08 22:00:00,0,78,22
4388161847,2016-05-08 23:00:00,0,78,23
4388161847,2016-05-09 00:00:00,0,78,0
4388161847,2016-05-09 01:00:00,0,78,1
4388161847,2016-05-09 02:00:00,0,78,2
4388161847,2016-05-09 03:00:00,0,78,3
4388161847,2016-05-09 04:00:00,0,78,4
4388161847,2016-05-09 05:00:00,611,167,5
4388161847,2016-05-09 06:00:00,1558,260,6
4388161847,2016-05-09 07:00:00,556,126,7
4388161847,2016-05-09 08:00:00,223,109,8
4388161847,2016-05-09 09:00:00,269,107,9
4388161847,2016-05-09 10:00:00,319,114,10
4388161847,2016-05-09 11:00:00,373,113,11
4388161847,2016-05-09 12:00:00,373,119,12
4388161847,2016-05-09 13:00:00,198,106,13
4388161847,2016-05-09 14:00:00,117,99,14
4388161847,2016-05-09 15:00:00,372,114,15
4388161847,2016-05-09 16:00:00,914,177,16
4388161847,2016-05-09 17:00:00,953,196,17
4388161847,2016-05-09 18:00:00,989,186,18
4388161847,2016-05-09 19:00:00,2188,274,19
4388161847,2016-05-09 20:00:00,119,98,20
4388161847,2016-05-09 21:00:00,43,87,21
4388161847,2016-05-09 22:00:00,28,88,22
4388161847,2016-05-09 23:00:00,15,82,23
4388161847,2016-05-10 00:00:00,8,80,0
4388161847,2016-05-10 01:00:00,0,79,1
4388161847,2016-05-10 02:00:00,8,80,2
4388161847,2016-05-10 03:00:00,12,81,3
4388161847,2016-05-10 04:00:00,0,79,4
4388161847,2016-05-10 05:00:00,1887,273,5
4388161847,2016-05-10 06:00:00,1533,248,6
4388161847,2016-05-10 07:00:00,336,127,7
4388161847,2016-05-10 08:00:00,920,161,8
4388161847,2016-05-10 09:00:00,36,105,9
4388161847,2016-05-10 10:00:00,285,129,10
4388161847,2016-05-10 11:00:00,586,142,11
4388161847,2016-05-10 12:00:00,248,112,12
4388161847,2016-05-10 13:00:00,416,119,13
4388161847,2016-05-10 14:00:00,126,95,14
4388161847,2016-05-10 15:00:00,295,112,15
4388161847,2016-05-10 16:00:00,76,97,16
4388161847,2016-05-10 17:00:00,1078,195,17
4388161847,2016-05-10 18:00:00,721,176,18
4388161847,2016-05-10 19:00:00,1430,212,19
4388161847,2016-05-10 20:00:00,298,120,20
4388161847,2016-05-10 21:00:00,0,79,21
4388161847,2016-05-10 22:00:00,0,79,22
4388161847,2016-05-10 23:00:00,0,79,23
4388161847,2016-05-11 00:00:00,0,79,0
4388161847,2016-05-11 01:00:00,0,79,1
4388161847,2016-05-11 02:00:00,0,79,2
4388161847,2016-05-11 03:00:00,0,79,3
4388161847,2016-05-11 04:00:00,4,80,4
4388161847,2016-05-11 05:00:00,591,162,5
4388161847,2016-05-11 06:00:00,1938,266,6
4388161847,2016-05-11 07:00:00,747,142,7
4388161847,2016-05-11 08:00:00,364,119,8
4388161847,2016-05-11 09:00:00,175,99,9
4388161847,2016-05-11 10:00:00,642,140,10
4388161847,2016-05-11 11:00:00,252,108,11
4388161847,2016-05-11 12:00:00,566,133,12
4388161847,2016-05-11 13:00:00,458,122,13
4388161847,2016-05-11 14:00:00,147,100,14
4388161847,2016-05-11 15:00:00,365,121,15
4388161847,2016-05-11 16:00:00,1050,177,16
4388161847,2016-05-11 17:00:00,1280,216,17
4388161847,2016-05-11 18:00:00,310,119,18
4388161847,2016-05-11 19:00:00,688,162,19
4388161847,2016-05-11 20:00:00,624,138,20
4388161847,2016-05-11 21:00:00,0,78,21
4388161847,2016-05-11 22:00:00,0,78,22
4388161847,2016-05-11 23:00:00,0,78,23
4388161847,2016-05-12 00:00:00,0,78,0
4388161847,2016-05-12 01:00:00,0,78,1
4388161847,2016-05-12 02:00:00,0,78,2
4388161847,2016-05-12 03:00:00,0,78,3
4388161847,2016-05-12 04:00:00,0,78,4
4388161847,2016-05-12 05:00:00,0,78,5
4388161847,2016-05-12 06:00:00,161,104,6
4388161847,2016-05-12 07:00:00,594,164,7
4388161847,2016-05-12 08:00:00,120,101,8
4388161847,2016-05-12 09:00:00,186,107,9
4388161847,2016-05-12 10:00:00,182,101,10
4388161847,2016-05-12 11:00:00,398,120,11
4388161847,2016-05-12 12:00:00,799,157,12
4388161847,2016-05-12 13:00:00,326,114,13
4388161847,2016-05-12 14:00:00,313,117,14
4445114986,2016-04-12 00:00:00,0,70,0
4445114986,2016-04-12 01:00:00,88,85,1
4445114986,2016-04-12 02:00:00,0,69,2
4445114986,2016-04-12 03:00:00,42,72,3
4445114986,2016-04-12 04:00:00,15,73,4
4445114986,2016-04-12 05:00:00,0,69,5
4445114986,2016-04-12 06:00:00,0,69,6
4445114986,2016-04-12 07:00:00,73,81,7
4445114986,2016-04-12 08:00:00,60,82,8
4445114986,2016-04-12 09:00:00,0,70,9
4445114986,2016-04-12 10:00:00,6,71,10
4445114986,2016-04-12 11:00:00,171,97,11
4445114986,2016-04-12 12:00:00,197,93,12
4445114986,2016-04-12 13:00:00,436,130,13
4445114986,2016-04-12 14:00:00,81,85,14
4445114986,2016-04-12 15:00:00,332,115,15
4445114986,2016-04-12 16:00:00,399,108,16
4445114986,2016-04-12 17:00:00,400,124,17
4445114986,2016-04-12 18:00:00,100,89,18
4445114986,2016-04-12 19:00:00,321,114,19
4445114986,2016-04-12 20:00:00,401,120,20
4445114986,2016-04-12 21:00:00,134,85,21
4445114986,2016-04-12 22:00:00,0,70,22
4445114986,2016-04-12 23:00:00,20,74,23
4445114986,2016-04-13 00:00:00,0,69,0
4445114986,2016-04-13 01:00:00,0,69,1
4445114986,2016-04-13 02:00:00,0,69,2
4445114986,2016-04-13 03:00:00,0,69,3
4445114986,2016-04-13 04:00:00,50,76,4
4445114986,2016-04-13 05:00:00,0,70,5
4445114986,2016-04-13 06:00:00,0,69,6
4445114986,2016-04-13 07:00:00,33,75,7
4445114986,2016-04-13 08:00:00,0,71,8
4445114986,2016-04-13 09:00:00,14,72,9
4445114986,2016-04-13 10:00:00,0,70,10
4445114986,2016-04-13 11:00:00,157,96,11
4445114986,2016-04-13 12:00:00,178,100,12
4445114986,2016-04-13 13:00:00,101,83,13
4445114986,2016-04-13 14:00:00,166,97,14
4445114986,2016-04-13 15:00:00,214,99,15
4445114986,2016-04-13 16:00:00,254,107,16
4445114986,2016-04-13 17:00:00,440,128,17
4445114986,2016-04-13 18:00:00,410,118,18
4445114986,2016-04-13 19:00:00,82,87,19
4445114986,2016-04-13 20:00:00,243,103,20
4445114986,2016-04-13 21:00:00,48,78,21
4445114986,2016-04-13 22:00:00,195,99,22
4445114986,2016-04-13 23:00:00,376,122,23
4445114986,2016-04-14 00:00:00,173,95,0
4445114986,2016-04-14 01:00:00,56,78,1
4445114986,2016-04-14 02:00:00,109,86,2
4445114986,2016-04-14 03:00:00,0,69,3
4445114986,2016-04-14 04:00:00,0,69,4
4445114986,2016-04-14 05:00:00,8,71,5
4445114986,2016-04-14 06:00:00,0,69,6
4445114986,2016-04-14 07:00:00,0,69,7
4445114986,2016-04-14 08:00:00,0,69,8
4445114986,2016-04-14 09:00:00,13,73,9
4445114986,2016-04-14 10:00:00,0,69,10
4445114986,2016-04-14 11:00:00,31,78,11
4445114986,2016-04-14 12:00:00,164,95,12
4445114986,2016-04-14 13:00:00,156,98,13
4445114986,2016-04-14 14:00:00,118,92,14
4445114986,2016-04-14 15:00:00,489,129,15
4445114986,2016-04-14 16:00:00,265,104,16
4445114986,2016-04-14 17:00:00,503,130,17
4445114986,2016-04-14 18:00:00,286,101,18
4445114986,2016-04-14 19:00:00,222,107,19
4445114986,2016-04-14 20:00:00,395,113,20
4445114986,2016-04-14 21:00:00,230,102,21
4445114986,2016-04-14 22:00:00,493,124,22
4445114986,2016-04-14 23:00:00,263,101,23
4445114986,2016-04-15 00:00:00,312,107,0
4445114986,2016-04-15 01:00:00,16,73,1
4445114986,2016-04-15 02:00:00,6,71,2
4445114986,2016-04-15 03:00:00,13,71,3
4445114986,2016-04-15 04:00:00,0,69,4
4445114986,2016-04-15 05:00:00,0,69,5
4445114986,2016-04-15 06:00:00,0,70,6
4445114986,2016-04-15 07:00:00,66,77,7
4445114986,2016-04-15 08:00:00,271,110,8
4445114986,2016-04-15 09:00:00,225,88,9
4445114986,2016-04-15 10:00:00,318,112,10
4445114986,2016-04-15 11:00:00,408,114,11
4445114986,2016-04-15 12:00:00,355,115,12
4445114986,2016-04-15 13:00:00,684,126,13
4445114986,2016-04-15 14:00:00,743,138,14
4445114986,2016-04-15 15:00:00,594,136,15
4445114986,2016-04-15 16:00:00,788,156,16
4445114986,2016-04-15 17:00:00,345,120,17
4445114986,2016-04-15 18:00:00,208,102,18
4445114986,2016-04-15 19:00:00,184,96,19
4445114986,2016-04-15 20:00:00,285,116,20
4445114986,2016-04-15 21:00:00,678,142,21
4445114986,2016-04-15 22:00:00,277,99,22
4445114986,2016-04-15 23:00:00,422,117,23
4445114986,2016-04-16 00:00:00,0,69,0
4445114986,2016-04-16 01:00:00,0,69,1
4445114986,2016-04-16 02:00:00,4,71,2
4445114986,2016-04-16 03:00:00,10,71,3
4445114986,2016-04-16 04:00:00,0,70,4
4445114986,2016-04-16 05:00:00,0,69,5
4445114986,2016-04-16 06:00:00,0,69,6
4445114986,2016-04-16 07:00:00,0,69,7
4445114986,2016-04-16 08:00:00,0,70,8
4445114986,2016-04-16 09:00:00,0,69,9
4445114986,2016-04-16 10:00:00,119,92,10
4445114986,2016-04-16 11:00:00,515,137,11
4445114986,2016-04-16 12:00:00,136,95,12
4445114986,2016-04-16 13:00:00,111,87,13
4445114986,2016-04-16 14:00:00,251,97,14
4445114986,2016-04-16 15:00:00,0,71,15
4445114986,2016-04-16 16:00:00,171,95,16
4445114986,2016-04-16 17:00:00,327,107,17
4445114986,2016-04-16 18:00:00,696,151,18
4445114986,2016-04-16 19:00:00,368,110,19
4445114986,2016-04-16 20:00:00,153,91,20
4445114986,2016-04-16 21:00:00,230,114,21
4445114986,2016-04-16 22:00:00,757,152,22
4445114986,2016-04-16 23:00:00,97,88,23
4445114986,2016-04-17 00:00:00,42,76,0
4445114986,2016-04-17 01:00:00,0,70,1
4445114986,2016-04-17 02:00:00,70,81,2
4445114986,2016-04-17 03:00:00,0,69,3
4445114986,2016-04-17 04:00:00,0,69,4
4445114986,2016-04-17 05:00:00,0,69,5
4445114986,2016-04-17 06:00:00,0,69,6
4445114986,2016-04-17 07:00:00,0,69,7
4445114986,2016-04-17 08:00:00,0,69,8
4445114986,2016-04-17 09:00:00,0,69,9
4445114986,2016-04-17 10:00:00,0,69,10
4445114986,2016-04-17 11:00:00,0,69,11
4445114986,2016-04-17 12:00:00,0,69,12
4445114986,2016-04-17 13:00:00,0,69,13
4445114986,2016-04-17 14:00:00,0,69,14
4445114986,2016-04-17 15:00:00,270,100,15
4445114986,2016-04-17 16:00:00,154,93,16
4445114986,2016-04-17 17:00:00,302,103,17
4445114986,2016-04-17 18:00:00,216,98,18
4445114986,2016-04-17 19:00:00,216,93,19
4445114986,2016-04-17 20:00:00,85,84,20
4445114986,2016-04-17 21:00:00,619,139,21
4445114986,2016-04-17 22:00:00,284,96,22
4445114986,2016-04-17 23:00:00,0,69,23
4445114986,2016-04-18 00:00:00,0,69,0
4445114986,2016-04-18 01:00:00,0,69,1
4445114986,2016-04-18 02:00:00,0,69,2
4445114986,2016-04-18 03:00:00,0,69,3
4445114986,2016-04-18 04:00:00,0,69,4
4445114986,2016-04-18 05:00:00,0,69,5
4445114986,2016-04-18 06:00:00,0,69,6
4445114986,2016-04-18 07:00:00,0,69,7
4445114986,2016-04-18 08:00:00,0,69,8
4445114986,2016-04-18 09:00:00,0,69,9
4445114986,2016-04-18 10:00:00,0,69,10
4445114986,2016-04-18 11:00:00,0,69,11
4445114986,2016-04-18 12:00:00,368,112,12
4445114986,2016-04-18 13:00:00,360,107,13
4445114986,2016-04-18 14:00:00,71,80,14
4445114986,2016-04-18 15:00:00,250,104,15
4445114986,2016-04-18 16:00:00,221,101,16
4445114986,2016-04-18 17:00:00,359,113,17
4445114986,2016-04-18 18:00:00,3367,298,18
4445114986,2016-04-18 19:00:00,137,92,19
4445114986,2016-04-18 20:00:00,140,92,20
4445114986,2016-04-18 21:00:00,327,114,21
4445114986,2016-04-18 22:00:00,428,121,22
4445114986,2016-04-18 23:00:00,127,88,23
4445114986,2016-04-19 00:00:00,102,83,0
4445114986,2016-04-19 01:00:00,111,85,1
4445114986,2016-04-19 02:00:00,10,71,2
4445114986,2016-04-19 03:00:00,9,71,3
4445114986,2016-04-19 04:00:00,0,69,4
4445114986,2016-04-19 05:00:00,0,69,5
4445114986,2016-04-19 06:00:00,11,72,6
4445114986,2016-04-19 07:00:00,0,70,7
4445114986,2016-04-19 08:00:00,33,75,8
4445114986,2016-04-19 09:00:00,12,71,9
4445114986,2016-04-19 10:00:00,0,70,10
4445114986,2016-04-19 11:00:00,232,96,11
4445114986,2016-04-19 12:00:00,300,103,12
4445114986,2016-04-19 13:00:00,179,104,13
4445114986,2016-04-19 14:00:00,59,82,14
4445114986,2016-04-19 15:00:00,138,90,15
4445114986,2016-04-19 16:00:00,82,84,16
4445114986,2016-04-19 17:00:00,27,76,17
4445114986,2016-04-19 18:00:00,82,82,18
4445114986,2016-04-19 19:00:00,64,78,19
4445114986,2016-04-19 20:00:00,352,108,20
4445114986,2016-04-19 21:00:00,190,94,21
4445114986,2016-04-19 22:00:00,71,82,22
4445114986,2016-04-19 23:00:00,0,69,23
4445114986,2016-04-20 00:00:00,0,69,0
4445114986,2016-04-20 01:00:00,0,69,1
4445114986,2016-04-20 02:00:00,94,82,2
4445114986,2016-04-20 03:00:00,0,69,3
4445114986,2016-04-20 04:00:00,0,69,4
4445114986,2016-04-20 05:00:00,0,69,5
4445114986,2016-04-20 06:00:00,0,69,6
4445114986,2016-04-20 07:00:00,0,69,7
4445114986,2016-04-20 08:00:00,22,71,8
4445114986,2016-04-20 09:00:00,0,69,9
4445114986,2016-04-20 10:00:00,0,69,10
4445114986,2016-04-20 11:00:00,130,90,11
4445114986,2016-04-20 12:00:00,104,87,12
4445114986,2016-04-20 13:00:00,199,101,13
4445114986,2016-04-20 14:00:00,265,110,14
4445114986,2016-04-20 15:00:00,69,82,15
4445114986,2016-04-20 16:00:00,655,146,16
4445114986,2016-04-20 17:00:00,71,87,17
4445114986,2016-04-20 18:00:00,99,85,18
4445114986,2016-04-20 19:00:00,75,79,19
4445114986,2016-04-20 20:00:00,59,79,20
4445114986,2016-04-20 21:00:00,63,86,21
4445114986,2016-04-20 22:00:00,167,98,22
4445114986,2016-04-20 23:00:00,0,69,23
4445114986,2016-04-21 00:00:00,0,69,0
4445114986,2016-04-21 01:00:00,0,69,1
4445114986,2016-04-21 02:00:00,29,75,2
4445114986,2016-04-21 03:00:00,0,69,3
4445114986,2016-04-21 04:00:00,0,69,4
4445114986,2016-04-21 05:00:00,0,69,5
4445114986,2016-04-21 06:00:00,45,77,6
4445114986,2016-04-21 07:00:00,13,71,7
4445114986,2016-04-21 08:00:00,10,73,8
4445114986,2016-04-21 09:00:00,7,71,9
4445114986,2016-04-21 10:00:00,9,71,10
4445114986,2016-04-21 11:00:00,0,72,11
4445114986,2016-04-21 12:00:00,190,99,12
4445114986,2016-04-21 13:00:00,666,147,13
4445114986,2016-04-21 14:00:00,423,125,14
4445114986,2016-04-21 15:00:00,562,140,15
4445114986,2016-04-21 16:00:00,209,100,16
4445114986,2016-04-21 17:00:00,309,101,17
4445114986,2016-04-21 18:00:00,444,123,18
4445114986,2016-04-21 19:00:00,106,85,19
4445114986,2016-04-21 20:00:00,327,102,20
4445114986,2016-04-21 21:00:00,158,88,21
4445114986,2016-04-21 22:00:00,182,93,22
4445114986,2016-04-21 23:00:00,100,87,23
4445114986,2016-04-22 00:00:00,112,87,0
4445114986,2016-04-22 01:00:00,107,90,1
4445114986,2016-04-22 02:00:00,206,84,2
4445114986,2016-04-22 03:00:00,8,71,3
4445114986,2016-04-22 04:00:00,0,69,4
4445114986,2016-04-22 05:00:00,0,70,5
4445114986,2016-04-22 06:00:00,62,82,6
4445114986,2016-04-22 07:00:00,0,69,7
4445114986,2016-04-22 08:00:00,0,70,8
4445114986,2016-04-22 09:00:00,8,71,9
4445114986,2016-04-22 10:00:00,48,78,10
4445114986,2016-04-22 11:00:00,467,117,11
4445114986,2016-04-22 12:00:00,815,156,12
4445114986,2016-04-22 13:00:00,330,118,13
4445114986,2016-04-22 14:00:00,109,94,14
4445114986,2016-04-22 15:00:00,262,108,15
4445114986,2016-04-22 16:00:00,200,95,16
4445114986,2016-04-22 17:00:00,451,118,17
4445114986,2016-04-22 18:00:00,491,133,18
4445114986,2016-04-22 19:00:00,1175,173,19
4445114986,2016-04-22 20:00:00,487,126,20
4445114986,2016-04-22 21:00:00,550,123,21
4445114986,2016-04-22 22:00:00,444,113,22
4445114986,2016-04-22 23:00:00,499,117,23
4445114986,2016-04-23 00:00:00,0,69,0
4445114986,2016-04-23 01:00:00,0,69,1
4445114986,2016-04-23 02:00:00,0,69,2
4445114986,2016-04-23 03:00:00,0,69,3
4445114986,2016-04-23 04:00:00,0,69,4
4445114986,2016-04-23 05:00:00,0,69,5
4445114986,2016-04-23 06:00:00,0,69,6
4445114986,2016-04-23 07:00:00,0,69,7
4445114986,2016-04-23 08:00:00,0,69,8
4445114986,2016-04-23 09:00:00,0,69,9
4445114986,2016-04-23 10:00:00,0,69,10
4445114986,2016-04-23 11:00:00,0,69,11
4445114986,2016-04-23 12:00:00,210,90,12
4445114986,2016-04-23 13:00:00,864,162,13
4445114986,2016-04-23 14:00:00,408,109,14
4445114986,2016-04-23 15:00:00,39,82,15
4445114986,2016-04-23 16:00:00,193,91,16
4445114986,2016-04-23 17:00:00,235,91,17
4445114986,2016-04-23 18:00:00,520,121,18
4445114986,2016-04-23 19:00:00,561,128,19
4445114986,2016-04-23 20:00:00,266,106,20
4445114986,2016-04-23 21:00:00,413,118,21
4445114986,2016-04-23 22:00:00,511,126,22
4445114986,2016-04-23 23:00:00,143,99,23
4445114986,2016-04-24 00:00:00,148,97,0
4445114986,2016-04-24 01:00:00,232,101,1
4445114986,2016-04-24 02:00:00,80,82,2
4445114986,2016-04-24 03:00:00,0,69,3
4445114986,2016-04-24 04:00:00,0,69,4
4445114986,2016-04-24 05:00:00,0,69,5
4445114986,2016-04-24 06:00:00,0,69,6
4445114986,2016-04-24 07:00:00,0,69,7
4445114986,2016-04-24 08:00:00,0,69,8
4445114986,2016-04-24 09:00:00,693,139,9
4445114986,2016-04-24 10:00:00,303,105,10
4445114986,2016-04-24 11:00:00,644,128,11
4445114986,2016-04-24 12:00:00,223,100,12
4445114986,2016-04-24 13:00:00,113,88,13
4445114986,2016-04-24 14:00:00,88,87,14
4445114986,2016-04-24 15:00:00,299,103,15
4445114986,2016-04-24 16:00:00,425,115,16
4445114986,2016-04-24 17:00:00,579,123,17
4445114986,2016-04-24 18:00:00,324,109,18
4445114986,2016-04-24 19:00:00,494,121,19
4445114986,2016-04-24 20:00:00,230,106,20
4445114986,2016-04-24 21:00:00,80,84,21
4445114986,2016-04-24 22:00:00,0,69,22
4445114986,2016-04-24 23:00:00,47,78,23
4445114986,2016-04-25 00:00:00,99,86,0
4445114986,2016-04-25 01:00:00,83,82,1
4445114986,2016-04-25 02:00:00,0,69,2
4445114986,2016-04-25 03:00:00,0,69,3
4445114986,2016-04-25 04:00:00,8,71,4
4445114986,2016-04-25 05:00:00,76,82,5
4445114986,2016-04-25 06:00:00,0,69,6
4445114986,2016-04-25 07:00:00,53,76,7
4445114986,2016-04-25 08:00:00,8,71,8
4445114986,2016-04-25 09:00:00,0,69,9
4445114986,2016-04-25 10:00:00,0,69,10
4445114986,2016-04-25 11:00:00,0,69,11
4445114986,2016-04-25 12:00:00,0,69,12
4445114986,2016-04-25 13:00:00,0,69,13
4445114986,2016-04-25 14:00:00,340,108,14
4445114986,2016-04-25 15:00:00,248,106,15
4445114986,2016-04-25 16:00:00,360,110,16
4445114986,2016-04-25 17:00:00,595,137,17
4445114986,2016-04-25 18:00:00,94,83,18
4445114986,2016-04-25 19:00:00,428,109,19
4445114986,2016-04-25 20:00:00,147,92,20
4445114986,2016-04-25 21:00:00,158,93,21
4445114986,2016-04-25 22:00:00,386,112,22
4445114986,2016-04-25 23:00:00,302,104,23
4445114986,2016-04-26 00:00:00,0,70,0
4445114986,2016-04-26 01:00:00,186,100,1
4445114986,2016-04-26 02:00:00,0,69,2
4445114986,2016-04-26 03:00:00,0,69,3
4445114986,2016-04-26 04:00:00,10,71,4
4445114986,2016-04-26 05:00:00,17,71,5
4445114986,2016-04-26 06:00:00,0,69,6
4445114986,2016-04-26 07:00:00,19,74,7
4445114986,2016-04-26 08:00:00,0,70,8
4445114986,2016-04-26 09:00:00,0,69,9
4445114986,2016-04-26 10:00:00,119,87,10
4445114986,2016-04-26 11:00:00,374,119,11
4445114986,2016-04-26 12:00:00,355,112,12
4445114986,2016-04-26 13:00:00,265,102,13
4445114986,2016-04-26 14:00:00,151,90,14
4445114986,2016-04-26 15:00:00,159,93,15
4445114986,2016-04-26 16:00:00,10,73,16
4445114986,2016-04-26 17:00:00,180,96,17
4445114986,2016-04-26 18:00:00,357,115,18
4445114986,2016-04-26 19:00:00,3567,315,19
4445114986,2016-04-26 20:00:00,81,88,20
4445114986,2016-04-26 21:00:00,13,73,21
4445114986,2016-04-26 22:00:00,95,83,22
4445114986,2016-04-26 23:00:00,368,115,23
4445114986,2016-04-27 00:00:00,7,72,0
4445114986,2016-04-27 01:00:00,62,80,1
4445114986,2016-04-27 02:00:00,103,91,2
4445114986,2016-04-27 03:00:00,17,73,3
4445114986,2016-04-27 04:00:00,0,69,4
4445114986,2016-04-27 05:00:00,23,71,5
4445114986,2016-04-27 06:00:00,12,71,6
4445114986,2016-04-27 07:00:00,0,69,7
4445114986,2016-04-27 08:00:00,0,69,8
4445114986,2016-04-27 09:00:00,0,70,9
4445114986,2016-04-27 10:00:00,42,73,10
4445114986,2016-04-27 11:00:00,58,83,11
4445114986,2016-04-27 12:00:00,392,109,12
4445114986,2016-04-27 13:00:00,197,96,13
4445114986,2016-04-27 14:00:00,92,90,14
4445114986,2016-04-27 15:00:00,129,88,15
4445114986,2016-04-27 16:00:00,326,106,16
4445114986,2016-04-27 17:00:00,318,108,17
4445114986,2016-04-27 18:00:00,3941,338,18
4445114986,2016-04-27 19:00:00,405,112,19
4445114986,2016-04-27 20:00:00,218,103,20
4445114986,2016-04-27 21:00:00,420,112,21
4445114986,2016-04-27 22:00:00,54,82,22
4445114986,2016-04-27 23:00:00,427,126,23
4445114986,2016-04-28 00:00:00,0,70,0
4445114986,2016-04-28 01:00:00,183,97,1
4445114986,2016-04-28 02:00:00,38,74,2
4445114986,2016-04-28 03:00:00,13,73,3
4445114986,2016-04-28 04:00:00,24,73,4
4445114986,2016-04-28 05:00:00,0,69,5
4445114986,2016-04-28 06:00:00,0,69,6
4445114986,2016-04-28 07:00:00,7,71,7
4445114986,2016-04-28 08:00:00,7,71,8
4445114986,2016-04-28 09:00:00,0,69,9
4445114986,2016-04-28 10:00:00,6,71,10
4445114986,2016-04-28 11:00:00,270,96,11
4445114986,2016-04-28 12:00:00,387,116,12
4445114986,2016-04-28 13:00:00,110,87,13
4445114986,2016-04-28 14:00:00,443,118,14
4445114986,2016-04-28 15:00:00,455,113,15
4445114986,2016-04-28 16:00:00,496,131,16
4445114986,2016-04-28 17:00:00,10,75,17
4445114986,2016-04-28 18:00:00,469,123,18
4445114986,2016-04-28 19:00:00,595,127,19
4445114986,2016-04-28 20:00:00,226,103,20
4445114986,2016-04-28 21:00:00,134,87,21
4445114986,2016-04-28 22:00:00,323,107,22
4445114986,2016-04-28 23:00:00,297,114,23
4445114986,2016-04-29 00:00:00,0,69,0
4445114986,2016-04-29 01:00:00,80,84,1
4445114986,2016-04-29 02:00:00,0,69,2
4445114986,2016-04-29 03:00:00,0,69,3
4445114986,2016-04-29 04:00:00,95,77,4
4445114986,2016-04-29 05:00:00,0,69,5
4445114986,2016-04-29 06:00:00,0,69,6
4445114986,2016-04-29 07:00:00,42,75,7
4445114986,2016-04-29 08:00:00,18,73,8
4445114986,2016-04-29 09:00:00,0,69,9
4445114986,2016-04-29 10:00:00,0,69,10
4445114986,2016-04-29 11:00:00,0,69,11
4445114986,2016-04-29 12:00:00,0,69,12
4445114986,2016-04-29 13:00:00,237,98,13
4445114986,2016-04-29 14:00:00,145,95,14
4445114986,2016-04-29 15:00:00,148,91,15
4445114986,2016-04-29 16:00:00,468,117,16
4445114986,2016-04-29 17:00:00,661,145,17
4445114986,2016-04-29 18:00:00,614,138,18
4445114986,2016-04-29 19:00:00,207,99,19
4445114986,2016-04-29 20:00:00,369,118,20
4445114986,2016-04-29 21:00:00,341,108,21
4445114986,2016-04-29 22:00:00,612,136,22
4445114986,2016-04-29 23:00:00,621,120,23
4445114986,2016-04-30 00:00:00,165,84,0
4445114986,2016-04-30 01:00:00,67,79,1
4445114986,2016-04-30 02:00:00,0,69,2
4445114986,2016-04-30 03:00:00,0,69,3
4445114986,2016-04-30 04:00:00,0,69,4
4445114986,2016-04-30 05:00:00,23,73,5
4445114986,2016-04-30 06:00:00,0,69,6
4445114986,2016-04-30 07:00:00,0,69,7
4445114986,2016-04-30 08:00:00,427,130,8
4445114986,2016-04-30 09:00:00,363,111,9
4445114986,2016-04-30 10:00:00,78,80,10
4445114986,2016-04-30 11:00:00,136,86,11
4445114986,2016-04-30 12:00:00,415,120,12
4445114986,2016-04-30 13:00:00,464,120,13
4445114986,2016-04-30 14:00:00,40,79,14
4445114986,2016-04-30 15:00:00,786,141,15
4445114986,2016-04-30 16:00:00,707,137,16
4445114986,2016-04-30 17:00:00,597,120,17
4445114986,2016-04-30 18:00:00,551,134,18
4445114986,2016-04-30 19:00:00,643,144,19
4445114986,2016-04-30 20:00:00,38,76,20
4445114986,2016-04-30 21:00:00,112,93,21
4445114986,2016-04-30 22:00:00,384,112,22
4445114986,2016-04-30 23:00:00,226,98,23
4445114986,2016-05-01 00:00:00,125,87,0
4445114986,2016-05-01 01:00:00,22,73,1
4445114986,2016-05-01 02:00:00,0,69,2
4445114986,2016-05-01 03:00:00,0,69,3
4445114986,2016-05-01 04:00:00,0,69,4
4445114986,2016-05-01 05:00:00,0,69,5
4445114986,2016-05-01 06:00:00,0,69,6
4445114986,2016-05-01 07:00:00,35,76,7
4445114986,2016-05-01 08:00:00,47,74,8
4445114986,2016-05-01 09:00:00,14,73,9
4445114986,2016-05-01 10:00:00,8,71,10
4445114986,2016-05-01 11:00:00,46,80,11
4445114986,2016-05-01 12:00:00,269,104,12
4445114986,2016-05-01 13:00:00,791,157,13
4445114986,2016-05-01 14:00:00,414,108,14
4445114986,2016-05-01 15:00:00,1298,174,15
4445114986,2016-05-01 16:00:00,222,95,16
4445114986,2016-05-01 17:00:00,316,103,17
4445114986,2016-05-01 18:00:00,110,89,18
4445114986,2016-05-01 19:00:00,459,128,19
4445114986,2016-05-01 20:00:00,289,98,20
4445114986,2016-05-01 21:00:00,213,101,21
4445114986,2016-05-01 22:00:00,379,121,22
4445114986,2016-05-01 23:00:00,175,93,23
4445114986,2016-05-02 00:00:00,0,69,0
4445114986,2016-05-02 01:00:00,52,76,1
4445114986,2016-05-02 02:00:00,12,71,2
4445114986,2016-05-02 03:00:00,0,70,3
4445114986,2016-05-02 04:00:00,11,73,4
4445114986,2016-05-02 05:00:00,0,69,5
4445114986,2016-05-02 06:00:00,0,69,6
4445114986,2016-05-02 07:00:00,0,69,7
4445114986,2016-05-02 08:00:00,54,76,8
4445114986,2016-05-02 09:00:00,0,69,9
4445114986,2016-05-02 10:00:00,9,71,10
4445114986,2016-05-02 11:00:00,71,81,11
4445114986,2016-05-02 12:00:00,432,113,12
4445114986,2016-05-02 13:00:00,256,102,13
4445114986,2016-05-02 14:00:00,277,104,14
4445114986,2016-05-02 15:00:00,202,91,15
4445114986,2016-05-02 16:00:00,172,95,16
4445114986,2016-05-02 17:00:00,15,72,17
4445114986,2016-05-02 18:00:00,3764,329,18
4445114986,2016-05-02 19:00:00,264,109,19
4445114986,2016-05-02 20:00:00,483,128,20
4445114986,2016-05-02 21:00:00,420,132,21
4445114986,2016-05-02 22:00:00,218,96,22
4445114986,2016-05-02 23:00:00,198,101,23
4445114986,2016-05-03 00:00:00,0,69,0
4445114986,2016-05-03 01:00:00,78,78,1
4445114986,2016-05-03 02:00:00,0,70,2
4445114986,2016-05-03 03:00:00,0,69,3
4445114986,2016-05-03 04:00:00,0,69,4
4445114986,2016-05-03 05:00:00,0,69,5
4445114986,2016-05-03 06:00:00,0,69,6
4445114986,2016-05-03 07:00:00,6,71,7
4445114986,2016-05-03 08:00:00,246,99,8
4445114986,2016-05-03 09:00:00,93,79,9
4445114986,2016-05-03 10:00:00,7,71,10
4445114986,2016-05-03 11:00:00,29,78,11
4445114986,2016-05-03 12:00:00,227,106,12
4445114986,2016-05-03 13:00:00,514,132,13
4445114986,2016-05-03 14:00:00,188,95,14
4445114986,2016-05-03 15:00:00,533,140,15
4445114986,2016-05-03 16:00:00,468,131,16
4445114986,2016-05-03 17:00:00,37,76,17
4445114986,2016-05-03 18:00:00,3955,342,18
4445114986,2016-05-03 19:00:00,245,110,19
4445114986,2016-05-03 20:00:00,185,98,20
4445114986,2016-05-03 21:00:00,337,114,21
4445114986,2016-05-03 22:00:00,215,96,22
4445114986,2016-05-03 23:00:00,139,89,23
4445114986,2016-05-04 00:00:00,92,82,0
4445114986,2016-05-04 01:00:00,45,78,1
4445114986,2016-05-04 02:00:00,31,75,2
4445114986,2016-05-04 03:00:00,0,69,3
4445114986,2016-05-04 04:00:00,0,69,4
4445114986,2016-05-04 05:00:00,10,73,5
4445114986,2016-05-04 06:00:00,54,78,6
4445114986,2016-05-04 07:00:00,25,77,7
4445114986,2016-05-04 08:00:00,0,70,8
4445114986,2016-05-04 09:00:00,0,69,9
4445114986,2016-05-04 10:00:00,14,71,10
4445114986,2016-05-04 11:00:00,28,79,11
4445114986,2016-05-04 12:00:00,207,102,12
4445114986,2016-05-04 13:00:00,110,89,13
4445114986,2016-05-04 14:00:00,38,80,14
4445114986,2016-05-04 15:00:00,232,103,15
4445114986,2016-05-04 16:00:00,133,91,16
4445114986,2016-05-04 17:00:00,173,92,17
4445114986,2016-05-04 18:00:00,400,114,18
4445114986,2016-05-04 19:00:00,737,142,19
4445114986,2016-05-04 20:00:00,122,93,20
4445114986,2016-05-04 21:00:00,144,90,21
4445114986,2016-05-04 22:00:00,30,75,22
4445114986,2016-05-04 23:00:00,298,110,23
4445114986,2016-05-05 00:00:00,9,71,0
4445114986,2016-05-05 01:00:00,74,81,1
4445114986,2016-05-05 02:00:00,0,69,2
4445114986,2016-05-05 03:00:00,0,69,3
4445114986,2016-05-05 04:00:00,0,69,4
4445114986,2016-05-05 05:00:00,14,73,5
4445114986,2016-05-05 06:00:00,0,69,6
4445114986,2016-05-05 07:00:00,44,76,7
4445114986,2016-05-05 08:00:00,21,75,8
4445114986,2016-05-05 09:00:00,0,69,9
4445114986,2016-05-05 10:00:00,0,70,10
4445114986,2016-05-05 11:00:00,0,70,11
4445114986,2016-05-05 12:00:00,210,99,12
4445114986,2016-05-05 13:00:00,96,91,13
4445114986,2016-05-05 14:00:00,530,135,14
4445114986,2016-05-05 15:00:00,172,96,15
4445114986,2016-05-05 16:00:00,842,141,16
4445114986,2016-05-05 17:00:00,454,118,17
4445114986,2016-05-05 18:00:00,125,90,18
4445114986,2016-05-05 19:00:00,372,107,19
4445114986,2016-05-05 20:00:00,0,71,20
4445114986,2016-05-05 21:00:00,349,102,21
4445114986,2016-05-05 22:00:00,244,108,22
4445114986,2016-05-05 23:00:00,244,103,23
4445114986,2016-05-06 00:00:00,33,74,0
4445114986,2016-05-06 01:00:00,111,92,1
4445114986,2016-05-06 02:00:00,7,71,2
4445114986,2016-05-06 03:00:00,44,77,3
4445114986,2016-05-06 04:00:00,12,72,4
4445114986,2016-05-06 05:00:00,0,69,5
4445114986,2016-05-06 06:00:00,0,69,6
4445114986,2016-05-06 07:00:00,86,84,7
4445114986,2016-05-06 08:00:00,447,103,8
4445114986,2016-05-06 09:00:00,22,72,9
4445114986,2016-05-06 10:00:00,11,72,10
4445114986,2016-05-06 11:00:00,58,82,11
4445114986,2016-05-06 12:00:00,341,112,12
4445114986,2016-05-06 13:00:00,377,113,13
4445114986,2016-05-06 14:00:00,150,92,14
4445114986,2016-05-06 15:00:00,104,85,15
4445114986,2016-05-06 16:00:00,133,92,16
4445114986,2016-05-06 17:00:00,340,120,17
4445114986,2016-05-06 18:00:00,669,144,18
4445114986,2016-05-06 19:00:00,597,120,19
4445114986,2016-05-06 20:00:00,233,100,20
4445114986,2016-05-06 21:00:00,10,75,21
4445114986,2016-05-06 22:00:00,162,94,22
4445114986,2016-05-06 23:00:00,567,127,23
4445114986,2016-05-07 00:00:00,201,94,0
4445114986,2016-05-07 01:00:00,165,92,1
4445114986,2016-05-07 02:00:00,55,79,2
4445114986,2016-05-07 03:00:00,0,69,3
4445114986,2016-05-07 04:00:00,0,69,4
4445114986,2016-05-07 05:00:00,0,69,5
4445114986,2016-05-07 06:00:00,15,74,6
4445114986,2016-05-07 07:00:00,7,71,7
4445114986,2016-05-07 08:00:00,0,70,8
4445114986,2016-05-07 09:00:00,270,98,9
4445114986,2016-05-07 10:00:00,3403,299,10
4445114986,2016-05-07 11:00:00,0,69,11
4445114986,2016-05-07 12:00:00,0,69,12
4445114986,2016-05-07 13:00:00,0,69,13
4445114986,2016-05-07 14:00:00,14,73,14
4445114986,2016-05-07 15:00:00,0,69,15
4445114986,2016-05-07 16:00:00,0,69,16
4445114986,2016-05-07 17:00:00,154,84,17
4445114986,2016-05-07 18:00:00,359,110,18
4445114986,2016-05-07 19:00:00,138,95,19
4445114986,2016-05-07 20:00:00,155,99,20
4445114986,2016-05-07 21:00:00,41,79,21
4445114986,2016-05-07 22:00:00,190,85,22
4445114986,2016-05-07 23:00:00,0,69,23
4445114986,2016-05-08 00:00:00,0,69,0
4445114986,2016-05-08 01:00:00,0,69,1
4445114986,2016-05-08 02:00:00,0,69,2
4445114986,2016-05-08 03:00:00,0,69,3
4445114986,2016-05-08 04:00:00,0,69,4
4445114986,2016-05-08 05:00:00,0,69,5
4445114986,2016-05-08 06:00:00,0,69,6
4445114986,2016-05-08 07:00:00,0,69,7
4445114986,2016-05-08 08:00:00,0,69,8
4445114986,2016-05-08 09:00:00,147,94,9
4445114986,2016-05-08 10:00:00,219,98,10
4445114986,2016-05-08 11:00:00,539,109,11
4445114986,2016-05-08 12:00:00,415,122,12
4445114986,2016-05-08 13:00:00,864,149,13
4445114986,2016-05-08 14:00:00,939,158,14
4445114986,2016-05-08 15:00:00,1217,183,15
4445114986,2016-05-08 16:00:00,630,143,16
4445114986,2016-05-08 17:00:00,765,139,17
4445114986,2016-05-08 18:00:00,238,104,18
4445114986,2016-05-08 19:00:00,692,149,19
4445114986,2016-05-08 20:00:00,378,108,20
4445114986,2016-05-08 21:00:00,42,75,21
4445114986,2016-05-08 22:00:00,191,96,22
4445114986,2016-05-08 23:00:00,27,75,23
4445114986,2016-05-09 00:00:00,4,71,0
4445114986,2016-05-09 01:00:00,10,72,1
4445114986,2016-05-09 02:00:00,8,71,2
4445114986,2016-05-09 03:00:00,11,71,3
4445114986,2016-05-09 04:00:00,0,69,4
4445114986,2016-05-09 05:00:00,0,69,5
4445114986,2016-05-09 06:00:00,40,75,6
4445114986,2016-05-09 07:00:00,18,72,7
4445114986,2016-05-09 08:00:00,0,69,8
4445114986,2016-05-09 09:00:00,18,75,9
4445114986,2016-05-09 10:00:00,341,106,10
4445114986,2016-05-09 11:00:00,839,148,11
4445114986,2016-05-09 12:00:00,96,85,12
4445114986,2016-05-09 13:00:00,411,121,13
4445114986,2016-05-09 14:00:00,522,115,14
4445114986,2016-05-09 15:00:00,135,91,15
4445114986,2016-05-09 16:00:00,232,100,16
4445114986,2016-05-09 17:00:00,160,93,17
4445114986,2016-05-09 18:00:00,127,94,18
4445114986,2016-05-09 19:00:00,336,121,19
4445114986,2016-05-09 20:00:00,839,150,20
4445114986,2016-05-09 21:00:00,479,119,21
4445114986,2016-05-09 22:00:00,402,111,22
4445114986,2016-05-09 23:00:00,247,111,23
4445114986,2016-05-10 00:00:00,106,85,0
4445114986,2016-05-10 01:00:00,46,78,1
4445114986,2016-05-10 02:00:00,32,75,2
4445114986,2016-05-10 03:00:00,0,69,3
4445114986,2016-05-10 04:00:00,0,69,4
4445114986,2016-05-10 05:00:00,39,76,5
4445114986,2016-05-10 06:00:00,0,69,6
4445114986,2016-05-10 07:00:00,6,71,7
4445114986,2016-05-10 08:00:00,86,79,8
4445114986,2016-05-10 09:00:00,16,71,9
4445114986,2016-05-10 10:00:00,79,81,10
4445114986,2016-05-10 11:00:00,189,93,11
4445114986,2016-05-10 12:00:00,238,101,12
4445114986,2016-05-10 13:00:00,365,121,13
4445114986,2016-05-10 14:00:00,157,101,14
4445114986,2016-05-10 15:00:00,148,97,15
4445114986,2016-05-10 16:00:00,430,111,16
4445114986,2016-05-10 17:00:00,265,106,17
4445114986,2016-05-10 18:00:00,564,127,18
4445114986,2016-05-10 19:00:00,407,118,19
4445114986,2016-05-10 20:00:00,79,88,20
4445114986,2016-05-10 21:00:00,163,90,21
4445114986,2016-05-10 22:00:00,330,111,22
4445114986,2016-05-10 23:00:00,170,94,23
4445114986,2016-05-11 00:00:00,51,75,0
4445114986,2016-05-11 01:00:00,56,82,1
4445114986,2016-05-11 02:00:00,0,69,2
4445114986,2016-05-11 03:00:00,0,69,3
4445114986,2016-05-11 04:00:00,11,73,4
4445114986,2016-05-11 05:00:00,16,71,5
4445114986,2016-05-11 06:00:00,0,69,6
4445114986,2016-05-11 07:00:00,0,69,7
4445114986,2016-05-11 08:00:00,0,70,8
4445114986,2016-05-11 09:00:00,0,69,9
4445114986,2016-05-11 10:00:00,253,106,10
4445114986,2016-05-11 11:00:00,0,69,11
4445114986,2016-05-11 12:00:00,258,95,12
4445114986,2016-05-11 13:00:00,4379,356,13
4445114986,2016-05-11 14:00:00,890,142,14
4445114986,2016-05-11 15:00:00,79,84,15
4445114986,2016-05-11 16:00:00,339,124,16
4445114986,2016-05-11 17:00:00,214,105,17
4445114986,2016-05-11 18:00:00,318,108,18
4445114986,2016-05-11 19:00:00,445,122,19
4445114986,2016-05-11 20:00:00,487,126,20
4445114986,2016-05-11 21:00:00,389,111,21
4445114986,2016-05-11 22:00:00,188,96,22
4445114986,2016-05-11 23:00:00,732,142,23
4445114986,2016-05-12 00:00:00,0,69,0
4445114986,2016-05-12 01:00:00,11,72,1
4445114986,2016-05-12 02:00:00,0,69,2
4445114986,2016-05-12 03:00:00,8,71,3
4445114986,2016-05-12 04:00:00,29,75,4
4445114986,2016-05-12 05:00:00,0,69,5
4445114986,2016-05-12 06:00:00,0,69,6
4445114986,2016-05-12 07:00:00,16,71,7
4445114986,2016-05-12 08:00:00,0,69,8
4445114986,2016-05-12 09:00:00,0,70,9
4445114986,2016-05-12 10:00:00,180,94,10
4445114986,2016-05-12 11:00:00,142,95,11
4445114986,2016-05-12 12:00:00,98,84,12
4445114986,2016-05-12 13:00:00,51,83,13
4445114986,2016-05-12 14:00:00,152,92,14
4558609924,2016-04-12 00:00:00,0,56,0
4558609924,2016-04-12 01:00:00,0,56,1
4558609924,2016-04-12 02:00:00,0,56,2
4558609924,2016-04-12 03:00:00,0,56,3
4558609924,2016-04-12 04:00:00,0,56,4
4558609924,2016-04-12 05:00:00,0,56,5
4558609924,2016-04-12 06:00:00,151,70,6
4558609924,2016-04-12 07:00:00,208,78,7
4558609924,2016-04-12 08:00:00,163,76,8
4558609924,2016-04-12 09:00:00,514,112,9
4558609924,2016-04-12 10:00:00,526,109,10
4558609924,2016-04-12 11:00:00,397,97,11
4558609924,2016-04-12 12:00:00,230,81,12
4558609924,2016-04-12 13:00:00,277,89,13
4558609924,2016-04-12 14:00:00,561,109,14
4558609924,2016-04-12 15:00:00,24,59,15
4558609924,2016-04-12 16:00:00,684,122,16
4558609924,2016-04-12 17:00:00,402,105,17
4558609924,2016-04-12 18:00:00,398,108,18
4558609924,2016-04-12 19:00:00,161,78,19
4558609924,2016-04-12 20:00:00,148,76,20
4558609924,2016-04-12 21:00:00,146,74,21
4558609924,2016-04-12 22:00:00,145,77,22
4558609924,2016-04-12 23:00:00,0,56,23
4558609924,2016-04-13 00:00:00,0,56,0
4558609924,2016-04-13 01:00:00,0,56,1
4558609924,2016-04-13 02:00:00,0,56,2
4558609924,2016-04-13 03:00:00,0,56,3
4558609924,2016-04-13 04:00:00,0,56,4
4558609924,2016-04-13 05:00:00,0,56,5
4558609924,2016-04-13 06:00:00,0,56,6
4558609924,2016-04-13 07:00:00,0,56,7
4558609924,2016-04-13 08:00:00,0,56,8
4558609924,2016-04-13 09:00:00,0,56,9
4558609924,2016-04-13 10:00:00,0,56,10
4558609924,2016-04-13 11:00:00,272,77,11
4558609924,2016-04-13 12:00:00,701,127,12
4558609924,2016-04-13 13:00:00,316,94,13
4558609924,2016-04-13 14:00:00,292,93,14
4558609924,2016-04-13 15:00:00,113,74,15
4558609924,2016-04-13 16:00:00,1957,178,16
4558609924,2016-04-13 17:00:00,1303,128,17
4558609924,2016-04-13 18:00:00,24,61,18
4558609924,2016-04-13 19:00:00,0,56,19
4558609924,2016-04-13 20:00:00,0,56,20
4558609924,2016-04-13 21:00:00,0,56,21
4558609924,2016-04-13 22:00:00,0,56,22
4558609924,2016-04-13 23:00:00,0,56,23
4558609924,2016-04-14 00:00:00,0,56,0
4558609924,2016-04-14 01:00:00,0,56,1
4558609924,2016-04-14 02:00:00,0,56,2
4558609924,2016-04-14 03:00:00,0,56,3
4558609924,2016-04-14 04:00:00,0,56,4
4558609924,2016-04-14 05:00:00,0,56,5
4558609924,2016-04-14 06:00:00,0,56,6
4558609924,2016-04-14 07:00:00,0,56,7
4558609924,2016-04-14 08:00:00,0,56,8
4558609924,2016-04-14 09:00:00,622,107,9
4558609924,2016-04-14 10:00:00,280,85,10
4558609924,2016-04-14 11:00:00,238,79,11
4558609924,2016-04-14 12:00:00,528,105,12
4558609924,2016-04-14 13:00:00,688,110,13
4558609924,2016-04-14 14:00:00,1032,131,14
4558609924,2016-04-14 15:00:00,71,71,15
4558609924,2016-04-14 16:00:00,984,127,16
4558609924,2016-04-14 17:00:00,966,125,17
4558609924,2016-04-14 18:00:00,216,81,18
4558609924,2016-04-14 19:00:00,431,99,19
4558609924,2016-04-14 20:00:00,576,114,20
4558609924,2016-04-14 21:00:00,112,69,21
4558609924,2016-04-14 22:00:00,55,62,22
4558609924,2016-04-14 23:00:00,0,56,23
4558609924,2016-04-15 00:00:00,0,56,0
4558609924,2016-04-15 01:00:00,0,56,1
4558609924,2016-04-15 02:00:00,0,56,2
4558609924,2016-04-15 03:00:00,0,56,3
4558609924,2016-04-15 04:00:00,0,56,4
4558609924,2016-04-15 05:00:00,0,56,5
4558609924,2016-04-15 06:00:00,0,56,6
4558609924,2016-04-15 07:00:00,0,56,7
4558609924,2016-04-15 08:00:00,110,69,8
4558609924,2016-04-15 09:00:00,269,96,9
4558609924,2016-04-15 10:00:00,411,99,10
4558609924,2016-04-15 11:00:00,468,108,11
4558609924,2016-04-15 12:00:00,459,100,12
4558609924,2016-04-15 13:00:00,1578,203,13
4558609924,2016-04-15 14:00:00,962,169,14
4558609924,2016-04-15 15:00:00,237,96,15
4558609924,2016-04-15 16:00:00,414,103,16
4558609924,2016-04-15 17:00:00,932,137,17
4558609924,2016-04-15 18:00:00,259,82,18
4558609924,2016-04-15 19:00:00,1238,139,19
4558609924,2016-04-15 20:00:00,234,81,20
4558609924,2016-04-15 21:00:00,10,57,21
4558609924,2016-04-15 22:00:00,150,72,22
4558609924,2016-04-15 23:00:00,64,65,23
4558609924,2016-04-16 00:00:00,89,68,0
4558609924,2016-04-16 01:00:00,0,57,1
4558609924,2016-04-16 02:00:00,11,57,2
4558609924,2016-04-16 03:00:00,0,56,3
4558609924,2016-04-16 04:00:00,0,56,4
4558609924,2016-04-16 05:00:00,0,56,5
4558609924,2016-04-16 06:00:00,0,56,6
4558609924,2016-04-16 07:00:00,0,56,7
4558609924,2016-04-16 08:00:00,0,56,8
4558609924,2016-04-16 09:00:00,270,82,9
4558609924,2016-04-16 10:00:00,604,114,10
4558609924,2016-04-16 11:00:00,128,73,11
4558609924,2016-04-16 12:00:00,514,110,12
4558609924,2016-04-16 13:00:00,464,108,13
4558609924,2016-04-16 14:00:00,917,142,14
4558609924,2016-04-16 15:00:00,573,112,15
4558609924,2016-04-16 16:00:00,465,103,16
4558609924,2016-04-16 17:00:00,279,86,17
4558609924,2016-04-16 18:00:00,364,98,18
4558609924,2016-04-16 19:00:00,2036,170,19
4558609924,2016-04-16 20:00:00,384,84,20
4558609924,2016-04-16 21:00:00,30,61,21
4558609924,2016-04-16 22:00:00,29,61,22
4558609924,2016-04-16 23:00:00,108,71,23
4558609924,2016-04-17 00:00:00,32,60,0
4558609924,2016-04-17 01:00:00,0,56,1
4558609924,2016-04-17 02:00:00,0,56,2
4558609924,2016-04-17 03:00:00,0,56,3
4558609924,2016-04-17 04:00:00,0,56,4
4558609924,2016-04-17 05:00:00,0,56,5
4558609924,2016-04-17 06:00:00,0,56,6
4558609924,2016-04-17 07:00:00,0,56,7
4558609924,2016-04-17 08:00:00,0,56,8
4558609924,2016-04-17 09:00:00,360,102,9
4558609924,2016-04-17 10:00:00,661,113,10
4558609924,2016-04-17 11:00:00,2127,178,11
4558609924,2016-04-17 12:00:00,2483,204,12
4558609924,2016-04-17 13:00:00,258,90,13
4558609924,2016-04-17 14:00:00,717,115,14
4558609924,2016-04-17 15:00:00,246,92,15
4558609924,2016-04-17 16:00:00,336,97,16
4558609924,2016-04-17 17:00:00,800,135,17
4558609924,2016-04-17 18:00:00,45,65,18
4558609924,2016-04-17 19:00:00,659,107,19
4558609924,2016-04-17 20:00:00,272,86,20
4558609924,2016-04-17 21:00:00,349,89,21
4558609924,2016-04-17 22:00:00,284,81,22
4558609924,2016-04-17 23:00:00,5,57,23
4558609924,2016-04-18 00:00:00,0,56,0
4558609924,2016-04-18 01:00:00,0,56,1
4558609924,2016-04-18 02:00:00,0,56,2
4558609924,2016-04-18 03:00:00,0,56,3
4558609924,2016-04-18 04:00:00,0,56,4
4558609924,2016-04-18 05:00:00,0,56,5
4558609924,2016-04-18 06:00:00,0,56,6
4558609924,2016-04-18 07:00:00,120,78,7
4558609924,2016-04-18 08:00:00,401,108,8
4558609924,2016-04-18 09:00:00,329,91,9
4558609924,2016-04-18 10:00:00,292,85,10
4558609924,2016-04-18 11:00:00,893,135,11
4558609924,2016-04-18 12:00:00,309,92,12
4558609924,2016-04-18 13:00:00,487,112,13
4558609924,2016-04-18 14:00:00,243,86,14
4558609924,2016-04-18 15:00:00,292,91,15
4558609924,2016-04-18 16:00:00,3396,228,16
4558609924,2016-04-18 17:00:00,547,116,17
4558609924,2016-04-18 18:00:00,463,112,18
4558609924,2016-04-18 19:00:00,596,115,19
4558609924,2016-04-18 20:00:00,471,96,20
4558609924,2016-04-18 21:00:00,92,67,21
4558609924,2016-04-18 22:00:00,9,59,22
4558609924,2016-04-18 23:00:00,0,56,23
4558609924,2016-04-19 00:00:00,0,56,0
4558609924,2016-04-19 01:00:00,0,56,1
4558609924,2016-04-19 02:00:00,0,56,2
4558609924,2016-04-19 03:00:00,0,56,3
4558609924,2016-04-19 04:00:00,0,56,4
4558609924,2016-04-19 05:00:00,0,56,5
4558609924,2016-04-19 06:00:00,0,56,6
4558609924,2016-04-19 07:00:00,0,56,7
4558609924,2016-04-19 08:00:00,0,56,8
4558609924,2016-04-19 09:00:00,0,56,9
4558609924,2016-04-19 10:00:00,0,56,10
4558609924,2016-04-19 11:00:00,0,56,11
4558609924,2016-04-19 12:00:00,27,58,12
4558609924,2016-04-19 13:00:00,480,113,13
4558609924,2016-04-19 14:00:00,444,111,14
4558609924,2016-04-19 15:00:00,197,82,15
4558609924,2016-04-19 16:00:00,386,92,16
4558609924,2016-04-19 17:00:00,1134,145,17
4558609924,2016-04-19 18:00:00,503,118,18
4558609924,2016-04-19 19:00:00,882,130,19
4558609924,2016-04-19 20:00:00,501,103,20
4558609924,2016-04-19 21:00:00,278,78,21
4558609924,2016-04-19 22:00:00,539,113,22
4558609924,2016-04-19 23:00:00,30,63,23
4558609924,2016-04-20 00:00:00,29,60,0
4558609924,2016-04-20 01:00:00,0,56,1
4558609924,2016-04-20 02:00:00,0,56,2
4558609924,2016-04-20 03:00:00,0,56,3
4558609924,2016-04-20 04:00:00,0,56,4
4558609924,2016-04-20 05:00:00,0,56,5
4558609924,2016-04-20 06:00:00,0,56,6
4558609924,2016-04-20 07:00:00,0,56,7
4558609924,2016-04-20 08:00:00,0,56,8
4558609924,2016-04-20 09:00:00,0,56,9
4558609924,2016-04-20 10:00:00,69,68,10
4558609924,2016-04-20 11:00:00,442,99,11
4558609924,2016-04-20 12:00:00,305,86,12
4558609924,2016-04-20 13:00:00,442,90,13
4558609924,2016-04-20 14:00:00,315,87,14
4558609924,2016-04-20 15:00:00,252,81,15
4558609924,2016-04-20 16:00:00,190,69,16
4558609924,2016-04-20 17:00:00,453,102,17
4558609924,2016-04-20 18:00:00,723,126,18
4558609924,2016-04-20 19:00:00,640,98,19
4558609924,2016-04-20 20:00:00,499,101,20
4558609924,2016-04-20 21:00:00,100,70,21
4558609924,2016-04-20 22:00:00,139,76,22
4558609924,2016-04-20 23:00:00,205,71,23
4558609924,2016-04-21 00:00:00,58,64,0
4558609924,2016-04-21 01:00:00,0,56,1
4558609924,2016-04-21 02:00:00,11,57,2
4558609924,2016-04-21 03:00:00,0,56,3
4558609924,2016-04-21 04:00:00,0,56,4
4558609924,2016-04-21 05:00:00,0,56,5
4558609924,2016-04-21 06:00:00,0,56,6
4558609924,2016-04-21 07:00:00,188,80,7
4558609924,2016-04-21 08:00:00,1190,149,8
4558609924,2016-04-21 09:00:00,1096,172,9
4558609924,2016-04-21 10:00:00,1954,188,10
4558609924,2016-04-21 11:00:00,1449,166,11
4558609924,2016-04-21 12:00:00,1045,158,12
4558609924,2016-04-21 13:00:00,556,116,13
4558609924,2016-04-21 14:00:00,548,110,14
4558609924,2016-04-21 15:00:00,446,97,15
4558609924,2016-04-21 16:00:00,803,119,16
4558609924,2016-04-21 17:00:00,1498,151,17
4558609924,2016-04-21 18:00:00,1686,163,18
4558609924,2016-04-21 19:00:00,422,95,19
4558609924,2016-04-21 20:00:00,212,83,20
4558609924,2016-04-21 21:00:00,271,88,21
4558609924,2016-04-21 22:00:00,208,82,22
4558609924,2016-04-21 23:00:00,102,70,23
4558609924,2016-04-22 00:00:00,32,61,0
4558609924,2016-04-22 01:00:00,62,63,1
4558609924,2016-04-22 02:00:00,0,56,2
4558609924,2016-04-22 03:00:00,0,56,3
4558609924,2016-04-22 04:00:00,0,56,4
4558609924,2016-04-22 05:00:00,0,56,5
4558609924,2016-04-22 06:00:00,0,56,6
4558609924,2016-04-22 07:00:00,0,56,7
4558609924,2016-04-22 08:00:00,0,56,8
4558609924,2016-04-22 09:00:00,235,86,9
4558609924,2016-04-22 10:00:00,487,110,10
4558609924,2016-04-22 11:00:00,387,91,11
4558609924,2016-04-22 12:00:00,147,72,12
4558609924,2016-04-22 13:00:00,365,84,13
4558609924,2016-04-22 14:00:00,438,100,14
4558609924,2016-04-22 15:00:00,829,139,15
4558609924,2016-04-22 16:00:00,367,102,16
4558609924,2016-04-22 17:00:00,317,93,17
4558609924,2016-04-22 18:00:00,4688,285,18
4558609924,2016-04-22 19:00:00,73,73,19
4558609924,2016-04-22 20:00:00,520,107,20
4558609924,2016-04-22 21:00:00,173,76,21
4558609924,2016-04-22 22:00:00,454,103,22
4558609924,2016-04-22 23:00:00,27,59,23
4558609924,2016-04-23 00:00:00,489,110,0
4558609924,2016-04-23 01:00:00,56,64,1
4558609924,2016-04-23 02:00:00,0,56,2
4558609924,2016-04-23 03:00:00,0,56,3
4558609924,2016-04-23 04:00:00,0,56,4
4558609924,2016-04-23 05:00:00,0,56,5
4558609924,2016-04-23 06:00:00,0,56,6
4558609924,2016-04-23 07:00:00,0,56,7
4558609924,2016-04-23 08:00:00,0,56,8
4558609924,2016-04-23 09:00:00,385,101,9
4558609924,2016-04-23 10:00:00,269,97,10
4558609924,2016-04-23 11:00:00,145,82,11
4558609924,2016-04-23 12:00:00,187,88,12
4558609924,2016-04-23 13:00:00,387,98,13
4558609924,2016-04-23 14:00:00,1265,146,14
4558609924,2016-04-23 15:00:00,838,130,15
4558609924,2016-04-23 16:00:00,551,128,16
4558609924,2016-04-23 17:00:00,350,108,17
4558609924,2016-04-23 18:00:00,640,122,18
4558609924,2016-04-23 19:00:00,516,111,19
4558609924,2016-04-23 20:00:00,256,80,20
4558609924,2016-04-23 21:00:00,399,96,21
4558609924,2016-04-23 22:00:00,8,58,22
4558609924,2016-04-23 23:00:00,149,71,23
4558609924,2016-04-24 00:00:00,0,56,0
4558609924,2016-04-24 01:00:00,0,56,1
4558609924,2016-04-24 02:00:00,0,56,2
4558609924,2016-04-24 03:00:00,0,56,3
4558609924,2016-04-24 04:00:00,0,56,4
4558609924,2016-04-24 05:00:00,0,56,5
4558609924,2016-04-24 06:00:00,0,56,6
4558609924,2016-04-24 07:00:00,0,56,7
4558609924,2016-04-24 08:00:00,522,112,8
4558609924,2016-04-24 09:00:00,422,99,9
4558609924,2016-04-24 10:00:00,1081,140,10
4558609924,2016-04-24 11:00:00,420,103,11
4558609924,2016-04-24 12:00:00,1046,138,12
4558609924,2016-04-24 13:00:00,214,89,13
4558609924,2016-04-24 14:00:00,657,120,14
4558609924,2016-04-24 15:00:00,1136,158,15
4558609924,2016-04-24 16:00:00,484,111,16
4558609924,2016-04-24 17:00:00,563,115,17
4558609924,2016-04-24 18:00:00,401,88,18
4558609924,2016-04-24 19:00:00,395,93,19
4558609924,2016-04-24 20:00:00,219,80,20
4558609924,2016-04-24 21:00:00,239,86,21
4558609924,2016-04-24 22:00:00,271,90,22
4558609924,2016-04-24 23:00:00,483,97,23
4558609924,2016-04-25 00:00:00,98,65,0
4558609924,2016-04-25 01:00:00,54,60,1
4558609924,2016-04-25 02:00:00,0,56,2
4558609924,2016-04-25 03:00:00,0,56,3
4558609924,2016-04-25 04:00:00,0,56,4
4558609924,2016-04-25 05:00:00,0,56,5
4558609924,2016-04-25 06:00:00,0,56,6
4558609924,2016-04-25 07:00:00,0,56,7
4558609924,2016-04-25 08:00:00,0,56,8
4558609924,2016-04-25 09:00:00,359,94,9
4558609924,2016-04-25 10:00:00,476,121,10
4558609924,2016-04-25 11:00:00,289,93,11
4558609924,2016-04-25 12:00:00,272,85,12
4558609924,2016-04-25 13:00:00,499,113,13
4558609924,2016-04-25 14:00:00,570,114,14
4558609924,2016-04-25 15:00:00,670,111,15
4558609924,2016-04-25 16:00:00,1641,249,16
4558609924,2016-04-25 17:00:00,358,134,17
4558609924,2016-04-25 18:00:00,433,118,18
4558609924,2016-04-25 19:00:00,654,123,19
4558609924,2016-04-25 20:00:00,449,98,20
4558609924,2016-04-25 21:00:00,990,122,21
4558609924,2016-04-25 22:00:00,283,79,22
4558609924,2016-04-25 23:00:00,0,56,23
4558609924,2016-04-26 00:00:00,0,56,0
4558609924,2016-04-26 01:00:00,0,56,1
4558609924,2016-04-26 02:00:00,0,56,2
4558609924,2016-04-26 03:00:00,0,56,3
4558609924,2016-04-26 04:00:00,0,56,4
4558609924,2016-04-26 05:00:00,0,56,5
4558609924,2016-04-26 06:00:00,0,56,6
4558609924,2016-04-26 07:00:00,0,56,7
4558609924,2016-04-26 08:00:00,192,77,8
4558609924,2016-04-26 09:00:00,491,108,9
4558609924,2016-04-26 10:00:00,303,100,10
4558609924,2016-04-26 11:00:00,628,114,11
4558609924,2016-04-26 12:00:00,334,95,12
4558609924,2016-04-26 13:00:00,228,85,13
4558609924,2016-04-26 14:00:00,150,75,14
4558609924,2016-04-26 15:00:00,1319,190,15
4558609924,2016-04-26 16:00:00,152,120,16
4558609924,2016-04-26 17:00:00,2600,211,17
4558609924,2016-04-26 18:00:00,1500,140,18
4558609924,2016-04-26 19:00:00,124,87,19
4558609924,2016-04-26 20:00:00,651,137,20
4558609924,2016-04-26 21:00:00,187,90,21
4558609924,2016-04-26 22:00:00,64,61,22
4558609924,2016-04-26 23:00:00,225,82,23
4558609924,2016-04-27 00:00:00,72,65,0
4558609924,2016-04-27 01:00:00,0,56,1
4558609924,2016-04-27 02:00:00,0,56,2
4558609924,2016-04-27 03:00:00,0,56,3
4558609924,2016-04-27 04:00:00,0,56,4
4558609924,2016-04-27 05:00:00,0,56,5
4558609924,2016-04-27 06:00:00,0,56,6
4558609924,2016-04-27 07:00:00,0,56,7
4558609924,2016-04-27 08:00:00,0,56,8
4558609924,2016-04-27 09:00:00,263,85,9
4558609924,2016-04-27 10:00:00,601,119,10
4558609924,2016-04-27 11:00:00,242,86,11
4558609924,2016-04-27 12:00:00,598,114,12
4558609924,2016-04-27 13:00:00,233,89,13
4558609924,2016-04-27 14:00:00,201,81,14
4558609924,2016-04-27 15:00:00,720,118,15
4558609924,2016-04-27 16:00:00,264,100,16
4558609924,2016-04-27 17:00:00,346,98,17
4558609924,2016-04-27 18:00:00,3807,231,18
4558609924,2016-04-27 19:00:00,1113,132,19
4558609924,2016-04-27 20:00:00,602,110,20
4558609924,2016-04-27 21:00:00,351,92,21
4558609924,2016-04-27 22:00:00,144,74,22
4558609924,2016-04-27 23:00:00,0,56,23
4558609924,2016-04-28 00:00:00,0,56,0
4558609924,2016-04-28 01:00:00,0,56,1
4558609924,2016-04-28 02:00:00,0,56,2
4558609924,2016-04-28 03:00:00,0,56,3
4558609924,2016-04-28 04:00:00,0,56,4
4558609924,2016-04-28 05:00:00,0,56,5
4558609924,2016-04-28 06:00:00,480,96,6
4558609924,2016-04-28 07:00:00,840,129,7
4558609924,2016-04-28 08:00:00,875,127,8
4558609924,2016-04-28 09:00:00,770,123,9
4558609924,2016-04-28 10:00:00,566,108,10
4558609924,2016-04-28 11:00:00,515,93,11
4558609924,2016-04-28 12:00:00,459,87,12
4558609924,2016-04-28 13:00:00,797,116,13
4558609924,2016-04-28 14:00:00,565,118,14
4558609924,2016-04-28 15:00:00,821,145,15
4558609924,2016-04-28 16:00:00,1606,158,16
4558609924,2016-04-28 17:00:00,498,125,17
4558609924,2016-04-28 18:00:00,110,73,18
4558609924,2016-04-28 19:00:00,156,77,19
4558609924,2016-04-28 20:00:00,178,75,20
4558609924,2016-04-28 21:00:00,143,75,21
4558609924,2016-04-28 22:00:00,67,68,22
4558609924,2016-04-28 23:00:00,5,58,23
4558609924,2016-04-29 00:00:00,0,56,0
4558609924,2016-04-29 01:00:00,0,56,1
4558609924,2016-04-29 02:00:00,0,56,2
4558609924,2016-04-29 03:00:00,0,56,3
4558609924,2016-04-29 04:00:00,0,56,4
4558609924,2016-04-29 05:00:00,0,56,5
4558609924,2016-04-29 06:00:00,0,56,6
4558609924,2016-04-29 07:00:00,0,56,7
4558609924,2016-04-29 08:00:00,0,56,8
4558609924,2016-04-29 09:00:00,41,62,9
4558609924,2016-04-29 10:00:00,416,95,10
4558609924,2016-04-29 11:00:00,213,82,11
4558609924,2016-04-29 12:00:00,411,93,12
4558609924,2016-04-29 13:00:00,612,109,13
4558609924,2016-04-29 14:00:00,66,70,14
4558609924,2016-04-29 15:00:00,2190,165,15
4558609924,2016-04-29 16:00:00,2660,186,16
4558609924,2016-04-29 17:00:00,93,72,17
4558609924,2016-04-29 18:00:00,95,70,18
4558609924,2016-04-29 19:00:00,279,84,19
4558609924,2016-04-29 20:00:00,164,85,20
4558609924,2016-04-29 21:00:00,410,104,21
4558609924,2016-04-29 22:00:00,86,67,22
4558609924,2016-04-29 23:00:00,97,73,23
4558609924,2016-04-30 00:00:00,0,57,0
4558609924,2016-04-30 01:00:00,105,64,1
4558609924,2016-04-30 02:00:00,0,56,2
4558609924,2016-04-30 03:00:00,0,56,3
4558609924,2016-04-30 04:00:00,0,56,4
4558609924,2016-04-30 05:00:00,0,56,5
4558609924,2016-04-30 06:00:00,303,82,6
4558609924,2016-04-30 07:00:00,218,73,7
4558609924,2016-04-30 08:00:00,155,69,8
4558609924,2016-04-30 09:00:00,360,96,9
4558609924,2016-04-30 10:00:00,365,102,10
4558609924,2016-04-30 11:00:00,117,75,11
4558609924,2016-04-30 12:00:00,273,92,12
4558609924,2016-04-30 13:00:00,360,90,13
4558609924,2016-04-30 14:00:00,1721,171,14
4558609924,2016-04-30 15:00:00,410,96,15
4558609924,2016-04-30 16:00:00,142,75,16
4558609924,2016-04-30 17:00:00,812,116,17
4558609924,2016-04-30 18:00:00,3370,233,18
4558609924,2016-04-30 19:00:00,1239,115,19
4558609924,2016-04-30 20:00:00,15,61,20
4558609924,2016-04-30 21:00:00,143,83,21
4558609924,2016-04-30 22:00:00,156,72,22
4558609924,2016-04-30 23:00:00,46,60,23
4558609924,2016-05-01 00:00:00,0,56,0
4558609924,2016-05-01 01:00:00,0,56,1
4558609924,2016-05-01 02:00:00,0,56,2
4558609924,2016-05-01 03:00:00,0,56,3
4558609924,2016-05-01 04:00:00,0,56,4
4558609924,2016-05-01 05:00:00,0,56,5
4558609924,2016-05-01 06:00:00,0,56,6
4558609924,2016-05-01 07:00:00,0,56,7
4558609924,2016-05-01 08:00:00,0,56,8
4558609924,2016-05-01 09:00:00,361,98,9
4558609924,2016-05-01 10:00:00,594,101,10
4558609924,2016-05-01 11:00:00,117,70,11
4558609924,2016-05-01 12:00:00,305,92,12
4558609924,2016-05-01 13:00:00,287,87,13
4558609924,2016-05-01 14:00:00,409,94,14
4558609924,2016-05-01 15:00:00,433,85,15
4558609924,2016-05-01 16:00:00,25,60,16
4558609924,2016-05-01 17:00:00,282,88,17
4558609924,2016-05-01 18:00:00,190,82,18
4558609924,2016-05-01 19:00:00,343,93,19
4558609924,2016-05-01 20:00:00,50,64,20
4558609924,2016-05-01 21:00:00,32,62,21
4558609924,2016-05-01 22:00:00,0,56,22
4558609924,2016-05-01 23:00:00,0,56,23
4558609924,2016-05-02 00:00:00,0,56,0
4558609924,2016-05-02 01:00:00,0,56,1
4558609924,2016-05-02 02:00:00,0,56,2
4558609924,2016-05-02 03:00:00,0,56,3
4558609924,2016-05-02 04:00:00,0,56,4
4558609924,2016-05-02 05:00:00,0,56,5
4558609924,2016-05-02 06:00:00,0,56,6
4558609924,2016-05-02 07:00:00,0,56,7
4558609924,2016-05-02 08:00:00,623,115,8
4558609924,2016-05-02 09:00:00,452,93,9
4558609924,2016-05-02 10:00:00,902,132,10
4558609924,2016-05-02 11:00:00,1036,133,11
4558609924,2016-05-02 12:00:00,308,90,12
4558609924,2016-05-02 13:00:00,180,80,13
4558609924,2016-05-02 14:00:00,362,103,14
4558609924,2016-05-02 15:00:00,356,97,15
4558609924,2016-05-02 16:00:00,532,101,16
4558609924,2016-05-02 17:00:00,283,91,17
4558609924,2016-05-02 18:00:00,582,109,18
4558609924,2016-05-02 19:00:00,515,102,19
4558609924,2016-05-02 20:00:00,746,117,20
4558609924,2016-05-02 21:00:00,849,124,21
4558609924,2016-05-02 22:00:00,131,72,22
4558609924,2016-05-02 23:00:00,34,63,23
4558609924,2016-05-03 00:00:00,36,58,0
4558609924,2016-05-03 01:00:00,48,62,1
4558609924,2016-05-03 02:00:00,2,57,2
4558609924,2016-05-03 03:00:00,0,56,3
4558609924,2016-05-03 04:00:00,0,56,4
4558609924,2016-05-03 05:00:00,0,56,5
4558609924,2016-05-03 06:00:00,0,56,6
4558609924,2016-05-03 07:00:00,0,56,7
4558609924,2016-05-03 08:00:00,0,56,8
4558609924,2016-05-03 09:00:00,245,81,9
4558609924,2016-05-03 10:00:00,301,91,10
4558609924,2016-05-03 11:00:00,367,103,11
4558609924,2016-05-03 12:00:00,253,99,12
4558609924,2016-05-03 13:00:00,200,82,13
4558609924,2016-05-03 14:00:00,266,89,14
4558609924,2016-05-03 15:00:00,86,69,15
4558609924,2016-05-03 16:00:00,758,114,16
4558609924,2016-05-03 17:00:00,337,97,17
4558609924,2016-05-03 18:00:00,1714,261,18
4558609924,2016-05-03 19:00:00,44,65,19
4558609924,2016-05-03 20:00:00,29,62,20
4558609924,2016-05-03 21:00:00,307,92,21
4558609924,2016-05-03 22:00:00,229,79,22
4558609924,2016-05-03 23:00:00,45,60,23
4558609924,2016-05-04 00:00:00,0,56,0
4558609924,2016-05-04 01:00:00,0,56,1
4558609924,2016-05-04 02:00:00,0,56,2
4558609924,2016-05-04 03:00:00,0,56,3
4558609924,2016-05-04 04:00:00,0,56,4
4558609924,2016-05-04 05:00:00,0,56,5
4558609924,2016-05-04 06:00:00,0,56,6
4558609924,2016-05-04 07:00:00,0,56,7
4558609924,2016-05-04 08:00:00,0,56,8
4558609924,2016-05-04 09:00:00,0,56,9
4558609924,2016-05-04 10:00:00,243,88,10
4558609924,2016-05-04 11:00:00,261,90,11
4558609924,2016-05-04 12:00:00,203,83,12
4558609924,2016-05-04 13:00:00,51,63,13
4558609924,2016-05-04 14:00:00,195,69,14
4558609924,2016-05-04 15:00:00,893,112,15
4558609924,2016-05-04 16:00:00,166,82,16
4558609924,2016-05-04 17:00:00,1119,142,17
4558609924,2016-05-04 18:00:00,287,92,18
4558609924,2016-05-04 19:00:00,390,100,19
4558609924,2016-05-04 20:00:00,434,93,20
4558609924,2016-05-04 21:00:00,502,105,21
4558609924,2016-05-04 22:00:00,212,80,22
4558609924,2016-05-04 23:00:00,276,87,23
4558609924,2016-05-05 00:00:00,0,56,0
4558609924,2016-05-05 01:00:00,0,56,1
4558609924,2016-05-05 02:00:00,0,56,2
4558609924,2016-05-05 03:00:00,0,56,3
4558609924,2016-05-05 04:00:00,0,56,4
4558609924,2016-05-05 05:00:00,0,56,5
4558609924,2016-05-05 06:00:00,0,56,6
4558609924,2016-05-05 07:00:00,140,83,7
4558609924,2016-05-05 08:00:00,420,104,8
4558609924,2016-05-05 09:00:00,1240,174,9
4558609924,2016-05-05 10:00:00,237,83,10
4558609924,2016-05-05 11:00:00,2975,199,11
4558609924,2016-05-05 12:00:00,887,144,12
4558609924,2016-05-05 13:00:00,244,86,13
4558609924,2016-05-05 14:00:00,127,77,14
4558609924,2016-05-05 15:00:00,451,104,15
4558609924,2016-05-05 16:00:00,1183,142,16
4558609924,2016-05-05 17:00:00,768,127,17
4558609924,2016-05-05 18:00:00,520,110,18
4558609924,2016-05-05 19:00:00,444,109,19
4558609924,2016-05-05 20:00:00,447,114,20
4558609924,2016-05-05 21:00:00,325,88,21
4558609924,2016-05-05 22:00:00,186,70,22
4558609924,2016-05-05 23:00:00,17,59,23
4558609924,2016-05-06 00:00:00,9,57,0
4558609924,2016-05-06 01:00:00,0,56,1
4558609924,2016-05-06 02:00:00,0,56,2
4558609924,2016-05-06 03:00:00,0,56,3
4558609924,2016-05-06 04:00:00,0,56,4
4558609924,2016-05-06 05:00:00,0,56,5
4558609924,2016-05-06 06:00:00,0,56,6
4558609924,2016-05-06 07:00:00,0,56,7
4558609924,2016-05-06 08:00:00,0,56,8
4558609924,2016-05-06 09:00:00,571,96,9
4558609924,2016-05-06 10:00:00,596,112,10
4558609924,2016-05-06 11:00:00,366,96,11
4558609924,2016-05-06 12:00:00,547,111,12
4558609924,2016-05-06 13:00:00,331,89,13
4558609924,2016-05-06 14:00:00,212,78,14
4558609924,2016-05-06 15:00:00,183,79,15
4558609924,2016-05-06 16:00:00,348,91,16
4558609924,2016-05-06 17:00:00,57,63,17
4558609924,2016-05-06 18:00:00,49,63,18
4558609924,2016-05-06 19:00:00,43,61,19
4558609924,2016-05-06 20:00:00,70,65,20
4558609924,2016-05-06 21:00:00,321,99,21
4558609924,2016-05-06 22:00:00,42,62,22
4558609924,2016-05-06 23:00:00,10,57,23
4558609924,2016-05-07 00:00:00,0,56,0
4558609924,2016-05-07 01:00:00,0,56,1
4558609924,2016-05-07 02:00:00,0,56,2
4558609924,2016-05-07 03:00:00,0,56,3
4558609924,2016-05-07 04:00:00,0,56,4
4558609924,2016-05-07 05:00:00,0,56,5
4558609924,2016-05-07 06:00:00,0,56,6
4558609924,2016-05-07 07:00:00,0,56,7
4558609924,2016-05-07 08:00:00,49,60,8
4558609924,2016-05-07 09:00:00,292,84,9
4558609924,2016-05-07 10:00:00,263,85,10
4558609924,2016-05-07 11:00:00,382,103,11
4558609924,2016-05-07 12:00:00,97,68,12
4558609924,2016-05-07 13:00:00,79,66,13
4558609924,2016-05-07 14:00:00,361,93,14
4558609924,2016-05-07 15:00:00,602,124,15
4558609924,2016-05-07 16:00:00,4281,265,16
4558609924,2016-05-07 17:00:00,121,74,17
4558609924,2016-05-07 18:00:00,241,80,18
4558609924,2016-05-07 19:00:00,428,98,19
4558609924,2016-05-07 20:00:00,495,102,20
4558609924,2016-05-07 21:00:00,169,74,21
4558609924,2016-05-07 22:00:00,370,97,22
4558609924,2016-05-07 23:00:00,7,57,23
4558609924,2016-05-08 00:00:00,0,56,0
4558609924,2016-05-08 01:00:00,0,56,1
4558609924,2016-05-08 02:00:00,0,56,2
4558609924,2016-05-08 03:00:00,0,56,3
4558609924,2016-05-08 04:00:00,0,56,4
4558609924,2016-05-08 05:00:00,0,56,5
4558609924,2016-05-08 06:00:00,0,56,6
4558609924,2016-05-08 07:00:00,0,56,7
4558609924,2016-05-08 08:00:00,0,56,8
4558609924,2016-05-08 09:00:00,0,56,9
4558609924,2016-05-08 10:00:00,0,56,10
4558609924,2016-05-08 11:00:00,0,56,11
4558609924,2016-05-08 12:00:00,0,56,12
4558609924,2016-05-08 13:00:00,2136,386,13
4558609924,2016-05-08 14:00:00,1782,258,14
4558609924,2016-05-08 15:00:00,882,179,15
4558609924,2016-05-08 16:00:00,481,202,16
4558609924,2016-05-08 17:00:00,100,161,17
4558609924,2016-05-08 18:00:00,182,126,18
4558609924,2016-05-08 19:00:00,118,131,19
4558609924,2016-05-08 20:00:00,838,297,20
4558609924,2016-05-08 21:00:00,24,92,21
4558609924,2016-05-08 22:00:00,0,56,22
4558609924,2016-05-08 23:00:00,0,56,23
4558609924,2016-05-09 00:00:00,0,56,0
4558609924,2016-05-09 01:00:00,0,56,1
4558609924,2016-05-09 02:00:00,0,56,2
4558609924,2016-05-09 03:00:00,0,56,3
4558609924,2016-05-09 04:00:00,0,56,4
4558609924,2016-05-09 05:00:00,0,56,5
4558609924,2016-05-09 06:00:00,0,56,6
4558609924,2016-05-09 07:00:00,127,80,7
4558609924,2016-05-09 08:00:00,390,101,8
4558609924,2016-05-09 09:00:00,705,136,9
4558609924,2016-05-09 10:00:00,485,99,10
4558609924,2016-05-09 11:00:00,1760,155,11
4558609924,2016-05-09 12:00:00,175,81,12
4558609924,2016-05-09 13:00:00,3432,229,13
4558609924,2016-05-09 14:00:00,976,131,14
4558609924,2016-05-09 15:00:00,444,100,15
4558609924,2016-05-09 16:00:00,575,106,16
4558609924,2016-05-09 17:00:00,139,74,17
4558609924,2016-05-09 18:00:00,92,70,18
4558609924,2016-05-09 19:00:00,496,99,19
4558609924,2016-05-09 20:00:00,503,96,20
4558609924,2016-05-09 21:00:00,785,127,21
4558609924,2016-05-09 22:00:00,348,91,22
4558609924,2016-05-09 23:00:00,19,61,23
4558609924,2016-05-10 00:00:00,37,65,0
4558609924,2016-05-10 01:00:00,92,72,1
4558609924,2016-05-10 02:00:00,0,56,2
4558609924,2016-05-10 03:00:00,0,56,3
4558609924,2016-05-10 04:00:00,0,56,4
4558609924,2016-05-10 05:00:00,0,56,5
4558609924,2016-05-10 06:00:00,0,56,6
4558609924,2016-05-10 07:00:00,0,56,7
4558609924,2016-05-10 08:00:00,0,56,8
4558609924,2016-05-10 09:00:00,0,56,9
4558609924,2016-05-10 10:00:00,0,56,10
4558609924,2016-05-10 11:00:00,101,72,11
4558609924,2016-05-10 12:00:00,209,87,12
4558609924,2016-05-10 13:00:00,150,75,13
4558609924,2016-05-10 14:00:00,313,90,14
4558609924,2016-05-10 15:00:00,43,63,15
4558609924,2016-05-10 16:00:00,257,92,16
4558609924,2016-05-10 17:00:00,314,99,17
4558609924,2016-05-10 18:00:00,271,104,18
4558609924,2016-05-10 19:00:00,3420,230,19
4558609924,2016-05-10 20:00:00,92,66,20
4558609924,2016-05-10 21:00:00,419,92,21
4558609924,2016-05-10 22:00:00,631,117,22
4558609924,2016-05-10 23:00:00,86,66,23
4558609924,2016-05-11 00:00:00,63,67,0
4558609924,2016-05-11 01:00:00,70,81,1
4558609924,2016-05-11 02:00:00,0,56,2
4558609924,2016-05-11 03:00:00,0,56,3
4558609924,2016-05-11 04:00:00,0,56,4
4558609924,2016-05-11 05:00:00,0,56,5
4558609924,2016-05-11 06:00:00,0,56,6
4558609924,2016-05-11 07:00:00,0,56,7
4558609924,2016-05-11 08:00:00,0,56,8
4558609924,2016-05-11 09:00:00,382,94,9
4558609924,2016-05-11 10:00:00,380,101,10
4558609924,2016-05-11 11:00:00,360,83,11
4558609924,2016-05-11 12:00:00,160,73,12
4558609924,2016-05-11 13:00:00,326,87,13
4558609924,2016-05-11 14:00:00,3580,237,14
4558609924,2016-05-11 15:00:00,527,118,15
4558609924,2016-05-11 16:00:00,374,108,16
4558609924,2016-05-11 17:00:00,170,81,17
4558609924,2016-05-11 18:00:00,627,113,18
4558609924,2016-05-11 19:00:00,504,116,19
4558609924,2016-05-11 20:00:00,272,83,20
4558609924,2016-05-11 21:00:00,596,122,21
4558609924,2016-05-11 22:00:00,285,86,22
4558609924,2016-05-11 23:00:00,432,90,23
4558609924,2016-05-12 00:00:00,0,56,0
4558609924,2016-05-12 01:00:00,0,56,1
4558609924,2016-05-12 02:00:00,0,56,2
4558609924,2016-05-12 03:00:00,0,56,3
4558609924,2016-05-12 04:00:00,0,56,4
4558609924,2016-05-12 05:00:00,0,56,5
4558609924,2016-05-12 06:00:00,0,56,6
4558609924,2016-05-12 07:00:00,49,63,7
4558609924,2016-05-12 08:00:00,246,87,8
4558609924,2016-05-12 09:00:00,700,134,9
4558609924,2016-05-12 10:00:00,826,122,10
4558609924,2016-05-12 11:00:00,440,102,11
4558609924,2016-05-12 12:00:00,698,110,12
4558609924,2016-05-12 13:00:00,1233,145,13
4558609924,2016-05-12 14:00:00,1332,141,14
4558609924,2016-05-12 15:00:00,496,111,15
4702921684,2016-04-12 00:00:00,0,84,0
4702921684,2016-04-12 01:00:00,0,85,1
4702921684,2016-04-12 02:00:00,0,85,2
4702921684,2016-04-12 03:00:00,4,87,3
4702921684,2016-04-12 04:00:00,0,84,4
4702921684,2016-04-12 05:00:00,0,85,5
4702921684,2016-04-12 06:00:00,558,149,6
4702921684,2016-04-12 07:00:00,177,115,7
4702921684,2016-04-12 08:00:00,446,157,8
4702921684,2016-04-12 09:00:00,1264,204,9
4702921684,2016-04-12 10:00:00,353,147,10
4702921684,2016-04-12 11:00:00,209,110,11
4702921684,2016-04-12 12:00:00,937,162,12
4702921684,2016-04-12 13:00:00,20,94,13
4702921684,2016-04-12 14:00:00,257,113,14
4702921684,2016-04-12 15:00:00,6,90,15
4702921684,2016-04-12 16:00:00,130,111,16
4702921684,2016-04-12 17:00:00,890,178,17
4702921684,2016-04-12 18:00:00,620,171,18
4702921684,2016-04-12 19:00:00,46,93,19
4702921684,2016-04-12 20:00:00,480,165,20
4702921684,2016-04-12 21:00:00,659,177,21
4702921684,2016-04-12 22:00:00,157,119,22
4702921684,2016-04-12 23:00:00,0,84,23
4702921684,2016-04-13 00:00:00,0,85,0
4702921684,2016-04-13 01:00:00,0,85,1
4702921684,2016-04-13 02:00:00,185,109,2
4702921684,2016-04-13 03:00:00,0,85,3
4702921684,2016-04-13 04:00:00,0,85,4
4702921684,2016-04-13 05:00:00,0,85,5
4702921684,2016-04-13 06:00:00,409,132,6
4702921684,2016-04-13 07:00:00,256,118,7
4702921684,2016-04-13 08:00:00,223,114,8
4702921684,2016-04-13 09:00:00,125,102,9
4702921684,2016-04-13 10:00:00,122,104,10
4702921684,2016-04-13 11:00:00,167,104,11
4702921684,2016-04-13 12:00:00,253,120,12
4702921684,2016-04-13 13:00:00,71,97,13
4702921684,2016-04-13 14:00:00,182,112,14
4702921684,2016-04-13 15:00:00,57,94,15
4702921684,2016-04-13 16:00:00,38,95,16
4702921684,2016-04-13 17:00:00,840,177,17
4702921684,2016-04-13 18:00:00,474,151,18
4702921684,2016-04-13 19:00:00,725,184,19
4702921684,2016-04-13 20:00:00,329,137,20
4702921684,2016-04-13 21:00:00,1416,235,21
4702921684,2016-04-13 22:00:00,999,196,22
4702921684,2016-04-13 23:00:00,6,88,23
4702921684,2016-04-14 00:00:00,0,85,0
4702921684,2016-04-14 01:00:00,0,85,1
4702921684,2016-04-14 02:00:00,0,85,2
4702921684,2016-04-14 03:00:00,0,86,3
4702921684,2016-04-14 04:00:00,0,85,4
4702921684,2016-04-14 05:00:00,5,87,5
4702921684,2016-04-14 06:00:00,618,163,6
4702921684,2016-04-14 07:00:00,239,116,7
4702921684,2016-04-14 08:00:00,0,87,8
4702921684,2016-04-14 09:00:00,1377,202,9
4702921684,2016-04-14 10:00:00,204,114,10
4702921684,2016-04-14 11:00:00,157,101,11
4702921684,2016-04-14 12:00:00,210,114,12
4702921684,2016-04-14 13:00:00,795,171,13
4702921684,2016-04-14 14:00:00,528,148,14
4702921684,2016-04-14 15:00:00,191,120,15
4702921684,2016-04-14 16:00:00,226,122,16
4702921684,2016-04-14 17:00:00,543,152,17
4702921684,2016-04-14 18:00:00,948,192,18
4702921684,2016-04-14 19:00:00,554,159,19
4702921684,2016-04-14 20:00:00,127,120,20
4702921684,2016-04-14 21:00:00,417,154,21
4702921684,2016-04-14 22:00:00,721,153,22
4702921684,2016-04-14 23:00:00,0,85,23
4702921684,2016-04-15 00:00:00,0,84,0
4702921684,2016-04-15 01:00:00,0,84,1
4702921684,2016-04-15 02:00:00,0,84,2
4702921684,2016-04-15 03:00:00,0,84,3
4702921684,2016-04-15 04:00:00,0,84,4
4702921684,2016-04-15 05:00:00,0,84,5
4702921684,2016-04-15 06:00:00,0,84,6
4702921684,2016-04-15 07:00:00,550,152,7
4702921684,2016-04-15 08:00:00,351,132,8
4702921684,2016-04-15 09:00:00,0,84,9
4702921684,2016-04-15 10:00:00,118,98,10
4702921684,2016-04-15 11:00:00,58,96,11
4702921684,2016-04-15 12:00:00,337,132,12
4702921684,2016-04-15 13:00:00,109,102,13
4702921684,2016-04-15 14:00:00,105,113,14
4702921684,2016-04-15 15:00:00,101,102,15
4702921684,2016-04-15 16:00:00,1006,177,16
4702921684,2016-04-15 17:00:00,406,151,17
4702921684,2016-04-15 18:00:00,755,180,18
4702921684,2016-04-15 19:00:00,553,149,19
4702921684,2016-04-15 20:00:00,623,182,20
4702921684,2016-04-15 21:00:00,794,205,21
4702921684,2016-04-15 22:00:00,562,154,22
4702921684,2016-04-15 23:00:00,78,99,23
4702921684,2016-04-16 00:00:00,0,85,0
4702921684,2016-04-16 01:00:00,0,84,1
4702921684,2016-04-16 02:00:00,0,85,2
4702921684,2016-04-16 03:00:00,0,85,3
4702921684,2016-04-16 04:00:00,33,93,4
4702921684,2016-04-16 05:00:00,28,92,5
4702921684,2016-04-16 06:00:00,0,85,6
4702921684,2016-04-16 07:00:00,365,137,7
4702921684,2016-04-16 08:00:00,385,132,8
4702921684,2016-04-16 09:00:00,187,121,9
4702921684,2016-04-16 10:00:00,1383,227,10
4702921684,2016-04-16 11:00:00,1657,234,11
4702921684,2016-04-16 12:00:00,754,157,12
4702921684,2016-04-16 13:00:00,1463,234,13
4702921684,2016-04-16 14:00:00,744,172,14
4702921684,2016-04-16 15:00:00,191,134,15
4702921684,2016-04-16 16:00:00,843,178,16
4702921684,2016-04-16 17:00:00,452,155,17
4702921684,2016-04-16 18:00:00,194,125,18
4702921684,2016-04-16 19:00:00,848,184,19
4702921684,2016-04-16 20:00:00,634,162,20
4702921684,2016-04-16 21:00:00,973,192,21
4702921684,2016-04-16 22:00:00,0,84,22
4702921684,2016-04-16 23:00:00,0,84,23
4702921684,2016-04-17 00:00:00,0,85,0
4702921684,2016-04-17 01:00:00,0,85,1
4702921684,2016-04-17 02:00:00,0,84,2
4702921684,2016-04-17 03:00:00,0,84,3
4702921684,2016-04-17 04:00:00,0,84,4
4702921684,2016-04-17 05:00:00,0,85,5
4702921684,2016-04-17 06:00:00,0,85,6
4702921684,2016-04-17 07:00:00,9,87,7
4702921684,2016-04-17 08:00:00,551,146,8
4702921684,2016-04-17 09:00:00,1105,198,9
4702921684,2016-04-17 10:00:00,805,179,10
4702921684,2016-04-17 11:00:00,440,142,11
4702921684,2016-04-17 12:00:00,1417,249,12
4702921684,2016-04-17 13:00:00,1214,191,13
4702921684,2016-04-17 14:00:00,3926,399,14
4702921684,2016-04-17 15:00:00,1724,261,15
4702921684,2016-04-17 16:00:00,0,90,16
4702921684,2016-04-17 17:00:00,363,147,17
4702921684,2016-04-17 18:00:00,222,133,18
4702921684,2016-04-17 19:00:00,414,162,19
4702921684,2016-04-17 20:00:00,271,128,20
4702921684,2016-04-17 21:00:00,231,120,21
4702921684,2016-04-17 22:00:00,0,84,22
4702921684,2016-04-17 23:00:00,0,85,23
4702921684,2016-04-18 00:00:00,0,85,0
4702921684,2016-04-18 01:00:00,0,86,1
4702921684,2016-04-18 02:00:00,0,84,2
4702921684,2016-04-18 03:00:00,0,84,3
4702921684,2016-04-18 04:00:00,0,84,4
4702921684,2016-04-18 05:00:00,0,84,5
4702921684,2016-04-18 06:00:00,81,91,6
4702921684,2016-04-18 07:00:00,837,173,7
4702921684,2016-04-18 08:00:00,99,95,8
4702921684,2016-04-18 09:00:00,1272,193,9
4702921684,2016-04-18 10:00:00,110,101,10
4702921684,2016-04-18 11:00:00,0,87,11
4702921684,2016-04-18 12:00:00,961,166,12
4702921684,2016-04-18 13:00:00,230,126,13
4702921684,2016-04-18 14:00:00,253,127,14
4702921684,2016-04-18 15:00:00,116,113,15
4702921684,2016-04-18 16:00:00,221,125,16
4702921684,2016-04-18 17:00:00,338,131,17
4702921684,2016-04-18 18:00:00,2146,270,18
4702921684,2016-04-18 19:00:00,1263,214,19
4702921684,2016-04-18 20:00:00,865,179,20
4702921684,2016-04-18 21:00:00,313,143,21
4702921684,2016-04-18 22:00:00,0,86,22
4702921684,2016-04-18 23:00:00,0,85,23
4702921684,2016-04-19 00:00:00,0,85,0
4702921684,2016-04-19 01:00:00,0,87,1
4702921684,2016-04-19 02:00:00,0,85,2
4702921684,2016-04-19 03:00:00,0,85,3
4702921684,2016-04-19 04:00:00,0,84,4
4702921684,2016-04-19 05:00:00,7,88,5
4702921684,2016-04-19 06:00:00,680,162,6
4702921684,2016-04-19 07:00:00,217,114,7
4702921684,2016-04-19 08:00:00,324,120,8
4702921684,2016-04-19 09:00:00,1168,187,9
4702921684,2016-04-19 10:00:00,0,87,10
4702921684,2016-04-19 11:00:00,102,99,11
4702921684,2016-04-19 12:00:00,1000,173,12
4702921684,2016-04-19 13:00:00,49,105,13
4702921684,2016-04-19 14:00:00,216,111,14
4702921684,2016-04-19 15:00:00,37,100,15
4702921684,2016-04-19 16:00:00,395,132,16
4702921684,2016-04-19 17:00:00,860,164,17
4702921684,2016-04-19 18:00:00,483,157,18
4702921684,2016-04-19 19:00:00,248,137,19
4702921684,2016-04-19 20:00:00,336,127,20
4702921684,2016-04-19 21:00:00,586,156,21
4702921684,2016-04-19 22:00:00,0,84,22
4702921684,2016-04-19 23:00:00,0,84,23
4702921684,2016-04-20 00:00:00,0,84,0
4702921684,2016-04-20 01:00:00,7,87,1
4702921684,2016-04-20 02:00:00,0,84,2
4702921684,2016-04-20 03:00:00,0,85,3
4702921684,2016-04-20 04:00:00,0,85,4
4702921684,2016-04-20 05:00:00,15,88,5
4702921684,2016-04-20 06:00:00,1047,187,6
4702921684,2016-04-20 07:00:00,494,148,7
4702921684,2016-04-20 08:00:00,2,88,8
4702921684,2016-04-20 09:00:00,662,143,9
4702921684,2016-04-20 10:00:00,26,101,10
4702921684,2016-04-20 11:00:00,903,174,11
4702921684,2016-04-20 12:00:00,136,111,12
4702921684,2016-04-20 13:00:00,139,105,13
4702921684,2016-04-20 14:00:00,97,103,14
4702921684,2016-04-20 15:00:00,168,117,15
4702921684,2016-04-20 16:00:00,123,113,16
4702921684,2016-04-20 17:00:00,943,178,17
4702921684,2016-04-20 18:00:00,552,165,18
4702921684,2016-04-20 19:00:00,886,177,19
4702921684,2016-04-20 20:00:00,1072,214,20
4702921684,2016-04-20 21:00:00,935,201,21
4702921684,2016-04-20 22:00:00,586,141,22
4702921684,2016-04-20 23:00:00,0,84,23
4702921684,2016-04-21 00:00:00,0,84,0
4702921684,2016-04-21 01:00:00,0,85,1
4702921684,2016-04-21 02:00:00,0,84,2
4702921684,2016-04-21 03:00:00,0,84,3
4702921684,2016-04-21 04:00:00,7,86,4
4702921684,2016-04-21 05:00:00,28,90,5
4702921684,2016-04-21 06:00:00,1407,212,6
4702921684,2016-04-21 07:00:00,760,158,7
4702921684,2016-04-21 08:00:00,82,95,8
4702921684,2016-04-21 09:00:00,0,84,9
4702921684,2016-04-21 10:00:00,0,85,10
4702921684,2016-04-21 11:00:00,0,85,11
4702921684,2016-04-21 12:00:00,214,117,12
4702921684,2016-04-21 13:00:00,112,101,13
4702921684,2016-04-21 14:00:00,185,111,14
4702921684,2016-04-21 15:00:00,124,106,15
4702921684,2016-04-21 16:00:00,215,115,16
4702921684,2016-04-21 17:00:00,1439,208,17
4702921684,2016-04-21 18:00:00,608,159,18
4702921684,2016-04-21 19:00:00,806,181,19
4702921684,2016-04-21 20:00:00,543,146,20
4702921684,2016-04-21 21:00:00,0,84,21
4702921684,2016-04-21 22:00:00,0,84,22
4702921684,2016-04-21 23:00:00,0,84,23
4702921684,2016-04-22 00:00:00,0,84,0
4702921684,2016-04-22 01:00:00,0,84,1
4702921684,2016-04-22 02:00:00,0,84,2
4702921684,2016-04-22 03:00:00,0,84,3
4702921684,2016-04-22 04:00:00,0,84,4
4702921684,2016-04-22 05:00:00,0,84,5
4702921684,2016-04-22 06:00:00,0,84,6
4702921684,2016-04-22 07:00:00,0,84,7
4702921684,2016-04-22 08:00:00,0,84,8
4702921684,2016-04-22 09:00:00,0,84,9
4702921684,2016-04-22 10:00:00,0,84,10
4702921684,2016-04-22 11:00:00,0,84,11
4702921684,2016-04-22 12:00:00,0,84,12
4702921684,2016-04-22 13:00:00,0,84,13
4702921684,2016-04-22 14:00:00,0,84,14
4702921684,2016-04-22 15:00:00,0,84,15
4702921684,2016-04-22 16:00:00,0,84,16
4702921684,2016-04-22 17:00:00,0,84,17
4702921684,2016-04-22 18:00:00,0,84,18
4702921684,2016-04-22 19:00:00,0,84,19
4702921684,2016-04-22 20:00:00,368,148,20
4702921684,2016-04-22 21:00:00,939,192,21
4702921684,2016-04-22 22:00:00,357,134,22
4702921684,2016-04-22 23:00:00,0,87,23
4702921684,2016-04-23 00:00:00,0,84,0
4702921684,2016-04-23 01:00:00,0,85,1
4702921684,2016-04-23 02:00:00,0,85,2
4702921684,2016-04-23 03:00:00,0,85,3
4702921684,2016-04-23 04:00:00,0,85,4
4702921684,2016-04-23 05:00:00,0,85,5
4702921684,2016-04-23 06:00:00,0,84,6
4702921684,2016-04-23 07:00:00,156,110,7
4702921684,2016-04-23 08:00:00,247,120,8
4702921684,2016-04-23 09:00:00,1616,234,9
4702921684,2016-04-23 10:00:00,786,184,10
4702921684,2016-04-23 11:00:00,2196,277,11
4702921684,2016-04-23 12:00:00,1615,240,12
4702921684,2016-04-23 13:00:00,1259,205,13
4702921684,2016-04-23 14:00:00,964,203,14
4702921684,2016-04-23 15:00:00,1411,228,15
4702921684,2016-04-23 16:00:00,856,196,16
4702921684,2016-04-23 17:00:00,869,178,17
4702921684,2016-04-23 18:00:00,337,137,18
4702921684,2016-04-23 19:00:00,652,174,19
4702921684,2016-04-23 20:00:00,616,167,20
4702921684,2016-04-23 21:00:00,1272,223,21
4702921684,2016-04-23 22:00:00,274,138,22
4702921684,2016-04-23 23:00:00,0,84,23
4702921684,2016-04-24 00:00:00,0,85,0
4702921684,2016-04-24 01:00:00,0,84,1
4702921684,2016-04-24 02:00:00,0,85,2
4702921684,2016-04-24 03:00:00,4,87,3
4702921684,2016-04-24 04:00:00,0,85,4
4702921684,2016-04-24 05:00:00,0,84,5
4702921684,2016-04-24 06:00:00,23,90,6
4702921684,2016-04-24 07:00:00,214,110,7
4702921684,2016-04-24 08:00:00,272,130,8
4702921684,2016-04-24 09:00:00,684,158,9
4702921684,2016-04-24 10:00:00,864,184,10
4702921684,2016-04-24 11:00:00,490,141,11
4702921684,2016-04-24 12:00:00,3023,335,12
4702921684,2016-04-24 13:00:00,3962,393,13
4702921684,2016-04-24 14:00:00,1248,200,14
4702921684,2016-04-24 15:00:00,102,111,15
4702921684,2016-04-24 16:00:00,9,92,16
4702921684,2016-04-24 17:00:00,574,163,17
4702921684,2016-04-24 18:00:00,1726,237,18
4702921684,2016-04-24 19:00:00,1045,207,19
4702921684,2016-04-24 20:00:00,554,169,20
4702921684,2016-04-24 21:00:00,132,116,21
4702921684,2016-04-24 22:00:00,124,108,22
4702921684,2016-04-24 23:00:00,0,85,23
4702921684,2016-04-25 00:00:00,0,84,0
4702921684,2016-04-25 01:00:00,0,85,1
4702921684,2016-04-25 02:00:00,0,85,2
4702921684,2016-04-25 03:00:00,0,85,3
4702921684,2016-04-25 04:00:00,0,84,4
4702921684,2016-04-25 05:00:00,162,104,5
4702921684,2016-04-25 06:00:00,719,163,6
4702921684,2016-04-25 07:00:00,249,114,7
4702921684,2016-04-25 08:00:00,161,102,8
4702921684,2016-04-25 09:00:00,15,91,9
4702921684,2016-04-25 10:00:00,203,108,10
4702921684,2016-04-25 11:00:00,157,110,11
4702921684,2016-04-25 12:00:00,149,113,12
4702921684,2016-04-25 13:00:00,273,123,13
4702921684,2016-04-25 14:00:00,248,127,14
4702921684,2016-04-25 15:00:00,209,111,15
4702921684,2016-04-25 16:00:00,182,118,16
4702921684,2016-04-25 17:00:00,1087,187,17
4702921684,2016-04-25 18:00:00,577,151,18
4702921684,2016-04-25 19:00:00,2019,262,19
4702921684,2016-04-25 20:00:00,691,180,20
4702921684,2016-04-25 21:00:00,1395,233,21
4702921684,2016-04-25 22:00:00,644,156,22
4702921684,2016-04-25 23:00:00,0,84,23
4702921684,2016-04-26 00:00:00,0,84,0
4702921684,2016-04-26 01:00:00,0,84,1
4702921684,2016-04-26 02:00:00,0,85,2
4702921684,2016-04-26 03:00:00,0,84,3
4702921684,2016-04-26 04:00:00,0,85,4
4702921684,2016-04-26 05:00:00,57,92,5
4702921684,2016-04-26 06:00:00,924,184,6
4702921684,2016-04-26 07:00:00,263,122,7
4702921684,2016-04-26 08:00:00,0,84,8
4702921684,2016-04-26 09:00:00,0,84,9
4702921684,2016-04-26 10:00:00,0,86,10
4702921684,2016-04-26 11:00:00,155,106,11
4702921684,2016-04-26 12:00:00,286,119,12
4702921684,2016-04-26 13:00:00,86,99,13
4702921684,2016-04-26 14:00:00,241,113,14
4702921684,2016-04-26 15:00:00,131,105,15
4702921684,2016-04-26 16:00:00,31,95,16
4702921684,2016-04-26 17:00:00,974,176,17
4702921684,2016-04-26 18:00:00,936,185,18
4702921684,2016-04-26 19:00:00,741,180,19
4702921684,2016-04-26 20:00:00,505,159,20
4702921684,2016-04-26 21:00:00,606,172,21
4702921684,2016-04-26 22:00:00,172,117,22
4702921684,2016-04-26 23:00:00,0,84,23
4702921684,2016-04-27 00:00:00,0,85,0
4702921684,2016-04-27 01:00:00,0,85,1
4702921684,2016-04-27 02:00:00,0,85,2
4702921684,2016-04-27 03:00:00,0,85,3
4702921684,2016-04-27 04:00:00,0,84,4
4702921684,2016-04-27 05:00:00,36,91,5
4702921684,2016-04-27 06:00:00,1249,201,6
4702921684,2016-04-27 07:00:00,432,146,7
4702921684,2016-04-27 08:00:00,64,97,8
4702921684,2016-04-27 09:00:00,40,105,9
4702921684,2016-04-27 10:00:00,144,104,10
4702921684,2016-04-27 11:00:00,158,105,11
4702921684,2016-04-27 12:00:00,226,115,12
4702921684,2016-04-27 13:00:00,130,110,13
4702921684,2016-04-27 14:00:00,103,103,14
4702921684,2016-04-27 15:00:00,205,118,15
4702921684,2016-04-27 16:00:00,268,122,16
4702921684,2016-04-27 17:00:00,529,147,17
4702921684,2016-04-27 18:00:00,594,159,18
4702921684,2016-04-27 19:00:00,375,154,19
4702921684,2016-04-27 20:00:00,1649,253,20
4702921684,2016-04-27 21:00:00,686,171,21
4702921684,2016-04-27 22:00:00,88,94,22
4702921684,2016-04-27 23:00:00,0,84,23
4702921684,2016-04-28 00:00:00,0,84,0
4702921684,2016-04-28 01:00:00,0,85,1
4702921684,2016-04-28 02:00:00,0,86,2
4702921684,2016-04-28 03:00:00,0,85,3
4702921684,2016-04-28 04:00:00,0,84,4
4702921684,2016-04-28 05:00:00,6,87,5
4702921684,2016-04-28 06:00:00,744,163,6
4702921684,2016-04-28 07:00:00,174,111,7
4702921684,2016-04-28 08:00:00,107,102,8
4702921684,2016-04-28 09:00:00,1455,214,9
4702921684,2016-04-28 10:00:00,89,104,10
4702921684,2016-04-28 11:00:00,151,102,11
4702921684,2016-04-28 12:00:00,996,177,12
4702921684,2016-04-28 13:00:00,104,103,13
4702921684,2016-04-28 14:00:00,101,105,14
4702921684,2016-04-28 15:00:00,191,112,15
4702921684,2016-04-28 16:00:00,156,110,16
4702921684,2016-04-28 17:00:00,900,171,17
4702921684,2016-04-28 18:00:00,211,134,18
4702921684,2016-04-28 19:00:00,1962,268,19
4702921684,2016-04-28 20:00:00,614,163,20
4702921684,2016-04-28 21:00:00,612,169,21
4702921684,2016-04-28 22:00:00,450,129,22
4702921684,2016-04-28 23:00:00,0,85,23
4702921684,2016-04-29 00:00:00,0,85,0
4702921684,2016-04-29 01:00:00,0,86,1
4702921684,2016-04-29 02:00:00,0,85,2
4702921684,2016-04-29 03:00:00,0,84,3
4702921684,2016-04-29 04:00:00,0,84,4
4702921684,2016-04-29 05:00:00,0,85,5
4702921684,2016-04-29 06:00:00,816,181,6
4702921684,2016-04-29 07:00:00,483,140,7
4702921684,2016-04-29 08:00:00,151,105,8
4702921684,2016-04-29 09:00:00,901,163,9
4702921684,2016-04-29 10:00:00,162,105,10
4702921684,2016-04-29 11:00:00,175,115,11
4702921684,2016-04-29 12:00:00,1079,186,12
4702921684,2016-04-29 13:00:00,261,125,13
4702921684,2016-04-29 14:00:00,155,116,14
4702921684,2016-04-29 15:00:00,302,133,15
4702921684,2016-04-29 16:00:00,281,126,16
4702921684,2016-04-29 17:00:00,1223,200,17
4702921684,2016-04-29 18:00:00,1123,199,18
4702921684,2016-04-29 19:00:00,1278,211,19
4702921684,2016-04-29 20:00:00,678,176,20
4702921684,2016-04-29 21:00:00,533,163,21
4702921684,2016-04-29 22:00:00,329,127,22
4702921684,2016-04-29 23:00:00,0,84,23
4702921684,2016-04-30 00:00:00,0,84,0
4702921684,2016-04-30 01:00:00,0,84,1
4702921684,2016-04-30 02:00:00,0,85,2
4702921684,2016-04-30 03:00:00,0,85,3
4702921684,2016-04-30 04:00:00,0,85,4
4702921684,2016-04-30 05:00:00,0,85,5
4702921684,2016-04-30 06:00:00,138,104,6
4702921684,2016-04-30 07:00:00,261,129,7
4702921684,2016-04-30 08:00:00,545,148,8
4702921684,2016-04-30 09:00:00,494,158,9
4702921684,2016-04-30 10:00:00,392,141,10
4702921684,2016-04-30 11:00:00,2135,267,11
4702921684,2016-04-30 12:00:00,1083,192,12
4702921684,2016-04-30 13:00:00,1623,235,13
4702921684,2016-04-30 14:00:00,1757,254,14
4702921684,2016-04-30 15:00:00,1009,203,15
4702921684,2016-04-30 16:00:00,392,152,16
4702921684,2016-04-30 17:00:00,315,120,17
4702921684,2016-04-30 18:00:00,0,84,18
4702921684,2016-04-30 19:00:00,0,84,19
4702921684,2016-04-30 20:00:00,0,84,20
4702921684,2016-04-30 21:00:00,0,84,21
4702921684,2016-04-30 22:00:00,0,84,22
4702921684,2016-04-30 23:00:00,0,84,23
4702921684,2016-05-01 00:00:00,0,84,0
4702921684,2016-05-01 01:00:00,0,84,1
4702921684,2016-05-01 02:00:00,0,84,2
4702921684,2016-05-01 03:00:00,0,84,3
4702921684,2016-05-01 04:00:00,0,84,4
4702921684,2016-05-01 05:00:00,0,84,5
4702921684,2016-05-01 06:00:00,0,84,6
4702921684,2016-05-01 07:00:00,0,84,7
4702921684,2016-05-01 08:00:00,0,84,8
4702921684,2016-05-01 09:00:00,0,84,9
4702921684,2016-05-01 10:00:00,0,84,10
4702921684,2016-05-01 11:00:00,0,84,11
4702921684,2016-05-01 12:00:00,0,84,12
4702921684,2016-05-01 13:00:00,0,84,13
4702921684,2016-05-01 14:00:00,0,84,14
4702921684,2016-05-01 15:00:00,0,84,15
4702921684,2016-05-01 16:00:00,0,84,16
4702921684,2016-05-01 17:00:00,0,84,17
4702921684,2016-05-01 18:00:00,0,84,18
4702921684,2016-05-01 19:00:00,0,84,19
4702921684,2016-05-01 20:00:00,0,84,20
4702921684,2016-05-01 21:00:00,0,84,21
4702921684,2016-05-01 22:00:00,0,84,22
4702921684,2016-05-01 23:00:00,0,84,23
4702921684,2016-05-02 00:00:00,0,84,0
4702921684,2016-05-02 01:00:00,0,84,1
4702921684,2016-05-02 02:00:00,0,84,2
4702921684,2016-05-02 03:00:00,0,84,3
4702921684,2016-05-02 04:00:00,0,84,4
4702921684,2016-05-02 05:00:00,0,84,5
4702921684,2016-05-02 06:00:00,0,84,6
4702921684,2016-05-02 07:00:00,0,84,7
4702921684,2016-05-02 08:00:00,0,84,8
4702921684,2016-05-02 09:00:00,0,84,9
4702921684,2016-05-02 10:00:00,0,85,10
4702921684,2016-05-02 11:00:00,0,84,11
4702921684,2016-05-02 12:00:00,212,122,12
4702921684,2016-05-02 13:00:00,179,122,13
4702921684,2016-05-02 14:00:00,148,110,14
4702921684,2016-05-02 15:00:00,75,112,15
4702921684,2016-05-02 16:00:00,237,124,16
4702921684,2016-05-02 17:00:00,1507,224,17
4702921684,2016-05-02 18:00:00,614,163,18
4702921684,2016-05-02 19:00:00,1848,258,19
4702921684,2016-05-02 20:00:00,483,153,20
4702921684,2016-05-02 21:00:00,1507,233,21
4702921684,2016-05-02 22:00:00,435,144,22
4702921684,2016-05-02 23:00:00,0,85,23
4702921684,2016-05-03 00:00:00,0,85,0
4702921684,2016-05-03 01:00:00,0,85,1
4702921684,2016-05-03 02:00:00,0,85,2
4702921684,2016-05-03 03:00:00,13,91,3
4702921684,2016-05-03 04:00:00,24,92,4
4702921684,2016-05-03 05:00:00,617,143,5
4702921684,2016-05-03 06:00:00,1604,233,6
4702921684,2016-05-03 07:00:00,424,136,7
4702921684,2016-05-03 08:00:00,169,102,8
4702921684,2016-05-03 09:00:00,1321,201,9
4702921684,2016-05-03 10:00:00,54,97,10
4702921684,2016-05-03 11:00:00,113,102,11
4702921684,2016-05-03 12:00:00,272,117,12
4702921684,2016-05-03 13:00:00,176,118,13
4702921684,2016-05-03 14:00:00,320,127,14
4702921684,2016-05-03 15:00:00,351,137,15
4702921684,2016-05-03 16:00:00,163,115,16
4702921684,2016-05-03 17:00:00,1046,184,17
4702921684,2016-05-03 18:00:00,539,151,18
4702921684,2016-05-03 19:00:00,560,164,19
4702921684,2016-05-03 20:00:00,518,171,20
4702921684,2016-05-03 21:00:00,656,182,21
4702921684,2016-05-03 22:00:00,514,142,22
4702921684,2016-05-03 23:00:00,0,85,23
4702921684,2016-05-04 00:00:00,0,85,0
4702921684,2016-05-04 01:00:00,15,89,1
4702921684,2016-05-04 02:00:00,0,85,2
4702921684,2016-05-04 03:00:00,0,84,3
4702921684,2016-05-04 04:00:00,0,86,4
4702921684,2016-05-04 05:00:00,45,92,5
4702921684,2016-05-04 06:00:00,713,163,6
4702921684,2016-05-04 07:00:00,263,120,7
4702921684,2016-05-04 08:00:00,0,87,8
4702921684,2016-05-04 09:00:00,783,153,9
4702921684,2016-05-04 10:00:00,847,164,10
4702921684,2016-05-04 11:00:00,0,92,11
4702921684,2016-05-04 12:00:00,273,128,12
4702921684,2016-05-04 13:00:00,168,115,13
4702921684,2016-05-04 14:00:00,259,128,14
4702921684,2016-05-04 15:00:00,0,84,15
4702921684,2016-05-04 16:00:00,11,89,16
4702921684,2016-05-04 17:00:00,1353,215,17
4702921684,2016-05-04 18:00:00,730,170,18
4702921684,2016-05-04 19:00:00,876,178,19
4702921684,2016-05-04 20:00:00,537,166,20
4702921684,2016-05-04 21:00:00,915,203,21
4702921684,2016-05-04 22:00:00,373,143,22
4702921684,2016-05-04 23:00:00,0,84,23
4702921684,2016-05-05 00:00:00,0,85,0
4702921684,2016-05-05 01:00:00,0,85,1
4702921684,2016-05-05 02:00:00,11,87,2
4702921684,2016-05-05 03:00:00,0,85,3
4702921684,2016-05-05 04:00:00,0,86,4
4702921684,2016-05-05 05:00:00,11,87,5
4702921684,2016-05-05 06:00:00,1006,189,6
4702921684,2016-05-05 07:00:00,160,112,7
4702921684,2016-05-05 08:00:00,157,106,8
4702921684,2016-05-05 09:00:00,1326,204,9
4702921684,2016-05-05 10:00:00,143,110,10
4702921684,2016-05-05 11:00:00,117,106,11
4702921684,2016-05-05 12:00:00,1184,193,12
4702921684,2016-05-05 13:00:00,45,98,13
4702921684,2016-05-05 14:00:00,119,104,14
4702921684,2016-05-05 15:00:00,0,90,15
4702921684,2016-05-05 16:00:00,129,102,16
4702921684,2016-05-05 17:00:00,901,181,17
4702921684,2016-05-05 18:00:00,635,164,18
4702921684,2016-05-05 19:00:00,652,160,19
4702921684,2016-05-05 20:00:00,789,178,20
4702921684,2016-05-05 21:00:00,961,187,21
4702921684,2016-05-05 22:00:00,268,122,22
4702921684,2016-05-05 23:00:00,0,84,23
4702921684,2016-05-06 00:00:00,7,87,0
4702921684,2016-05-06 01:00:00,0,85,1
4702921684,2016-05-06 02:00:00,12,91,2
4702921684,2016-05-06 03:00:00,10,89,3
4702921684,2016-05-06 04:00:00,0,85,4
4702921684,2016-05-06 05:00:00,0,85,5
4702921684,2016-05-06 06:00:00,880,173,6
4702921684,2016-05-06 07:00:00,359,135,7
4702921684,2016-05-06 08:00:00,252,111,8
4702921684,2016-05-06 09:00:00,1163,185,9
4702921684,2016-05-06 10:00:00,113,101,10
4702921684,2016-05-06 11:00:00,177,113,11
4702921684,2016-05-06 12:00:00,407,135,12
4702921684,2016-05-06 13:00:00,126,108,13
4702921684,2016-05-06 14:00:00,227,114,14
4702921684,2016-05-06 15:00:00,125,108,15
4702921684,2016-05-06 16:00:00,695,161,16
4702921684,2016-05-06 17:00:00,676,164,17
4702921684,2016-05-06 18:00:00,732,172,18
4702921684,2016-05-06 19:00:00,575,155,19
4702921684,2016-05-06 20:00:00,152,122,20
4702921684,2016-05-06 21:00:00,222,109,21
4702921684,2016-05-06 22:00:00,0,85,22
4702921684,2016-05-06 23:00:00,0,84,23
4702921684,2016-05-07 00:00:00,8,87,0
4702921684,2016-05-07 01:00:00,0,85,1
4702921684,2016-05-07 02:00:00,0,85,2
4702921684,2016-05-07 03:00:00,0,85,3
4702921684,2016-05-07 04:00:00,0,84,4
4702921684,2016-05-07 05:00:00,0,85,5
4702921684,2016-05-07 06:00:00,306,128,6
4702921684,2016-05-07 07:00:00,742,178,7
4702921684,2016-05-07 08:00:00,1007,212,8
4702921684,2016-05-07 09:00:00,509,160,9
4702921684,2016-05-07 10:00:00,1441,214,10
4702921684,2016-05-07 11:00:00,1628,231,11
4702921684,2016-05-07 12:00:00,1598,239,12
4702921684,2016-05-07 13:00:00,714,179,13
4702921684,2016-05-07 14:00:00,910,194,14
4702921684,2016-05-07 15:00:00,1019,199,15
4702921684,2016-05-07 16:00:00,955,183,16
4702921684,2016-05-07 17:00:00,506,156,17
4702921684,2016-05-07 18:00:00,1140,210,18
4702921684,2016-05-07 19:00:00,266,135,19
4702921684,2016-05-07 20:00:00,1367,240,20
4702921684,2016-05-07 21:00:00,249,137,21
4702921684,2016-05-07 22:00:00,5,92,22
4702921684,2016-05-07 23:00:00,0,85,23
4702921684,2016-05-08 00:00:00,0,84,0
4702921684,2016-05-08 01:00:00,0,84,1
4702921684,2016-05-08 02:00:00,0,84,2
4702921684,2016-05-08 03:00:00,0,84,3
4702921684,2016-05-08 04:00:00,0,84,4
4702921684,2016-05-08 05:00:00,0,84,5
4702921684,2016-05-08 06:00:00,0,84,6
4702921684,2016-05-08 07:00:00,0,84,7
4702921684,2016-05-08 08:00:00,0,84,8
4702921684,2016-05-08 09:00:00,39,94,9
4702921684,2016-05-08 10:00:00,227,131,10
4702921684,2016-05-08 11:00:00,1570,233,11
4702921684,2016-05-08 12:00:00,3016,340,12
4702921684,2016-05-08 13:00:00,1236,207,13
4702921684,2016-05-08 14:00:00,2336,281,14
4702921684,2016-05-08 15:00:00,1050,184,15
4702921684,2016-05-08 16:00:00,2315,280,16
4702921684,2016-05-08 17:00:00,145,123,17
4702921684,2016-05-08 18:00:00,347,141,18
4702921684,2016-05-08 19:00:00,344,136,19
4702921684,2016-05-08 20:00:00,120,104,20
4702921684,2016-05-08 21:00:00,38,96,21
4702921684,2016-05-08 22:00:00,74,97,22
4702921684,2016-05-08 23:00:00,0,85,23
4702921684,2016-05-09 00:00:00,0,86,0
4702921684,2016-05-09 01:00:00,0,84,1
4702921684,2016-05-09 02:00:00,0,84,2
4702921684,2016-05-09 03:00:00,0,85,3
4702921684,2016-05-09 04:00:00,0,84,4
4702921684,2016-05-09 05:00:00,0,86,5
4702921684,2016-05-09 06:00:00,1112,184,6
4702921684,2016-05-09 07:00:00,509,146,7
4702921684,2016-05-09 08:00:00,0,86,8
4702921684,2016-05-09 09:00:00,1269,195,9
4702921684,2016-05-09 10:00:00,105,112,10
4702921684,2016-05-09 11:00:00,153,106,11
4702921684,2016-05-09 12:00:00,256,125,12
4702921684,2016-05-09 13:00:00,298,117,13
4702921684,2016-05-09 14:00:00,107,106,14
4702921684,2016-05-09 15:00:00,228,122,15
4702921684,2016-05-09 16:00:00,237,123,16
4702921684,2016-05-09 17:00:00,1077,190,17
4702921684,2016-05-09 18:00:00,1058,192,18
4702921684,2016-05-09 19:00:00,388,141,19
4702921684,2016-05-09 20:00:00,683,171,20
4702921684,2016-05-09 21:00:00,535,156,21
4702921684,2016-05-09 22:00:00,212,122,22
4702921684,2016-05-09 23:00:00,5,88,23
4702921684,2016-05-10 00:00:00,0,85,0
4702921684,2016-05-10 01:00:00,0,85,1
4702921684,2016-05-10 02:00:00,0,85,2
4702921684,2016-05-10 03:00:00,0,84,3
4702921684,2016-05-10 04:00:00,0,85,4
4702921684,2016-05-10 05:00:00,0,85,5
4702921684,2016-05-10 06:00:00,1421,214,6
4702921684,2016-05-10 07:00:00,280,129,7
4702921684,2016-05-10 08:00:00,1297,199,8
4702921684,2016-05-10 09:00:00,149,103,9
4702921684,2016-05-10 10:00:00,151,101,10
4702921684,2016-05-10 11:00:00,120,103,11
4702921684,2016-05-10 12:00:00,1310,199,12
4702921684,2016-05-10 13:00:00,82,101,13
4702921684,2016-05-10 14:00:00,75,98,14
4702921684,2016-05-10 15:00:00,163,111,15
4702921684,2016-05-10 16:00:00,232,110,16
4702921684,2016-05-10 17:00:00,820,172,17
4702921684,2016-05-10 18:00:00,298,133,18
4702921684,2016-05-10 19:00:00,1917,257,19
4702921684,2016-05-10 20:00:00,549,170,20
4702921684,2016-05-10 21:00:00,1523,252,21
4702921684,2016-05-10 22:00:00,226,126,22
4702921684,2016-05-10 23:00:00,0,84,23
4702921684,2016-05-11 00:00:00,0,84,0
4702921684,2016-05-11 01:00:00,0,84,1
4702921684,2016-05-11 02:00:00,0,86,2
4702921684,2016-05-11 03:00:00,0,85,3
4702921684,2016-05-11 04:00:00,0,85,4
4702921684,2016-05-11 05:00:00,41,94,5
4702921684,2016-05-11 06:00:00,776,162,6
4702921684,2016-05-11 07:00:00,102,92,7
4702921684,2016-05-11 08:00:00,1355,198,8
4702921684,2016-05-11 09:00:00,71,100,9
4702921684,2016-05-11 10:00:00,165,106,10
4702921684,2016-05-11 11:00:00,272,116,11
4702921684,2016-05-11 12:00:00,145,106,12
4702921684,2016-05-11 13:00:00,211,111,13
4702921684,2016-05-11 14:00:00,328,132,14
4702921684,2016-05-11 15:00:00,109,102,15
4702921684,2016-05-11 16:00:00,1016,183,16
4702921684,2016-05-11 17:00:00,527,158,17
4702921684,2016-05-11 18:00:00,2503,292,18
4702921684,2016-05-11 19:00:00,578,138,19
4702921684,2016-05-11 20:00:00,191,122,20
4702921684,2016-05-11 21:00:00,1013,206,21
4702921684,2016-05-11 22:00:00,369,141,22
4702921684,2016-05-11 23:00:00,0,85,23
4702921684,2016-05-12 00:00:00,0,85,0
4702921684,2016-05-12 01:00:00,9,88,1
4702921684,2016-05-12 02:00:00,0,85,2
4702921684,2016-05-12 03:00:00,0,86,3
4702921684,2016-05-12 04:00:00,4,87,4
4702921684,2016-05-12 05:00:00,0,85,5
4702921684,2016-05-12 06:00:00,707,164,6
4702921684,2016-05-12 07:00:00,224,110,7
4702921684,2016-05-12 08:00:00,154,103,8
4702921684,2016-05-12 09:00:00,814,164,9
4702921684,2016-05-12 10:00:00,840,163,10
5553957443,2016-04-12 00:00:00,2,56,0
5553957443,2016-04-12 01:00:00,0,55,1
5553957443,2016-04-12 02:00:00,0,56,2
5553957443,2016-04-12 03:00:00,0,55,3
5553957443,2016-04-12 04:00:00,0,56,4
5553957443,2016-04-12 05:00:00,0,55,5
5553957443,2016-04-12 06:00:00,248,82,6
5553957443,2016-04-12 07:00:00,2030,157,7
5553957443,2016-04-12 08:00:00,1168,109,8
5553957443,2016-04-12 09:00:00,64,61,9
5553957443,2016-04-12 10:00:00,65,61,10
5553957443,2016-04-12 11:00:00,52,60,11
5553957443,2016-04-12 12:00:00,656,92,12
5553957443,2016-04-12 13:00:00,459,85,13
5553957443,2016-04-12 14:00:00,0,57,14
5553957443,2016-04-12 15:00:00,80,61,15
5553957443,2016-04-12 16:00:00,2192,157,16
5553957443,2016-04-12 17:00:00,1243,123,17
5553957443,2016-04-12 18:00:00,321,93,18
5553957443,2016-04-12 19:00:00,776,101,19
5553957443,2016-04-12 20:00:00,330,90,20
5553957443,2016-04-12 21:00:00,740,104,21
5553957443,2016-04-12 22:00:00,534,89,22
5553957443,2016-04-12 23:00:00,636,111,23
5553957443,2016-04-13 00:00:00,61,60,0
5553957443,2016-04-13 01:00:00,0,55,1
5553957443,2016-04-13 02:00:00,0,55,2
5553957443,2016-04-13 03:00:00,0,55,3
5553957443,2016-04-13 04:00:00,0,56,4
5553957443,2016-04-13 05:00:00,0,55,5
5553957443,2016-04-13 06:00:00,0,55,6
5553957443,2016-04-13 07:00:00,0,55,7
5553957443,2016-04-13 08:00:00,121,67,8
5553957443,2016-04-13 09:00:00,138,67,9
5553957443,2016-04-13 10:00:00,189,74,10
5553957443,2016-04-13 11:00:00,32,60,11
5553957443,2016-04-13 12:00:00,120,64,12
5553957443,2016-04-13 13:00:00,48,63,13
5553957443,2016-04-13 14:00:00,29,61,14
5553957443,2016-04-13 15:00:00,481,98,15
5553957443,2016-04-13 16:00:00,367,86,16
5553957443,2016-04-13 17:00:00,268,80,17
5553957443,2016-04-13 18:00:00,119,73,18
5553957443,2016-04-13 19:00:00,1130,122,19
5553957443,2016-04-13 20:00:00,1055,129,20
5553957443,2016-04-13 21:00:00,415,90,21
5553957443,2016-04-13 22:00:00,259,83,22
5553957443,2016-04-13 23:00:00,0,55,23
5553957443,2016-04-14 00:00:00,16,57,0
5553957443,2016-04-14 01:00:00,12,57,1
5553957443,2016-04-14 02:00:00,14,58,2
5553957443,2016-04-14 03:00:00,11,58,3
5553957443,2016-04-14 04:00:00,8,57,4
5553957443,2016-04-14 05:00:00,125,69,5
5553957443,2016-04-14 06:00:00,1258,142,6
5553957443,2016-04-14 07:00:00,2257,155,7
5553957443,2016-04-14 08:00:00,0,57,8
5553957443,2016-04-14 09:00:00,0,56,9
5553957443,2016-04-14 10:00:00,107,63,10
5553957443,2016-04-14 11:00:00,0,56,11
5553957443,2016-04-14 12:00:00,95,62,12
5553957443,2016-04-14 13:00:00,478,85,13
5553957443,2016-04-14 14:00:00,2106,248,14
5553957443,2016-04-14 15:00:00,249,77,15
5553957443,2016-04-14 16:00:00,1641,136,16
5553957443,2016-04-14 17:00:00,5808,304,17
5553957443,2016-04-14 18:00:00,267,77,18
5553957443,2016-04-14 19:00:00,143,72,19
5553957443,2016-04-14 20:00:00,624,102,20
5553957443,2016-04-14 21:00:00,1519,138,21
5553957443,2016-04-14 22:00:00,247,80,22
5553957443,2016-04-14 23:00:00,37,60,23
5553957443,2016-04-15 00:00:00,6,56,0
5553957443,2016-04-15 01:00:00,0,55,1
5553957443,2016-04-15 02:00:00,0,55,2
5553957443,2016-04-15 03:00:00,7,57,3
5553957443,2016-04-15 04:00:00,0,55,4
5553957443,2016-04-15 05:00:00,6,57,5
5553957443,2016-04-15 06:00:00,860,124,6
5553957443,2016-04-15 07:00:00,1427,132,7
5553957443,2016-04-15 08:00:00,146,64,8
5553957443,2016-04-15 09:00:00,123,64,9
5553957443,2016-04-15 10:00:00,2718,180,10
5553957443,2016-04-15 11:00:00,1959,144,11
5553957443,2016-04-15 12:00:00,874,95,12
5553957443,2016-04-15 13:00:00,9,58,13
5553957443,2016-04-15 14:00:00,2183,217,14
5553957443,2016-04-15 15:00:00,261,77,15
5553957443,2016-04-15 16:00:00,3256,202,16
5553957443,2016-04-15 17:00:00,1035,111,17
5553957443,2016-04-15 18:00:00,762,103,18
5553957443,2016-04-15 19:00:00,484,82,19
5553957443,2016-04-15 20:00:00,0,55,20
5553957443,2016-04-15 21:00:00,148,71,21
5553957443,2016-04-15 22:00:00,280,84,22
5553957443,2016-04-15 23:00:00,12,57,23
5553957443,2016-04-16 00:00:00,0,55,0
5553957443,2016-04-16 01:00:00,8,57,1
5553957443,2016-04-16 02:00:00,0,56,2
5553957443,2016-04-16 03:00:00,10,57,3
5553957443,2016-04-16 04:00:00,15,58,4
5553957443,2016-04-16 05:00:00,8,57,5
5553957443,2016-04-16 06:00:00,9,57,6
5553957443,2016-04-16 07:00:00,9,56,7
5553957443,2016-04-16 08:00:00,0,55,8
5553957443,2016-04-16 09:00:00,65,62,9
5553957443,2016-04-16 10:00:00,501,94,10
5553957443,2016-04-16 11:00:00,18,59,11
5553957443,2016-04-16 12:00:00,17,59,12
5553957443,2016-04-16 13:00:00,280,81,13
5553957443,2016-04-16 14:00:00,671,104,14
5553957443,2016-04-16 15:00:00,564,103,15
5553957443,2016-04-16 16:00:00,1024,125,16
5553957443,2016-04-16 17:00:00,783,124,17
5553957443,2016-04-16 18:00:00,377,88,18
5553957443,2016-04-16 19:00:00,580,93,19
5553957443,2016-04-16 20:00:00,408,99,20
5553957443,2016-04-16 21:00:00,88,74,21
5553957443,2016-04-16 22:00:00,170,79,22
5553957443,2016-04-16 23:00:00,166,78,23
5553957443,2016-04-17 00:00:00,22,61,0
5553957443,2016-04-17 01:00:00,305,87,1
5553957443,2016-04-17 02:00:00,133,72,2
5553957443,2016-04-17 03:00:00,0,55,3
5553957443,2016-04-17 04:00:00,0,55,4
5553957443,2016-04-17 05:00:00,24,59,5
5553957443,2016-04-17 06:00:00,0,55,6
5553957443,2016-04-17 07:00:00,0,56,7
5553957443,2016-04-17 08:00:00,0,55,8
5553957443,2016-04-17 09:00:00,40,59,9
5553957443,2016-04-17 10:00:00,0,55,10
5553957443,2016-04-17 11:00:00,0,55,11
5553957443,2016-04-17 12:00:00,0,55,12
5553957443,2016-04-17 13:00:00,0,55,13
5553957443,2016-04-17 14:00:00,0,55,14
5553957443,2016-04-17 15:00:00,0,55,15
5553957443,2016-04-17 16:00:00,0,55,16
5553957443,2016-04-17 17:00:00,0,55,17
5553957443,2016-04-17 18:00:00,0,55,18
5553957443,2016-04-17 19:00:00,0,55,19
5553957443,2016-04-17 20:00:00,0,55,20
5553957443,2016-04-17 21:00:00,0,55,21
5553957443,2016-04-17 22:00:00,111,66,22
5553957443,2016-04-17 23:00:00,20,58,23
5553957443,2016-04-18 00:00:00,0,55,0
5553957443,2016-04-18 01:00:00,0,55,1
5553957443,2016-04-18 02:00:00,0,55,2
5553957443,2016-04-18 03:00:00,9,57,3
5553957443,2016-04-18 04:00:00,9,56,4
5553957443,2016-04-18 05:00:00,6,56,5
5553957443,2016-04-18 06:00:00,83,65,6
5553957443,2016-04-18 07:00:00,153,71,7
5553957443,2016-04-18 08:00:00,10,57,8
5553957443,2016-04-18 09:00:00,103,63,9
5553957443,2016-04-18 10:00:00,373,86,10
5553957443,2016-04-18 11:00:00,374,90,11
5553957443,2016-04-18 12:00:00,454,96,12
5553957443,2016-04-18 13:00:00,98,66,13
5553957443,2016-04-18 14:00:00,0,56,14
5553957443,2016-04-18 15:00:00,425,98,15
5553957443,2016-04-18 16:00:00,5,61,16
5553957443,2016-04-18 17:00:00,519,109,17
5553957443,2016-04-18 18:00:00,373,82,18
5553957443,2016-04-18 19:00:00,0,55,19
5553957443,2016-04-18 20:00:00,409,99,20
5553957443,2016-04-18 21:00:00,317,84,21
5553957443,2016-04-18 22:00:00,7,56,22
5553957443,2016-04-18 23:00:00,0,55,23
5553957443,2016-04-19 00:00:00,0,55,0
5553957443,2016-04-19 01:00:00,0,56,1
5553957443,2016-04-19 02:00:00,116,65,2
5553957443,2016-04-19 03:00:00,0,55,3
5553957443,2016-04-19 04:00:00,6,57,4
5553957443,2016-04-19 05:00:00,0,56,5
5553957443,2016-04-19 06:00:00,525,112,6
5553957443,2016-04-19 07:00:00,1983,153,7
5553957443,2016-04-19 08:00:00,950,100,8
5553957443,2016-04-19 09:00:00,125,69,9
5553957443,2016-04-19 10:00:00,6,57,10
5553957443,2016-04-19 11:00:00,70,59,11
5553957443,2016-04-19 12:00:00,2379,164,12
5553957443,2016-04-19 13:00:00,2277,163,13
5553957443,2016-04-19 14:00:00,7,58,14
5553957443,2016-04-19 15:00:00,2538,244,15
5553957443,2016-04-19 16:00:00,448,113,16
5553957443,2016-04-19 17:00:00,2598,174,17
5553957443,2016-04-19 18:00:00,554,98,18
5553957443,2016-04-19 19:00:00,217,84,19
5553957443,2016-04-19 20:00:00,120,70,20
5553957443,2016-04-19 21:00:00,466,99,21
5553957443,2016-04-19 22:00:00,97,69,22
5553957443,2016-04-19 23:00:00,0,55,23
5553957443,2016-04-20 00:00:00,0,55,0
5553957443,2016-04-20 01:00:00,4,57,1
5553957443,2016-04-20 02:00:00,16,58,2
5553957443,2016-04-20 03:00:00,0,55,3
5553957443,2016-04-20 04:00:00,17,58,4
5553957443,2016-04-20 05:00:00,7,57,5
5553957443,2016-04-20 06:00:00,96,63,6
5553957443,2016-04-20 07:00:00,0,55,7
5553957443,2016-04-20 08:00:00,11,58,8
5553957443,2016-04-20 09:00:00,0,55,9
5553957443,2016-04-20 10:00:00,144,65,10
5553957443,2016-04-20 11:00:00,118,65,11
5553957443,2016-04-20 12:00:00,479,90,12
5553957443,2016-04-20 13:00:00,534,96,13
5553957443,2016-04-20 14:00:00,135,71,14
5553957443,2016-04-20 15:00:00,42,61,15
5553957443,2016-04-20 16:00:00,114,65,16
5553957443,2016-04-20 17:00:00,85,64,17
5553957443,2016-04-20 18:00:00,38,58,18
5553957443,2016-04-20 19:00:00,46,62,19
5553957443,2016-04-20 20:00:00,349,90,20
5553957443,2016-04-20 21:00:00,228,76,21
5553957443,2016-04-20 22:00:00,239,80,22
5553957443,2016-04-20 23:00:00,11,57,23
5553957443,2016-04-21 00:00:00,0,55,0
5553957443,2016-04-21 01:00:00,0,55,1
5553957443,2016-04-21 02:00:00,111,65,2
5553957443,2016-04-21 03:00:00,0,56,3
5553957443,2016-04-21 04:00:00,0,55,4
5553957443,2016-04-21 05:00:00,13,58,5
5553957443,2016-04-21 06:00:00,410,94,6
5553957443,2016-04-21 07:00:00,644,96,7
5553957443,2016-04-21 08:00:00,1844,138,8
5553957443,2016-04-21 09:00:00,99,62,9
5553957443,2016-04-21 10:00:00,19,58,10
5553957443,2016-04-21 11:00:00,198,67,11
5553957443,2016-04-21 12:00:00,243,75,12
5553957443,2016-04-21 13:00:00,243,70,13
5553957443,2016-04-21 14:00:00,11,58,14
5553957443,2016-04-21 15:00:00,0,56,15
5553957443,2016-04-21 16:00:00,0,56,16
5553957443,2016-04-21 17:00:00,2325,234,17
5553957443,2016-04-21 18:00:00,3026,204,18
5553957443,2016-04-21 19:00:00,1021,102,19
5553957443,2016-04-21 20:00:00,9,59,20
5553957443,2016-04-21 21:00:00,1472,135,21
5553957443,2016-04-21 22:00:00,39,61,22
5553957443,2016-04-21 23:00:00,619,98,23
5553957443,2016-04-22 00:00:00,0,55,0
5553957443,2016-04-22 01:00:00,0,56,1
5553957443,2016-04-22 02:00:00,14,57,2
5553957443,2016-04-22 03:00:00,0,55,3
5553957443,2016-04-22 04:00:00,0,55,4
5553957443,2016-04-22 05:00:00,126,69,5
5553957443,2016-04-22 06:00:00,1360,138,6
5553957443,2016-04-22 07:00:00,1743,133,7
5553957443,2016-04-22 08:00:00,326,72,8
5553957443,2016-04-22 09:00:00,290,72,9
5553957443,2016-04-22 10:00:00,112,62,10
5553957443,2016-04-22 11:00:00,91,62,11
5553957443,2016-04-22 12:00:00,335,78,12
5553957443,2016-04-22 13:00:00,319,80,13
5553957443,2016-04-22 14:00:00,556,87,14
5553957443,2016-04-22 15:00:00,1002,132,15
5553957443,2016-04-22 16:00:00,1603,197,16
5553957443,2016-04-22 17:00:00,347,86,17
5553957443,2016-04-22 18:00:00,538,90,18
5553957443,2016-04-22 19:00:00,1419,133,19
5553957443,2016-04-22 20:00:00,489,86,20
5553957443,2016-04-22 21:00:00,736,104,21
5553957443,2016-04-22 22:00:00,53,67,22
5553957443,2016-04-22 23:00:00,211,79,23
5553957443,2016-04-23 00:00:00,258,82,0
5553957443,2016-04-23 01:00:00,10,58,1
5553957443,2016-04-23 02:00:00,9,56,2
5553957443,2016-04-23 03:00:00,0,56,3
5553957443,2016-04-23 04:00:00,0,56,4
5553957443,2016-04-23 05:00:00,76,60,5
5553957443,2016-04-23 06:00:00,8,57,6
5553957443,2016-04-23 07:00:00,0,56,7
5553957443,2016-04-23 08:00:00,0,56,8
5553957443,2016-04-23 09:00:00,10,57,9
5553957443,2016-04-23 10:00:00,28,58,10
5553957443,2016-04-23 11:00:00,102,63,11
5553957443,2016-04-23 12:00:00,88,69,12
5553957443,2016-04-23 13:00:00,26,58,13
5553957443,2016-04-23 14:00:00,0,55,14
5553957443,2016-04-23 15:00:00,66,68,15
5553957443,2016-04-23 16:00:00,394,100,16
5553957443,2016-04-23 17:00:00,412,96,17
5553957443,2016-04-23 18:00:00,501,114,18
5553957443,2016-04-23 19:00:00,785,114,19
5553957443,2016-04-23 20:00:00,484,104,20
5553957443,2016-04-23 21:00:00,237,95,21
5553957443,2016-04-23 22:00:00,266,87,22
5553957443,2016-04-23 23:00:00,350,103,23
5553957443,2016-04-24 00:00:00,154,71,0
5553957443,2016-04-24 01:00:00,0,55,1
5553957443,2016-04-24 02:00:00,0,55,2
5553957443,2016-04-24 03:00:00,25,57,3
5553957443,2016-04-24 04:00:00,80,63,4
5553957443,2016-04-24 05:00:00,18,59,5
5553957443,2016-04-24 06:00:00,23,58,6
5553957443,2016-04-24 07:00:00,6,57,7
5553957443,2016-04-24 08:00:00,0,56,8
5553957443,2016-04-24 09:00:00,10,58,9
5553957443,2016-04-24 10:00:00,204,74,10
5553957443,2016-04-24 11:00:00,119,67,11
5553957443,2016-04-24 12:00:00,89,67,12
5553957443,2016-04-24 13:00:00,24,59,13
5553957443,2016-04-24 14:00:00,80,62,14
5553957443,2016-04-24 15:00:00,0,55,15
5553957443,2016-04-24 16:00:00,39,59,16
5553957443,2016-04-24 17:00:00,297,76,17
5553957443,2016-04-24 18:00:00,59,63,18
5553957443,2016-04-24 19:00:00,26,59,19
5553957443,2016-04-24 20:00:00,251,82,20
5553957443,2016-04-24 21:00:00,282,84,21
5553957443,2016-04-24 22:00:00,21,57,22
5553957443,2016-04-24 23:00:00,0,55,23
5553957443,2016-04-25 00:00:00,0,55,0
5553957443,2016-04-25 01:00:00,0,55,1
5553957443,2016-04-25 02:00:00,0,56,2
5553957443,2016-04-25 03:00:00,0,55,3
5553957443,2016-04-25 04:00:00,0,55,4
5553957443,2016-04-25 05:00:00,40,60,5
5553957443,2016-04-25 06:00:00,572,102,6
5553957443,2016-04-25 07:00:00,2715,178,7
5553957443,2016-04-25 08:00:00,13,58,8
5553957443,2016-04-25 09:00:00,19,59,9
5553957443,2016-04-25 10:00:00,108,62,10
5553957443,2016-04-25 11:00:00,154,68,11
5553957443,2016-04-25 12:00:00,34,59,12
5553957443,2016-04-25 13:00:00,2451,236,13
5553957443,2016-04-25 14:00:00,601,111,14
5553957443,2016-04-25 15:00:00,275,73,15
5553957443,2016-04-25 16:00:00,83,67,16
5553957443,2016-04-25 17:00:00,1838,141,17
5553957443,2016-04-25 18:00:00,1149,123,18
5553957443,2016-04-25 19:00:00,380,90,19
5553957443,2016-04-25 20:00:00,65,64,20
5553957443,2016-04-25 21:00:00,423,91,21
5553957443,2016-04-25 22:00:00,26,61,22
5553957443,2016-04-25 23:00:00,0,55,23
5553957443,2016-04-26 00:00:00,0,55,0
5553957443,2016-04-26 01:00:00,0,55,1
5553957443,2016-04-26 02:00:00,5,57,2
5553957443,2016-04-26 03:00:00,10,57,3
5553957443,2016-04-26 04:00:00,0,56,4
5553957443,2016-04-26 05:00:00,11,57,5
5553957443,2016-04-26 06:00:00,888,124,6
5553957443,2016-04-26 07:00:00,2641,172,7
5553957443,2016-04-26 08:00:00,20,59,8
5553957443,2016-04-26 09:00:00,161,68,9
5553957443,2016-04-26 10:00:00,55,64,10
5553957443,2016-04-26 11:00:00,114,63,11
5553957443,2016-04-26 12:00:00,2595,231,12
5553957443,2016-04-26 13:00:00,834,123,13
5553957443,2016-04-26 14:00:00,74,63,14
5553957443,2016-04-26 15:00:00,0,55,15
5553957443,2016-04-26 16:00:00,0,55,16
5553957443,2016-04-26 17:00:00,2411,165,17
5553957443,2016-04-26 18:00:00,517,95,18
5553957443,2016-04-26 19:00:00,406,89,19
5553957443,2016-04-26 20:00:00,184,83,20
5553957443,2016-04-26 21:00:00,204,76,21
5553957443,2016-04-26 22:00:00,691,112,22
5553957443,2016-04-26 23:00:00,65,64,23
5553957443,2016-04-27 00:00:00,0,55,0
5553957443,2016-04-27 01:00:00,0,55,1
5553957443,2016-04-27 02:00:00,8,57,2
5553957443,2016-04-27 03:00:00,0,55,3
5553957443,2016-04-27 04:00:00,4,57,4
5553957443,2016-04-27 05:00:00,7,56,5
5553957443,2016-04-27 06:00:00,942,126,6
5553957443,2016-04-27 07:00:00,1267,124,7
5553957443,2016-04-27 08:00:00,466,77,8
5553957443,2016-04-27 09:00:00,177,66,9
5553957443,2016-04-27 10:00:00,142,64,10
5553957443,2016-04-27 11:00:00,423,82,11
5553957443,2016-04-27 12:00:00,480,84,12
5553957443,2016-04-27 13:00:00,395,78,13
5553957443,2016-04-27 14:00:00,106,64,14
5553957443,2016-04-27 15:00:00,542,84,15
5553957443,2016-04-27 16:00:00,95,62,16
5553957443,2016-04-27 17:00:00,3605,217,17
5553957443,2016-04-27 18:00:00,1341,127,18
5553957443,2016-04-27 19:00:00,4,58,19
5553957443,2016-04-27 20:00:00,276,85,20
5553957443,2016-04-27 21:00:00,258,78,21
5553957443,2016-04-27 22:00:00,0,56,22
5553957443,2016-04-27 23:00:00,0,55,23
5553957443,2016-04-28 00:00:00,0,55,0
5553957443,2016-04-28 01:00:00,0,55,1
5553957443,2016-04-28 02:00:00,9,57,2
5553957443,2016-04-28 03:00:00,15,58,3
5553957443,2016-04-28 04:00:00,0,55,4
5553957443,2016-04-28 05:00:00,0,55,5
5553957443,2016-04-28 06:00:00,107,65,6
5553957443,2016-04-28 07:00:00,2046,160,7
5553957443,2016-04-28 08:00:00,861,97,8
5553957443,2016-04-28 09:00:00,170,69,9
5553957443,2016-04-28 10:00:00,164,70,10
5553957443,2016-04-28 11:00:00,80,64,11
5553957443,2016-04-28 12:00:00,118,66,12
5553957443,2016-04-28 13:00:00,456,87,13
5553957443,2016-04-28 14:00:00,3729,284,14
5553957443,2016-04-28 15:00:00,42,59,15
5553957443,2016-04-28 16:00:00,1999,148,16
5553957443,2016-04-28 17:00:00,1157,116,17
5553957443,2016-04-28 18:00:00,31,60,18
5553957443,2016-04-28 19:00:00,96,66,19
5553957443,2016-04-28 20:00:00,95,65,20
5553957443,2016-04-28 21:00:00,210,77,21
5553957443,2016-04-28 22:00:00,0,55,22
5553957443,2016-04-28 23:00:00,8,56,23
5553957443,2016-04-29 00:00:00,0,55,0
5553957443,2016-04-29 01:00:00,0,55,1
5553957443,2016-04-29 02:00:00,8,56,2
5553957443,2016-04-29 03:00:00,60,62,3
5553957443,2016-04-29 04:00:00,13,58,4
5553957443,2016-04-29 05:00:00,0,56,5
5553957443,2016-04-29 06:00:00,687,116,6
5553957443,2016-04-29 07:00:00,2761,180,7
5553957443,2016-04-29 08:00:00,179,66,8
5553957443,2016-04-29 09:00:00,0,57,9
5553957443,2016-04-29 10:00:00,305,81,10
5553957443,2016-04-29 11:00:00,2456,254,11
5553957443,2016-04-29 12:00:00,469,91,12
5553957443,2016-04-29 13:00:00,359,82,13
5553957443,2016-04-29 14:00:00,73,64,14
5553957443,2016-04-29 15:00:00,247,75,15
5553957443,2016-04-29 16:00:00,2887,192,16
5553957443,2016-04-29 17:00:00,803,107,17
5553957443,2016-04-29 18:00:00,662,105,18
5553957443,2016-04-29 19:00:00,157,75,19
5553957443,2016-04-29 20:00:00,139,74,20
5553957443,2016-04-29 21:00:00,165,67,21
5553957443,2016-04-29 22:00:00,7,59,22
5553957443,2016-04-29 23:00:00,327,83,23
5553957443,2016-04-30 00:00:00,0,55,0
5553957443,2016-04-30 01:00:00,0,55,1
5553957443,2016-04-30 02:00:00,0,55,2
5553957443,2016-04-30 03:00:00,0,55,3
5553957443,2016-04-30 04:00:00,0,55,4
5553957443,2016-04-30 05:00:00,9,57,5
5553957443,2016-04-30 06:00:00,32,58,6
5553957443,2016-04-30 07:00:00,0,56,7
5553957443,2016-04-30 08:00:00,0,55,8
5553957443,2016-04-30 09:00:00,0,55,9
5553957443,2016-04-30 10:00:00,8,57,10
5553957443,2016-04-30 11:00:00,127,68,11
5553957443,2016-04-30 12:00:00,143,70,12
5553957443,2016-04-30 13:00:00,0,56,13
5553957443,2016-04-30 14:00:00,41,60,14
5553957443,2016-04-30 15:00:00,38,59,15
5553957443,2016-04-30 16:00:00,13,57,16
5553957443,2016-04-30 17:00:00,22,59,17
5553957443,2016-04-30 18:00:00,61,62,18
5553957443,2016-04-30 19:00:00,297,92,19
5553957443,2016-04-30 20:00:00,49,61,20
5553957443,2016-04-30 21:00:00,113,66,21
5553957443,2016-04-30 22:00:00,179,76,22
5553957443,2016-04-30 23:00:00,70,64,23
5553957443,2016-05-01 00:00:00,0,55,0
5553957443,2016-05-01 01:00:00,0,55,1
5553957443,2016-05-01 02:00:00,0,55,2
5553957443,2016-05-01 03:00:00,0,56,3
5553957443,2016-05-01 04:00:00,0,55,4
5553957443,2016-05-01 05:00:00,53,62,5
5553957443,2016-05-01 06:00:00,5,57,6
5553957443,2016-05-01 07:00:00,0,55,7
5553957443,2016-05-01 08:00:00,13,58,8
5553957443,2016-05-01 09:00:00,174,76,9
5553957443,2016-05-01 10:00:00,702,114,10
5553957443,2016-05-01 11:00:00,418,92,11
5553957443,2016-05-01 12:00:00,1171,133,12
5553957443,2016-05-01 13:00:00,605,102,13
5553957443,2016-05-01 14:00:00,225,71,14
5553957443,2016-05-01 15:00:00,0,55,15
5553957443,2016-05-01 16:00:00,105,67,16
5553957443,2016-05-01 17:00:00,332,85,17
5553957443,2016-05-01 18:00:00,384,77,18
5553957443,2016-05-01 19:00:00,504,107,19
5553957443,2016-05-01 20:00:00,322,80,20
5553957443,2016-05-01 21:00:00,68,61,21
5553957443,2016-05-01 22:00:00,83,63,22
5553957443,2016-05-01 23:00:00,0,55,23
5553957443,2016-05-02 00:00:00,0,55,0
5553957443,2016-05-02 01:00:00,0,55,1
5553957443,2016-05-02 02:00:00,8,56,2
5553957443,2016-05-02 03:00:00,0,55,3
5553957443,2016-05-02 04:00:00,0,55,4
5553957443,2016-05-02 05:00:00,24,58,5
5553957443,2016-05-02 06:00:00,831,118,6
5553957443,2016-05-02 07:00:00,1649,136,7
5553957443,2016-05-02 08:00:00,345,74,8
5553957443,2016-05-02 09:00:00,338,73,9
5553957443,2016-05-02 10:00:00,332,75,10
5553957443,2016-05-02 11:00:00,384,76,11
5553957443,2016-05-02 12:00:00,143,65,12
5553957443,2016-05-02 13:00:00,82,63,13
5553957443,2016-05-02 14:00:00,103,61,14
5553957443,2016-05-02 15:00:00,108,63,15
5553957443,2016-05-02 16:00:00,2457,219,16
5553957443,2016-05-02 17:00:00,1386,186,17
5553957443,2016-05-02 18:00:00,1181,124,18
5553957443,2016-05-02 19:00:00,102,75,19
5553957443,2016-05-02 20:00:00,140,71,20
5553957443,2016-05-02 21:00:00,126,69,21
5553957443,2016-05-02 22:00:00,30,58,22
5553957443,2016-05-02 23:00:00,0,55,23
5553957443,2016-05-03 00:00:00,24,60,0
5553957443,2016-05-03 01:00:00,8,56,1
5553957443,2016-05-03 02:00:00,12,56,2
5553957443,2016-05-03 03:00:00,5,56,3
5553957443,2016-05-03 04:00:00,0,55,4
5553957443,2016-05-03 05:00:00,201,77,5
5553957443,2016-05-03 06:00:00,1528,147,6
5553957443,2016-05-03 07:00:00,833,99,7
5553957443,2016-05-03 08:00:00,0,55,8
5553957443,2016-05-03 09:00:00,106,64,9
5553957443,2016-05-03 10:00:00,204,68,10
5553957443,2016-05-03 11:00:00,70,62,11
5553957443,2016-05-03 12:00:00,612,92,12
5553957443,2016-05-03 13:00:00,68,58,13
5553957443,2016-05-03 14:00:00,0,56,14
5553957443,2016-05-03 15:00:00,25,58,15
5553957443,2016-05-03 16:00:00,1613,176,16
5553957443,2016-05-03 17:00:00,2518,195,17
5553957443,2016-05-03 18:00:00,797,106,18
5553957443,2016-05-03 19:00:00,1502,133,19
5553957443,2016-05-03 20:00:00,1362,136,20
5553957443,2016-05-03 21:00:00,84,67,21
5553957443,2016-05-03 22:00:00,986,106,22
5553957443,2016-05-03 23:00:00,263,76,23
5553957443,2016-05-04 00:00:00,244,75,0
5553957443,2016-05-04 01:00:00,0,55,1
5553957443,2016-05-04 02:00:00,10,56,2
5553957443,2016-05-04 03:00:00,0,56,3
5553957443,2016-05-04 04:00:00,0,55,4
5553957443,2016-05-04 05:00:00,0,55,5
5553957443,2016-05-04 06:00:00,66,61,6
5553957443,2016-05-04 07:00:00,0,56,7
5553957443,2016-05-04 08:00:00,61,64,8
5553957443,2016-05-04 09:00:00,61,60,9
5553957443,2016-05-04 10:00:00,83,63,10
5553957443,2016-05-04 11:00:00,23,57,11
5553957443,2016-05-04 12:00:00,116,67,12
5553957443,2016-05-04 13:00:00,118,68,13
5553957443,2016-05-04 14:00:00,321,87,14
5553957443,2016-05-04 15:00:00,578,99,15
5553957443,2016-05-04 16:00:00,454,88,16
5553957443,2016-05-04 17:00:00,432,100,17
5553957443,2016-05-04 18:00:00,557,99,18
5553957443,2016-05-04 19:00:00,566,105,19
5553957443,2016-05-04 20:00:00,111,66,20
5553957443,2016-05-04 21:00:00,345,86,21
5553957443,2016-05-04 22:00:00,103,65,22
5553957443,2016-05-04 23:00:00,0,55,23
5553957443,2016-05-05 00:00:00,0,55,0
5553957443,2016-05-05 01:00:00,10,56,1
5553957443,2016-05-05 02:00:00,0,55,2
5553957443,2016-05-05 03:00:00,0,55,3
5553957443,2016-05-05 04:00:00,0,55,4
5553957443,2016-05-05 05:00:00,5,56,5
5553957443,2016-05-05 06:00:00,262,85,6
5553957443,2016-05-05 07:00:00,1366,129,7
5553957443,2016-05-05 08:00:00,1683,141,8
5553957443,2016-05-05 09:00:00,376,77,9
5553957443,2016-05-05 10:00:00,42,59,10
5553957443,2016-05-05 11:00:00,51,61,11
5553957443,2016-05-05 12:00:00,262,73,12
5553957443,2016-05-05 13:00:00,203,69,13
5553957443,2016-05-05 14:00:00,585,87,14
5553957443,2016-05-05 15:00:00,90,61,15
5553957443,2016-05-05 16:00:00,2951,203,16
5553957443,2016-05-05 17:00:00,3133,219,17
5553957443,2016-05-05 18:00:00,874,100,18
5553957443,2016-05-05 19:00:00,744,98,19
5553957443,2016-05-05 20:00:00,1061,131,20
5553957443,2016-05-05 21:00:00,271,85,21
5553957443,2016-05-05 22:00:00,348,88,22
5553957443,2016-05-05 23:00:00,14,56,23
5553957443,2016-05-06 00:00:00,0,55,0
5553957443,2016-05-06 01:00:00,0,55,1
5553957443,2016-05-06 02:00:00,0,55,2
5553957443,2016-05-06 03:00:00,13,57,3
5553957443,2016-05-06 04:00:00,86,62,4
5553957443,2016-05-06 05:00:00,7,56,5
5553957443,2016-05-06 06:00:00,225,75,6
5553957443,2016-05-06 07:00:00,1506,143,7
5553957443,2016-05-06 08:00:00,2054,147,8
5553957443,2016-05-06 09:00:00,21,60,9
5553957443,2016-05-06 10:00:00,4,58,10
5553957443,2016-05-06 11:00:00,68,62,11
5553957443,2016-05-06 12:00:00,280,72,12
5553957443,2016-05-06 13:00:00,52,59,13
5553957443,2016-05-06 14:00:00,339,83,14
5553957443,2016-05-06 15:00:00,75,60,15
5553957443,2016-05-06 16:00:00,0,55,16
5553957443,2016-05-06 17:00:00,2042,155,17
5553957443,2016-05-06 18:00:00,897,119,18
5553957443,2016-05-06 19:00:00,1142,129,19
5553957443,2016-05-06 20:00:00,293,89,20
5553957443,2016-05-06 21:00:00,31,58,21
5553957443,2016-05-06 22:00:00,497,96,22
5553957443,2016-05-06 23:00:00,0,55,23
5553957443,2016-05-07 00:00:00,0,55,0
5553957443,2016-05-07 01:00:00,7,56,1
5553957443,2016-05-07 02:00:00,0,55,2
5553957443,2016-05-07 03:00:00,0,55,3
5553957443,2016-05-07 04:00:00,0,55,4
5553957443,2016-05-07 05:00:00,0,55,5
5553957443,2016-05-07 06:00:00,0,55,6
5553957443,2016-05-07 07:00:00,102,66,7
5553957443,2016-05-07 08:00:00,0,55,8
5553957443,2016-05-07 09:00:00,0,55,9
5553957443,2016-05-07 10:00:00,0,55,10
5553957443,2016-05-07 11:00:00,0,55,11
5553957443,2016-05-07 12:00:00,0,55,12
5553957443,2016-05-07 13:00:00,0,55,13
5553957443,2016-05-07 14:00:00,80,60,14
5553957443,2016-05-07 15:00:00,0,55,15
5553957443,2016-05-07 16:00:00,0,55,16
5553957443,2016-05-07 17:00:00,98,74,17
5553957443,2016-05-07 18:00:00,550,94,18
5553957443,2016-05-07 19:00:00,144,70,19
5553957443,2016-05-07 20:00:00,56,66,20
5553957443,2016-05-07 21:00:00,294,76,21
5553957443,2016-05-07 22:00:00,336,88,22
5553957443,2016-05-07 23:00:00,201,75,23
5553957443,2016-05-08 00:00:00,0,55,0
5553957443,2016-05-08 01:00:00,0,55,1
5553957443,2016-05-08 02:00:00,0,55,2
5553957443,2016-05-08 03:00:00,0,55,3
5553957443,2016-05-08 04:00:00,42,60,4
5553957443,2016-05-08 05:00:00,9,56,5
5553957443,2016-05-08 06:00:00,7,57,6
5553957443,2016-05-08 07:00:00,0,55,7
5553957443,2016-05-08 08:00:00,0,55,8
5553957443,2016-05-08 09:00:00,123,68,9
5553957443,2016-05-08 10:00:00,350,92,10
5553957443,2016-05-08 11:00:00,9,58,11
5553957443,2016-05-08 12:00:00,1969,151,12
5553957443,2016-05-08 13:00:00,870,102,13
5553957443,2016-05-08 14:00:00,52,65,14
5553957443,2016-05-08 15:00:00,111,70,15
5553957443,2016-05-08 16:00:00,287,86,16
5553957443,2016-05-08 17:00:00,269,78,17
5553957443,2016-05-08 18:00:00,638,101,18
5553957443,2016-05-08 19:00:00,767,121,19
5553957443,2016-05-08 20:00:00,247,72,20
5553957443,2016-05-08 21:00:00,324,85,21
5553957443,2016-05-08 22:00:00,9,56,22
5553957443,2016-05-08 23:00:00,0,55,23
5553957443,2016-05-09 00:00:00,43,60,0
5553957443,2016-05-09 01:00:00,5,56,1
5553957443,2016-05-09 02:00:00,0,55,2
5553957443,2016-05-09 03:00:00,8,56,3
5553957443,2016-05-09 04:00:00,0,55,4
5553957443,2016-05-09 05:00:00,0,55,5
5553957443,2016-05-09 06:00:00,539,104,6
5553957443,2016-05-09 07:00:00,1782,150,7
5553957443,2016-05-09 08:00:00,1470,123,8
5553957443,2016-05-09 09:00:00,20,58,9
5553957443,2016-05-09 10:00:00,232,74,10
5553957443,2016-05-09 11:00:00,153,67,11
5553957443,2016-05-09 12:00:00,125,67,12
5553957443,2016-05-09 13:00:00,17,59,13
5553957443,2016-05-09 14:00:00,4,57,14
5553957443,2016-05-09 15:00:00,0,56,15
5553957443,2016-05-09 16:00:00,1736,233,16
5553957443,2016-05-09 17:00:00,722,260,17
5553957443,2016-05-09 18:00:00,2661,178,18
5553957443,2016-05-09 19:00:00,1283,152,19
5553957443,2016-05-09 20:00:00,443,97,20
5553957443,2016-05-09 21:00:00,261,76,21
5553957443,2016-05-09 22:00:00,107,68,22
5553957443,2016-05-09 23:00:00,0,55,23
5553957443,2016-05-10 00:00:00,0,55,0
5553957443,2016-05-10 01:00:00,0,55,1
5553957443,2016-05-10 02:00:00,0,55,2
5553957443,2016-05-10 03:00:00,61,61,3
5553957443,2016-05-10 04:00:00,0,55,4
5553957443,2016-05-10 05:00:00,0,55,5
5553957443,2016-05-10 06:00:00,737,119,6
5553957443,2016-05-10 07:00:00,2830,179,7
5553957443,2016-05-10 08:00:00,15,59,8
5553957443,2016-05-10 09:00:00,0,56,9
5553957443,2016-05-10 10:00:00,7,57,10
5553957443,2016-05-10 11:00:00,2690,236,11
5553957443,2016-05-10 12:00:00,3160,248,12
5553957443,2016-05-10 13:00:00,97,73,13
5553957443,2016-05-10 14:00:00,0,56,14
5553957443,2016-05-10 15:00:00,38,61,15
5553957443,2016-05-10 16:00:00,152,71,16
5553957443,2016-05-10 17:00:00,2245,160,17
5553957443,2016-05-10 18:00:00,969,120,18
5553957443,2016-05-10 19:00:00,309,86,19
5553957443,2016-05-10 20:00:00,497,98,20
5553957443,2016-05-10 21:00:00,1098,116,21
5553957443,2016-05-10 22:00:00,971,114,22
5553957443,2016-05-10 23:00:00,439,92,23
5553957443,2016-05-11 00:00:00,109,64,0
5553957443,2016-05-11 01:00:00,0,55,1
5553957443,2016-05-11 02:00:00,6,56,2
5553957443,2016-05-11 03:00:00,0,55,3
5553957443,2016-05-11 04:00:00,0,55,4
5553957443,2016-05-11 05:00:00,0,55,5
5553957443,2016-05-11 06:00:00,5,56,6
5553957443,2016-05-11 07:00:00,0,55,7
5553957443,2016-05-11 08:00:00,407,83,8
5553957443,2016-05-11 09:00:00,79,64,9
5553957443,2016-05-11 10:00:00,455,91,10
5553957443,2016-05-11 11:00:00,69,69,11
5553957443,2016-05-11 12:00:00,392,90,12
5553957443,2016-05-11 13:00:00,9,57,13
5553957443,2016-05-11 14:00:00,532,99,14
5553957443,2016-05-11 15:00:00,523,91,15
5553957443,2016-05-11 16:00:00,302,75,16
5553957443,2016-05-11 17:00:00,10,57,17
5553957443,2016-05-11 18:00:00,469,93,18
5553957443,2016-05-11 19:00:00,745,92,19
5553957443,2016-05-11 20:00:00,441,82,20
5553957443,2016-05-11 21:00:00,344,88,21
5553957443,2016-05-11 22:00:00,0,55,22
5553957443,2016-05-11 23:00:00,29,57,23
5553957443,2016-05-12 00:00:00,11,56,0
5553957443,2016-05-12 01:00:00,9,56,1
5553957443,2016-05-12 02:00:00,24,60,2
5553957443,2016-05-12 03:00:00,0,55,3
5553957443,2016-05-12 04:00:00,0,55,4
5553957443,2016-05-12 05:00:00,55,60,5
5553957443,2016-05-12 06:00:00,312,89,6
5553957443,2016-05-12 07:00:00,2710,175,7
5553957443,2016-05-12 08:00:00,0,55,8
5553957443,2016-05-12 09:00:00,0,55,9
5577150313,2016-04-12 00:00:00,0,78,0
5577150313,2016-04-12 01:00:00,0,78,1
5577150313,2016-04-12 02:00:00,0,78,2
5577150313,2016-04-12 03:00:00,0,78,3
5577150313,2016-04-12 04:00:00,0,78,4
5577150313,2016-04-12 05:00:00,31,84,5
5577150313,2016-04-12 06:00:00,2073,456,6
5577150313,2016-04-12 07:00:00,112,143,7
5577150313,2016-04-12 08:00:00,339,123,8
5577150313,2016-04-12 09:00:00,120,121,9
5577150313,2016-04-12 10:00:00,276,188,10
5577150313,2016-04-12 11:00:00,1434,263,11
5577150313,2016-04-12 12:00:00,58,106,12
5577150313,2016-04-12 13:00:00,142,109,13
5577150313,2016-04-12 14:00:00,14,100,14
5577150313,2016-04-12 15:00:00,200,118,15
5577150313,2016-04-12 16:00:00,1653,263,16
5577150313,2016-04-12 17:00:00,229,140,17
5577150313,2016-04-12 18:00:00,222,113,18
5577150313,2016-04-12 19:00:00,875,303,19
5577150313,2016-04-12 20:00:00,216,128,20
5577150313,2016-04-12 21:00:00,105,98,21
5577150313,2016-04-12 22:00:00,36,83,22
5577150313,2016-04-12 23:00:00,0,77,23
5577150313,2016-04-13 00:00:00,0,78,0
5577150313,2016-04-13 01:00:00,0,78,1
5577150313,2016-04-13 02:00:00,6,80,2
5577150313,2016-04-13 03:00:00,8,79,3
5577150313,2016-04-13 04:00:00,64,84,4
5577150313,2016-04-13 05:00:00,32,86,5
5577150313,2016-04-13 06:00:00,1908,241,6
5577150313,2016-04-13 07:00:00,219,106,7
5577150313,2016-04-13 08:00:00,366,113,8
5577150313,2016-04-13 09:00:00,71,92,9
5577150313,2016-04-13 10:00:00,285,117,10
5577150313,2016-04-13 11:00:00,467,117,11
5577150313,2016-04-13 12:00:00,0,77,12
5577150313,2016-04-13 13:00:00,0,77,13
5577150313,2016-04-13 14:00:00,0,77,14
5577150313,2016-04-13 15:00:00,0,77,15
5577150313,2016-04-13 16:00:00,0,77,16
5577150313,2016-04-13 17:00:00,420,171,17
5577150313,2016-04-13 18:00:00,0,90,18
5577150313,2016-04-13 19:00:00,339,115,19
5577150313,2016-04-13 20:00:00,869,273,20
5577150313,2016-04-13 21:00:00,23,92,21
5577150313,2016-04-13 22:00:00,0,77,22
5577150313,2016-04-13 23:00:00,0,78,23
5577150313,2016-04-14 00:00:00,72,85,0
5577150313,2016-04-14 01:00:00,0,77,1
5577150313,2016-04-14 02:00:00,0,78,2
5577150313,2016-04-14 03:00:00,0,78,3
5577150313,2016-04-14 04:00:00,6,79,4
5577150313,2016-04-14 05:00:00,158,107,5
5577150313,2016-04-14 06:00:00,1410,414,6
5577150313,2016-04-14 07:00:00,430,166,7
5577150313,2016-04-14 08:00:00,98,110,8
5577150313,2016-04-14 09:00:00,124,113,9
5577150313,2016-04-14 10:00:00,0,93,10
5577150313,2016-04-14 11:00:00,1444,354,11
5577150313,2016-04-14 12:00:00,267,140,12
5577150313,2016-04-14 13:00:00,169,122,13
5577150313,2016-04-14 14:00:00,1489,574,14
5577150313,2016-04-14 15:00:00,870,303,15
5577150313,2016-04-14 16:00:00,582,293,16
5577150313,2016-04-14 17:00:00,205,143,17
5577150313,2016-04-14 18:00:00,119,107,18
5577150313,2016-04-14 19:00:00,688,240,19
5577150313,2016-04-14 20:00:00,351,154,20
5577150313,2016-04-14 21:00:00,100,107,21
5577150313,2016-04-14 22:00:00,14,82,22
5577150313,2016-04-14 23:00:00,0,78,23
5577150313,2016-04-15 00:00:00,48,83,0
5577150313,2016-04-15 01:00:00,0,78,1
5577150313,2016-04-15 02:00:00,5,78,2
5577150313,2016-04-15 03:00:00,6,78,3
5577150313,2016-04-15 04:00:00,9,79,4
5577150313,2016-04-15 05:00:00,787,153,5
5577150313,2016-04-15 06:00:00,1822,425,6
5577150313,2016-04-15 07:00:00,239,173,7
5577150313,2016-04-15 08:00:00,215,118,8
5577150313,2016-04-15 09:00:00,199,126,9
5577150313,2016-04-15 10:00:00,291,116,10
5577150313,2016-04-15 11:00:00,1295,230,11
5577150313,2016-04-15 12:00:00,255,170,12
5577150313,2016-04-15 13:00:00,581,158,13
5577150313,2016-04-15 14:00:00,634,181,14
5577150313,2016-04-15 15:00:00,1940,284,15
5577150313,2016-04-15 16:00:00,288,160,16
5577150313,2016-04-15 17:00:00,106,93,17
5577150313,2016-04-15 18:00:00,785,229,18
5577150313,2016-04-15 19:00:00,1431,380,19
5577150313,2016-04-15 20:00:00,1102,347,20
5577150313,2016-04-15 21:00:00,4,95,21
5577150313,2016-04-15 22:00:00,45,93,22
5577150313,2016-04-15 23:00:00,0,76,23
5577150313,2016-04-16 00:00:00,68,87,0
5577150313,2016-04-16 01:00:00,4,78,1
5577150313,2016-04-16 02:00:00,62,85,2
5577150313,2016-04-16 03:00:00,5,78,3
5577150313,2016-04-16 04:00:00,0,77,4
5577150313,2016-04-16 05:00:00,0,77,5
5577150313,2016-04-16 06:00:00,2088,284,6
5577150313,2016-04-16 07:00:00,1525,371,7
5577150313,2016-04-16 08:00:00,85,94,8
5577150313,2016-04-16 09:00:00,4,84,9
5577150313,2016-04-16 10:00:00,1526,335,10
5577150313,2016-04-16 11:00:00,964,225,11
5577150313,2016-04-16 12:00:00,316,169,12
5577150313,2016-04-16 13:00:00,1173,421,13
5577150313,2016-04-16 14:00:00,3729,612,14
5577150313,2016-04-16 15:00:00,457,155,15
5577150313,2016-04-16 16:00:00,173,107,16
5577150313,2016-04-16 17:00:00,471,157,17
5577150313,2016-04-16 18:00:00,715,237,18
5577150313,2016-04-16 19:00:00,648,198,19
5577150313,2016-04-16 20:00:00,241,111,20
5577150313,2016-04-16 21:00:00,0,76,21
5577150313,2016-04-16 22:00:00,7,78,22
5577150313,2016-04-16 23:00:00,0,76,23
5577150313,2016-04-17 00:00:00,8,78,0
5577150313,2016-04-17 01:00:00,0,76,1
5577150313,2016-04-17 02:00:00,62,83,2
5577150313,2016-04-17 03:00:00,0,76,3
5577150313,2016-04-17 04:00:00,7,78,4
5577150313,2016-04-17 05:00:00,8,78,5
5577150313,2016-04-17 06:00:00,569,249,6
5577150313,2016-04-17 07:00:00,2249,464,7
5577150313,2016-04-17 08:00:00,312,150,8
5577150313,2016-04-17 09:00:00,807,257,9
5577150313,2016-04-17 10:00:00,1034,237,10
5577150313,2016-04-17 11:00:00,1091,355,11
5577150313,2016-04-17 12:00:00,2035,562,12
5577150313,2016-04-17 13:00:00,1695,405,13
5577150313,2016-04-17 14:00:00,401,189,14
5577150313,2016-04-17 15:00:00,222,140,15
5577150313,2016-04-17 16:00:00,23,99,16
5577150313,2016-04-17 17:00:00,6,97,17
5577150313,2016-04-17 18:00:00,401,172,18
5577150313,2016-04-17 19:00:00,186,106,19
5577150313,2016-04-17 20:00:00,382,162,20
5577150313,2016-04-17 21:00:00,719,284,21
5577150313,2016-04-17 22:00:00,14,78,22
5577150313,2016-04-17 23:00:00,0,76,23
5577150313,2016-04-18 00:00:00,0,76,0
5577150313,2016-04-18 01:00:00,0,76,1
5577150313,2016-04-18 02:00:00,0,76,2
5577150313,2016-04-18 03:00:00,0,76,3
5577150313,2016-04-18 04:00:00,0,76,4
5577150313,2016-04-18 05:00:00,11,78,5
5577150313,2016-04-18 06:00:00,0,77,6
5577150313,2016-04-18 07:00:00,223,115,7
5577150313,2016-04-18 08:00:00,41,100,8
5577150313,2016-04-18 09:00:00,4181,424,9
5577150313,2016-04-18 10:00:00,2539,544,10
5577150313,2016-04-18 11:00:00,11,128,11
5577150313,2016-04-18 12:00:00,53,113,12
5577150313,2016-04-18 13:00:00,7,81,13
5577150313,2016-04-18 14:00:00,631,189,14
5577150313,2016-04-18 15:00:00,56,193,15
5577150313,2016-04-18 16:00:00,419,149,16
5577150313,2016-04-18 17:00:00,134,112,17
5577150313,2016-04-18 18:00:00,866,223,18
5577150313,2016-04-18 19:00:00,362,268,19
5577150313,2016-04-18 20:00:00,96,145,20
5577150313,2016-04-18 21:00:00,248,138,21
5577150313,2016-04-18 22:00:00,0,83,22
5577150313,2016-04-18 23:00:00,15,85,23
5577150313,2016-04-19 00:00:00,0,80,0
5577150313,2016-04-19 01:00:00,0,79,1
5577150313,2016-04-19 02:00:00,0,80,2
5577150313,2016-04-19 03:00:00,0,76,3
5577150313,2016-04-19 04:00:00,0,77,4
5577150313,2016-04-19 05:00:00,0,76,5
5577150313,2016-04-19 06:00:00,38,87,6
5577150313,2016-04-19 07:00:00,3910,359,7
5577150313,2016-04-19 08:00:00,1704,247,8
5577150313,2016-04-19 09:00:00,9,102,9
5577150313,2016-04-19 10:00:00,176,123,10
5577150313,2016-04-19 11:00:00,69,106,11
5577150313,2016-04-19 12:00:00,929,187,12
5577150313,2016-04-19 13:00:00,257,139,13
5577150313,2016-04-19 14:00:00,2181,314,14
5577150313,2016-04-19 15:00:00,393,203,15
5577150313,2016-04-19 16:00:00,249,167,16
5577150313,2016-04-19 17:00:00,0,101,17
5577150313,2016-04-19 18:00:00,142,114,18
5577150313,2016-04-19 19:00:00,114,102,19
5577150313,2016-04-19 20:00:00,2303,414,20
5577150313,2016-04-19 21:00:00,74,104,21
5577150313,2016-04-19 22:00:00,14,82,22
5577150313,2016-04-19 23:00:00,12,81,23
5577150313,2016-04-20 00:00:00,0,78,0
5577150313,2016-04-20 01:00:00,0,76,1
5577150313,2016-04-20 02:00:00,6,78,2
5577150313,2016-04-20 03:00:00,4,78,3
5577150313,2016-04-20 04:00:00,9,78,4
5577150313,2016-04-20 05:00:00,0,76,5
5577150313,2016-04-20 06:00:00,0,76,6
5577150313,2016-04-20 07:00:00,0,76,7
5577150313,2016-04-20 08:00:00,4000,430,8
5577150313,2016-04-20 09:00:00,702,240,9
5577150313,2016-04-20 10:00:00,536,218,10
5577150313,2016-04-20 11:00:00,307,149,11
5577150313,2016-04-20 12:00:00,283,169,12
5577150313,2016-04-20 13:00:00,499,148,13
5577150313,2016-04-20 14:00:00,343,138,14
5577150313,2016-04-20 15:00:00,5,95,15
5577150313,2016-04-20 16:00:00,353,149,16
5577150313,2016-04-20 17:00:00,60,106,17
5577150313,2016-04-20 18:00:00,342,147,18
5577150313,2016-04-20 19:00:00,435,190,19
5577150313,2016-04-20 20:00:00,281,135,20
5577150313,2016-04-20 21:00:00,27,83,21
5577150313,2016-04-20 22:00:00,83,96,22
5577150313,2016-04-20 23:00:00,55,82,23
5577150313,2016-04-21 00:00:00,0,79,0
5577150313,2016-04-21 01:00:00,0,76,1
5577150313,2016-04-21 02:00:00,5,79,2
5577150313,2016-04-21 03:00:00,6,78,3
5577150313,2016-04-21 04:00:00,0,76,4
5577150313,2016-04-21 05:00:00,5,79,5
5577150313,2016-04-21 06:00:00,2017,511,6
5577150313,2016-04-21 07:00:00,326,182,7
5577150313,2016-04-21 08:00:00,382,136,8
5577150313,2016-04-21 09:00:00,230,131,9
5577150313,2016-04-21 10:00:00,0,97,10
5577150313,2016-04-21 11:00:00,1738,334,11
5577150313,2016-04-21 12:00:00,64,108,12
5577150313,2016-04-21 13:00:00,236,149,13
5577150313,2016-04-21 14:00:00,1409,241,14
5577150313,2016-04-21 15:00:00,2020,336,15
5577150313,2016-04-21 16:00:00,477,288,16
5577150313,2016-04-21 17:00:00,640,265,17
5577150313,2016-04-21 18:00:00,101,112,18
5577150313,2016-04-21 19:00:00,788,272,19
5577150313,2016-04-21 20:00:00,239,131,20
5577150313,2016-04-21 21:00:00,8,80,21
5577150313,2016-04-21 22:00:00,139,102,22
5577150313,2016-04-21 23:00:00,0,77,23
5577150313,2016-04-22 00:00:00,9,78,0
5577150313,2016-04-22 01:00:00,0,77,1
5577150313,2016-04-22 02:00:00,0,77,2
5577150313,2016-04-22 03:00:00,206,97,3
5577150313,2016-04-22 04:00:00,0,76,4
5577150313,2016-04-22 05:00:00,608,137,5
5577150313,2016-04-22 06:00:00,2196,456,6
5577150313,2016-04-22 07:00:00,432,163,7
5577150313,2016-04-22 08:00:00,315,152,8
5577150313,2016-04-22 09:00:00,293,140,9
5577150313,2016-04-22 10:00:00,271,132,10
5577150313,2016-04-22 11:00:00,335,155,11
5577150313,2016-04-22 12:00:00,540,154,12
5577150313,2016-04-22 13:00:00,49,85,13
5577150313,2016-04-22 14:00:00,37,83,14
5577150313,2016-04-22 15:00:00,9,81,15
5577150313,2016-04-22 16:00:00,88,90,16
5577150313,2016-04-22 17:00:00,316,131,17
5577150313,2016-04-22 18:00:00,663,164,18
5577150313,2016-04-22 19:00:00,714,162,19
5577150313,2016-04-22 20:00:00,874,185,20
5577150313,2016-04-22 21:00:00,92,82,21
5577150313,2016-04-22 22:00:00,536,221,22
5577150313,2016-04-22 23:00:00,117,105,23
5577150313,2016-04-23 00:00:00,6,78,0
5577150313,2016-04-23 01:00:00,0,79,1
5577150313,2016-04-23 02:00:00,9,78,2
5577150313,2016-04-23 03:00:00,0,78,3
5577150313,2016-04-23 04:00:00,41,82,4
5577150313,2016-04-23 05:00:00,0,76,5
5577150313,2016-04-23 06:00:00,193,111,6
5577150313,2016-04-23 07:00:00,325,185,7
5577150313,2016-04-23 08:00:00,56,89,8
5577150313,2016-04-23 09:00:00,346,121,9
5577150313,2016-04-23 10:00:00,973,243,10
5577150313,2016-04-23 11:00:00,550,160,11
5577150313,2016-04-23 12:00:00,376,122,12
5577150313,2016-04-23 13:00:00,407,154,13
5577150313,2016-04-23 14:00:00,63,88,14
5577150313,2016-04-23 15:00:00,1764,263,15
5577150313,2016-04-23 16:00:00,175,117,16
5577150313,2016-04-23 17:00:00,854,199,17
5577150313,2016-04-23 18:00:00,628,217,18
5577150313,2016-04-23 19:00:00,267,206,19
5577150313,2016-04-23 20:00:00,556,163,20
5577150313,2016-04-23 21:00:00,31,87,21
5577150313,2016-04-23 22:00:00,7,79,22
5577150313,2016-04-23 23:00:00,11,78,23
5577150313,2016-04-24 00:00:00,0,77,0
5577150313,2016-04-24 01:00:00,44,89,1
5577150313,2016-04-24 02:00:00,58,84,2
5577150313,2016-04-24 03:00:00,0,77,3
5577150313,2016-04-24 04:00:00,0,77,4
5577150313,2016-04-24 05:00:00,0,76,5
5577150313,2016-04-24 06:00:00,10,78,6
5577150313,2016-04-24 07:00:00,206,134,7
5577150313,2016-04-24 08:00:00,175,136,8
5577150313,2016-04-24 09:00:00,329,122,9
5577150313,2016-04-24 10:00:00,2833,370,10
5577150313,2016-04-24 11:00:00,3857,512,11
5577150313,2016-04-24 12:00:00,191,130,12
5577150313,2016-04-24 13:00:00,280,130,13
5577150313,2016-04-24 14:00:00,399,187,14
5577150313,2016-04-24 15:00:00,3393,525,15
5577150313,2016-04-24 16:00:00,1512,335,16
5577150313,2016-04-24 17:00:00,1154,447,17
5577150313,2016-04-24 18:00:00,399,189,18
5577150313,2016-04-24 19:00:00,629,239,19
5577150313,2016-04-24 20:00:00,138,114,20
5577150313,2016-04-24 21:00:00,108,102,21
5577150313,2016-04-24 22:00:00,17,81,22
5577150313,2016-04-24 23:00:00,32,81,23
5577150313,2016-04-25 00:00:00,7,78,0
5577150313,2016-04-25 01:00:00,0,76,1
5577150313,2016-04-25 02:00:00,0,76,2
5577150313,2016-04-25 03:00:00,7,78,3
5577150313,2016-04-25 04:00:00,11,78,4
5577150313,2016-04-25 05:00:00,99,90,5
5577150313,2016-04-25 06:00:00,1597,408,6
5577150313,2016-04-25 07:00:00,657,183,7
5577150313,2016-04-25 08:00:00,304,120,8
5577150313,2016-04-25 09:00:00,83,108,9
5577150313,2016-04-25 10:00:00,253,290,10
5577150313,2016-04-25 11:00:00,568,191,11
5577150313,2016-04-25 12:00:00,236,195,12
5577150313,2016-04-25 13:00:00,202,194,13
5577150313,2016-04-25 14:00:00,211,120,14
5577150313,2016-04-25 15:00:00,190,114,15
5577150313,2016-04-25 16:00:00,365,166,16
5577150313,2016-04-25 17:00:00,449,129,17
5577150313,2016-04-25 18:00:00,86,97,18
5577150313,2016-04-25 19:00:00,734,213,19
5577150313,2016-04-25 20:00:00,229,118,20
5577150313,2016-04-25 21:00:00,95,93,21
5577150313,2016-04-25 22:00:00,10,83,22
5577150313,2016-04-25 23:00:00,0,76,23
5577150313,2016-04-26 00:00:00,42,79,0
5577150313,2016-04-26 01:00:00,0,76,1
5577150313,2016-04-26 02:00:00,0,77,2
5577150313,2016-04-26 03:00:00,0,76,3
5577150313,2016-04-26 04:00:00,20,81,4
5577150313,2016-04-26 05:00:00,884,230,5
5577150313,2016-04-26 06:00:00,1128,296,6
5577150313,2016-04-26 07:00:00,212,124,7
5577150313,2016-04-26 08:00:00,129,155,8
5577150313,2016-04-26 09:00:00,10,102,9
5577150313,2016-04-26 10:00:00,168,112,10
5577150313,2016-04-26 11:00:00,280,128,11
5577150313,2016-04-26 12:00:00,596,169,12
5577150313,2016-04-26 13:00:00,125,197,13
5577150313,2016-04-26 14:00:00,265,148,14
5577150313,2016-04-26 15:00:00,117,111,15
5577150313,2016-04-26 16:00:00,205,114,16
5577150313,2016-04-26 17:00:00,0,86,17
5577150313,2016-04-26 18:00:00,298,115,18
5577150313,2016-04-26 19:00:00,368,152,19
5577150313,2016-04-26 20:00:00,370,212,20
5577150313,2016-04-26 21:00:00,77,93,21
5577150313,2016-04-26 22:00:00,0,76,22
5577150313,2016-04-26 23:00:00,31,79,23
5577150313,2016-04-27 00:00:00,0,76,0
5577150313,2016-04-27 01:00:00,5,78,1
5577150313,2016-04-27 02:00:00,0,77,2
5577150313,2016-04-27 03:00:00,0,76,3
5577150313,2016-04-27 04:00:00,0,76,4
5577150313,2016-04-27 05:00:00,313,108,5
5577150313,2016-04-27 06:00:00,2153,430,6
5577150313,2016-04-27 07:00:00,286,141,7
5577150313,2016-04-27 08:00:00,290,128,8
5577150313,2016-04-27 09:00:00,429,167,9
5577150313,2016-04-27 10:00:00,92,107,10
5577150313,2016-04-27 11:00:00,207,137,11
5577150313,2016-04-27 12:00:00,168,116,12
5577150313,2016-04-27 13:00:00,117,109,13
5577150313,2016-04-27 14:00:00,15,98,14
5577150313,2016-04-27 15:00:00,382,188,15
5577150313,2016-04-27 16:00:00,350,150,16
5577150313,2016-04-27 17:00:00,252,113,17
5577150313,2016-04-27 18:00:00,418,172,18
5577150313,2016-04-27 19:00:00,939,387,19
5577150313,2016-04-27 20:00:00,61,90,20
5577150313,2016-04-27 21:00:00,203,99,21
5577150313,2016-04-27 22:00:00,118,91,22
5577150313,2016-04-27 23:00:00,7,78,23
5577150313,2016-04-28 00:00:00,10,80,0
5577150313,2016-04-28 01:00:00,0,79,1
5577150313,2016-04-28 02:00:00,4,78,2
5577150313,2016-04-28 03:00:00,0,76,3
5577150313,2016-04-28 04:00:00,0,76,4
5577150313,2016-04-28 05:00:00,1064,169,5
5577150313,2016-04-28 06:00:00,1556,381,6
5577150313,2016-04-28 07:00:00,356,213,7
5577150313,2016-04-28 08:00:00,238,144,8
5577150313,2016-04-28 09:00:00,117,100,9
5577150313,2016-04-28 10:00:00,100,111,10
5577150313,2016-04-28 11:00:00,1635,312,11
5577150313,2016-04-28 12:00:00,0,76,12
5577150313,2016-04-28 13:00:00,1001,189,13
5577150313,2016-04-28 14:00:00,1076,199,14
5577150313,2016-04-28 15:00:00,511,187,15
5577150313,2016-04-28 16:00:00,106,110,16
5577150313,2016-04-28 17:00:00,526,174,17
5577150313,2016-04-28 18:00:00,153,105,18
5577150313,2016-04-28 19:00:00,1035,331,19
5577150313,2016-04-28 20:00:00,241,132,20
5577150313,2016-04-28 21:00:00,112,106,21
5577150313,2016-04-28 22:00:00,0,76,22
5577150313,2016-04-28 23:00:00,0,77,23
5577150313,2016-04-29 00:00:00,0,76,0
5577150313,2016-04-29 01:00:00,58,82,1
5577150313,2016-04-29 02:00:00,0,76,2
5577150313,2016-04-29 03:00:00,0,77,3
5577150313,2016-04-29 04:00:00,0,76,4
5577150313,2016-04-29 05:00:00,31,81,5
5577150313,2016-04-29 06:00:00,1744,411,6
5577150313,2016-04-29 07:00:00,562,239,7
5577150313,2016-04-29 08:00:00,148,117,8
5577150313,2016-04-29 09:00:00,383,153,9
5577150313,2016-04-29 10:00:00,158,136,10
5577150313,2016-04-29 11:00:00,252,154,11
5577150313,2016-04-29 12:00:00,353,150,12
5577150313,2016-04-29 13:00:00,86,87,13
5577150313,2016-04-29 14:00:00,68,93,14
5577150313,2016-04-29 15:00:00,80,102,15
5577150313,2016-04-29 16:00:00,119,112,16
5577150313,2016-04-29 17:00:00,143,91,17
5577150313,2016-04-29 18:00:00,413,142,18
5577150313,2016-04-29 19:00:00,1014,372,19
5577150313,2016-04-29 20:00:00,2206,463,20
5577150313,2016-04-29 21:00:00,28,88,21
5577150313,2016-04-29 22:00:00,78,89,22
5577150313,2016-04-29 23:00:00,0,76,23
5577150313,2016-04-30 00:00:00,0,77,0
5577150313,2016-04-30 01:00:00,0,76,1
5577150313,2016-04-30 02:00:00,0,77,2
5577150313,2016-04-30 03:00:00,0,76,3
5577150313,2016-04-30 04:00:00,0,76,4
5577150313,2016-04-30 05:00:00,9,79,5
5577150313,2016-04-30 06:00:00,86,90,6
5577150313,2016-04-30 07:00:00,199,112,7
5577150313,2016-04-30 08:00:00,256,125,8
5577150313,2016-04-30 09:00:00,72,98,9
5577150313,2016-04-30 10:00:00,1228,390,10
5577150313,2016-04-30 11:00:00,2444,519,11
5577150313,2016-04-30 12:00:00,952,253,12
5577150313,2016-04-30 13:00:00,1031,332,13
5577150313,2016-04-30 14:00:00,621,299,14
5577150313,2016-04-30 15:00:00,240,130,15
5577150313,2016-04-30 16:00:00,36,87,16
5577150313,2016-04-30 17:00:00,390,154,17
5577150313,2016-04-30 18:00:00,2249,586,18
5577150313,2016-04-30 19:00:00,1832,410,19
5577150313,2016-04-30 20:00:00,278,139,20
5577150313,2016-04-30 21:00:00,259,126,21
5577150313,2016-04-30 22:00:00,125,102,22
5577150313,2016-04-30 23:00:00,56,89,23
5577150313,2016-05-01 00:00:00,0,76,0
5577150313,2016-05-01 01:00:00,8,78,1
5577150313,2016-05-01 02:00:00,11,80,2
5577150313,2016-05-01 03:00:00,0,78,3
5577150313,2016-05-01 04:00:00,0,76,4
5577150313,2016-05-01 05:00:00,0,76,5
5577150313,2016-05-01 06:00:00,133,105,6
5577150313,2016-05-01 07:00:00,21,86,7
5577150313,2016-05-01 08:00:00,1404,335,8
5577150313,2016-05-01 09:00:00,2010,374,9
5577150313,2016-05-01 10:00:00,2161,524,10
5577150313,2016-05-01 11:00:00,2110,467,11
5577150313,2016-05-01 12:00:00,230,159,12
5577150313,2016-05-01 13:00:00,369,155,13
5577150313,2016-05-01 14:00:00,643,177,14
5577150313,2016-05-01 15:00:00,281,137,15
5577150313,2016-05-01 16:00:00,1028,308,16
5577150313,2016-05-01 17:00:00,288,130,17
5577150313,2016-05-01 18:00:00,1098,371,18
5577150313,2016-05-01 19:00:00,1388,395,19
5577150313,2016-05-01 20:00:00,108,106,20
5577150313,2016-05-01 21:00:00,71,96,21
5577150313,2016-05-01 22:00:00,0,76,22
5577150313,2016-05-01 23:00:00,6,80,23
5577150313,2016-05-02 00:00:00,0,76,0
5577150313,2016-05-02 01:00:00,0,76,1
5577150313,2016-05-02 02:00:00,67,84,2
5577150313,2016-05-02 03:00:00,0,76,3
5577150313,2016-05-02 04:00:00,0,76,4
5577150313,2016-05-02 05:00:00,8,79,5
5577150313,2016-05-02 06:00:00,1856,413,6
5577150313,2016-05-02 07:00:00,556,244,7
5577150313,2016-05-02 08:00:00,210,116,8
5577150313,2016-05-02 09:00:00,74,106,9
5577150313,2016-05-02 10:00:00,448,186,10
5577150313,2016-05-02 11:00:00,391,129,11
5577150313,2016-05-02 12:00:00,259,105,12
5577150313,2016-05-02 13:00:00,610,136,13
5577150313,2016-05-02 14:00:00,564,135,14
5577150313,2016-05-02 15:00:00,495,145,15
5577150313,2016-05-02 16:00:00,297,115,16
5577150313,2016-05-02 17:00:00,146,94,17
5577150313,2016-05-02 18:00:00,345,107,18
5577150313,2016-05-02 19:00:00,255,109,19
5577150313,2016-05-02 20:00:00,695,146,20
5577150313,2016-05-02 21:00:00,63,86,21
5577150313,2016-05-02 22:00:00,43,83,22
5577150313,2016-05-02 23:00:00,32,89,23
5577150313,2016-05-03 00:00:00,582,200,0
5577150313,2016-05-03 01:00:00,1719,286,1
5577150313,2016-05-03 02:00:00,203,213,2
5577150313,2016-05-03 03:00:00,101,106,3
5577150313,2016-05-03 04:00:00,1036,209,4
5577150313,2016-05-03 05:00:00,717,201,5
5577150313,2016-05-03 06:00:00,419,141,6
5577150313,2016-05-03 07:00:00,520,173,7
5577150313,2016-05-03 08:00:00,271,160,8
5577150313,2016-05-03 09:00:00,1775,244,9
5577150313,2016-05-03 10:00:00,2557,495,10
5577150313,2016-05-03 11:00:00,129,108,11
5577150313,2016-05-03 12:00:00,10,81,12
5577150313,2016-05-03 13:00:00,10,78,13
5577150313,2016-05-03 14:00:00,0,76,14
5577150313,2016-05-03 15:00:00,12,81,15
5577150313,2016-05-03 16:00:00,0,76,16
5577150313,2016-05-03 17:00:00,0,76,17
5577150313,2016-05-03 18:00:00,0,77,18
5577150313,2016-05-03 19:00:00,9,78,19
5577150313,2016-05-03 20:00:00,21,82,20
5577150313,2016-05-03 21:00:00,394,186,21
5577150313,2016-05-03 22:00:00,540,257,22
5577150313,2016-05-03 23:00:00,20,112,23
5577150313,2016-05-04 00:00:00,342,148,0
5577150313,2016-05-04 01:00:00,36,94,1
5577150313,2016-05-04 02:00:00,316,131,2
5577150313,2016-05-04 03:00:00,40,99,3
5577150313,2016-05-04 04:00:00,390,162,4
5577150313,2016-05-04 05:00:00,287,126,5
5577150313,2016-05-04 06:00:00,77,131,6
5577150313,2016-05-04 07:00:00,354,136,7
5577150313,2016-05-04 08:00:00,450,180,8
5577150313,2016-05-04 09:00:00,1673,231,9
5577150313,2016-05-04 10:00:00,476,154,10
5577150313,2016-05-04 11:00:00,0,76,11
5577150313,2016-05-04 12:00:00,9,79,12
5577150313,2016-05-04 13:00:00,0,77,13
5577150313,2016-05-04 14:00:00,0,76,14
5577150313,2016-05-04 15:00:00,0,78,15
5577150313,2016-05-04 16:00:00,0,76,16
5577150313,2016-05-04 17:00:00,0,76,17
5577150313,2016-05-04 18:00:00,0,77,18
5577150313,2016-05-04 19:00:00,0,77,19
5577150313,2016-05-04 20:00:00,6,78,20
5577150313,2016-05-04 21:00:00,110,112,21
5577150313,2016-05-04 22:00:00,616,174,22
5577150313,2016-05-04 23:00:00,24,109,23
5577150313,2016-05-05 00:00:00,297,152,0
5577150313,2016-05-05 01:00:00,0,76,1
5577150313,2016-05-05 02:00:00,0,76,2
5577150313,2016-05-05 03:00:00,0,76,3
5577150313,2016-05-05 04:00:00,0,76,4
5577150313,2016-05-05 05:00:00,0,76,5
5577150313,2016-05-05 06:00:00,0,76,6
5577150313,2016-05-05 07:00:00,0,76,7
5577150313,2016-05-05 08:00:00,0,76,8
5577150313,2016-05-05 09:00:00,0,77,9
5577150313,2016-05-05 10:00:00,243,121,10
5577150313,2016-05-05 11:00:00,828,168,11
5577150313,2016-05-05 12:00:00,2089,276,12
5577150313,2016-05-05 13:00:00,7,84,13
5577150313,2016-05-05 14:00:00,523,178,14
5577150313,2016-05-05 15:00:00,12,92,15
5577150313,2016-05-05 16:00:00,57,104,16
5577150313,2016-05-05 17:00:00,668,191,17
5577150313,2016-05-05 18:00:00,145,101,18
5577150313,2016-05-05 19:00:00,1142,235,19
5577150313,2016-05-05 20:00:00,226,183,20
5577150313,2016-05-05 21:00:00,1313,286,21
5577150313,2016-05-05 22:00:00,0,76,22
5577150313,2016-05-05 23:00:00,0,76,23
5577150313,2016-05-06 00:00:00,0,76,0
5577150313,2016-05-06 01:00:00,0,76,1
5577150313,2016-05-06 02:00:00,0,76,2
5577150313,2016-05-06 03:00:00,0,76,3
5577150313,2016-05-06 04:00:00,0,76,4
5577150313,2016-05-06 05:00:00,0,76,5
5577150313,2016-05-06 06:00:00,5,81,6
5577150313,2016-05-06 07:00:00,923,319,7
5577150313,2016-05-06 08:00:00,798,190,8
5577150313,2016-05-06 09:00:00,4,83,9
5577150313,2016-05-06 10:00:00,770,185,10
5577150313,2016-05-06 11:00:00,1537,261,11
5577150313,2016-05-06 12:00:00,511,179,12
5577150313,2016-05-06 13:00:00,69,94,13
5577150313,2016-05-06 14:00:00,180,97,14
5577150313,2016-05-06 15:00:00,0,78,15
5577150313,2016-05-06 16:00:00,153,90,16
5577150313,2016-05-06 17:00:00,0,76,17
5577150313,2016-05-06 18:00:00,0,76,18
5577150313,2016-05-06 19:00:00,0,76,19
5577150313,2016-05-06 20:00:00,0,76,20
5577150313,2016-05-06 21:00:00,0,76,21
5577150313,2016-05-06 22:00:00,0,76,22
5577150313,2016-05-06 23:00:00,0,76,23
5577150313,2016-05-07 00:00:00,0,76,0
5577150313,2016-05-07 01:00:00,0,76,1
5577150313,2016-05-07 02:00:00,0,76,2
5577150313,2016-05-07 03:00:00,0,76,3
5577150313,2016-05-07 04:00:00,0,76,4
5577150313,2016-05-07 05:00:00,0,76,5
5577150313,2016-05-07 06:00:00,0,76,6
5577150313,2016-05-07 07:00:00,0,76,7
5577150313,2016-05-07 08:00:00,0,76,8
5577150313,2016-05-07 09:00:00,0,76,9
5577150313,2016-05-07 10:00:00,0,76,10
5577150313,2016-05-07 11:00:00,0,76,11
5577150313,2016-05-07 12:00:00,0,76,12
5577150313,2016-05-07 13:00:00,0,76,13
5577150313,2016-05-07 14:00:00,0,76,14
5577150313,2016-05-07 15:00:00,0,76,15
5577150313,2016-05-07 16:00:00,0,76,16
5577150313,2016-05-07 17:00:00,0,76,17
5577150313,2016-05-07 18:00:00,0,76,18
5577150313,2016-05-07 19:00:00,0,76,19
5577150313,2016-05-07 20:00:00,0,76,20
5577150313,2016-05-07 21:00:00,0,76,21
5577150313,2016-05-07 22:00:00,0,76,22
5577150313,2016-05-07 23:00:00,0,76,23
5577150313,2016-05-08 00:00:00,0,76,0
5577150313,2016-05-08 01:00:00,0,76,1
5577150313,2016-05-08 02:00:00,0,76,2
5577150313,2016-05-08 03:00:00,0,76,3
5577150313,2016-05-08 04:00:00,0,76,4
5577150313,2016-05-08 05:00:00,0,76,5
5577150313,2016-05-08 06:00:00,0,76,6
5577150313,2016-05-08 07:00:00,0,76,7
5577150313,2016-05-08 08:00:00,0,76,8
5577150313,2016-05-08 09:00:00,0,76,9
5577150313,2016-05-08 10:00:00,0,76,10
5577150313,2016-05-08 11:00:00,0,76,11
5577150313,2016-05-08 12:00:00,0,76,12
5577150313,2016-05-08 13:00:00,0,76,13
5577150313,2016-05-08 14:00:00,0,76,14
5577150313,2016-05-08 15:00:00,0,76,15
5577150313,2016-05-08 16:00:00,0,76,16
5577150313,2016-05-08 17:00:00,0,76,17
5577150313,2016-05-08 18:00:00,0,76,18
5577150313,2016-05-08 19:00:00,0,76,19
5577150313,2016-05-08 20:00:00,0,76,20
5577150313,2016-05-08 21:00:00,0,76,21
5577150313,2016-05-08 22:00:00,0,76,22
5577150313,2016-05-08 23:00:00,0,76,23
5577150313,2016-05-09 00:00:00,0,76,0
5577150313,2016-05-09 01:00:00,0,76,1
5577150313,2016-05-09 02:00:00,0,76,2
5577150313,2016-05-09 03:00:00,0,76,3
5577150313,2016-05-09 04:00:00,0,76,4
5577150313,2016-05-09 05:00:00,0,76,5
5577150313,2016-05-09 06:00:00,0,76,6
5577150313,2016-05-09 07:00:00,0,76,7
5577150313,2016-05-09 08:00:00,0,76,8
5577150313,2016-05-09 09:00:00,0,76,9
5577150313,2016-05-09 10:00:00,0,76,10
5577150313,2016-05-09 11:00:00,57,84,11
5577150313,2016-05-09 12:00:00,1305,198,12
5577150313,2016-05-09 13:00:00,166,110,13
5577150313,2016-05-09 14:00:00,217,198,14
5577150313,2016-05-09 15:00:00,250,131,15
5577150313,2016-05-09 16:00:00,82,98,16
5577150313,2016-05-09 17:00:00,252,116,17
5577150313,2016-05-09 18:00:00,175,118,18
5577150313,2016-05-09 19:00:00,652,254,19
5577150313,2016-05-09 20:00:00,144,95,20
5577150313,2016-05-09 21:00:00,68,90,21
5577150313,2016-05-09 22:00:00,0,76,22
5577150313,2016-05-09 23:00:00,53,86,23
5577150313,2016-05-10 00:00:00,8,79,0
5577150313,2016-05-10 01:00:00,0,76,1
5577150313,2016-05-10 02:00:00,4,78,2
5577150313,2016-05-10 03:00:00,0,76,3
5577150313,2016-05-10 04:00:00,0,76,4
5577150313,2016-05-10 05:00:00,182,96,5
5577150313,2016-05-10 06:00:00,1559,397,6
5577150313,2016-05-10 07:00:00,163,161,7
5577150313,2016-05-10 08:00:00,183,241,8
5577150313,2016-05-10 09:00:00,578,208,9
5577150313,2016-05-10 10:00:00,119,121,10
5577150313,2016-05-10 11:00:00,1572,307,11
5577150313,2016-05-10 12:00:00,61,102,12
5577150313,2016-05-10 13:00:00,319,129,13
5577150313,2016-05-10 14:00:00,1911,330,14
5577150313,2016-05-10 15:00:00,241,191,15
5577150313,2016-05-10 16:00:00,268,138,16
5577150313,2016-05-10 17:00:00,460,191,17
5577150313,2016-05-10 18:00:00,148,120,18
5577150313,2016-05-10 19:00:00,848,322,19
5577150313,2016-05-10 20:00:00,102,129,20
5577150313,2016-05-10 21:00:00,82,110,21
5577150313,2016-05-10 22:00:00,4,80,22
5577150313,2016-05-10 23:00:00,57,84,23
5577150313,2016-05-11 00:00:00,0,77,0
5577150313,2016-05-11 01:00:00,0,79,1
5577150313,2016-05-11 02:00:00,14,80,2
5577150313,2016-05-11 03:00:00,0,76,3
5577150313,2016-05-11 04:00:00,14,79,4
5577150313,2016-05-11 05:00:00,42,84,5
5577150313,2016-05-11 06:00:00,1589,415,6
5577150313,2016-05-11 07:00:00,187,160,7
5577150313,2016-05-11 08:00:00,248,115,8
5577150313,2016-05-11 09:00:00,255,134,9
5577150313,2016-05-11 10:00:00,304,109,10
5577150313,2016-05-11 11:00:00,1276,242,11
6117666160,2016-04-12 00:00:00,0,62,0
6117666160,2016-04-12 01:00:00,0,62,1
6117666160,2016-04-12 02:00:00,0,62,2
6117666160,2016-04-12 03:00:00,0,62,3
6117666160,2016-04-12 04:00:00,0,62,4
6117666160,2016-04-12 05:00:00,0,62,5
6117666160,2016-04-12 06:00:00,0,62,6
6117666160,2016-04-12 07:00:00,0,62,7
6117666160,2016-04-12 08:00:00,0,62,8
6117666160,2016-04-12 09:00:00,0,62,9
6117666160,2016-04-12 10:00:00,0,62,10
6117666160,2016-04-12 11:00:00,0,62,11
6117666160,2016-04-12 12:00:00,0,62,12
6117666160,2016-04-12 13:00:00,0,62,13
6117666160,2016-04-12 14:00:00,0,62,14
6117666160,2016-04-12 15:00:00,0,62,15
6117666160,2016-04-12 16:00:00,0,62,16
6117666160,2016-04-12 17:00:00,0,62,17
6117666160,2016-04-12 18:00:00,0,62,18
6117666160,2016-04-12 19:00:00,0,62,19
6117666160,2016-04-12 20:00:00,0,62,20
6117666160,2016-04-12 21:00:00,0,62,21
6117666160,2016-04-12 22:00:00,0,62,22
6117666160,2016-04-12 23:00:00,0,62,23
6117666160,2016-04-13 00:00:00,0,62,0
6117666160,2016-04-13 01:00:00,0,62,1
6117666160,2016-04-13 02:00:00,0,62,2
6117666160,2016-04-13 03:00:00,0,62,3
6117666160,2016-04-13 04:00:00,0,62,4
6117666160,2016-04-13 05:00:00,0,62,5
6117666160,2016-04-13 06:00:00,0,62,6
6117666160,2016-04-13 07:00:00,0,62,7
6117666160,2016-04-13 08:00:00,0,62,8
6117666160,2016-04-13 09:00:00,0,62,9
6117666160,2016-04-13 10:00:00,0,62,10
6117666160,2016-04-13 11:00:00,0,62,11
6117666160,2016-04-13 12:00:00,0,62,12
6117666160,2016-04-13 13:00:00,0,62,13
6117666160,2016-04-13 14:00:00,0,62,14
6117666160,2016-04-13 15:00:00,0,62,15
6117666160,2016-04-13 16:00:00,0,62,16
6117666160,2016-04-13 17:00:00,0,62,17
6117666160,2016-04-13 18:00:00,0,62,18
6117666160,2016-04-13 19:00:00,0,62,19
6117666160,2016-04-13 20:00:00,0,62,20
6117666160,2016-04-13 21:00:00,0,62,21
6117666160,2016-04-13 22:00:00,0,62,22
6117666160,2016-04-13 23:00:00,0,62,23
6117666160,2016-04-14 00:00:00,0,62,0
6117666160,2016-04-14 01:00:00,0,62,1
6117666160,2016-04-14 02:00:00,0,62,2
6117666160,2016-04-14 03:00:00,0,62,3
6117666160,2016-04-14 04:00:00,0,62,4
6117666160,2016-04-14 05:00:00,0,62,5
6117666160,2016-04-14 06:00:00,0,62,6
6117666160,2016-04-14 07:00:00,0,62,7
6117666160,2016-04-14 08:00:00,0,62,8
6117666160,2016-04-14 09:00:00,0,62,9
6117666160,2016-04-14 10:00:00,0,62,10
6117666160,2016-04-14 11:00:00,0,62,11
6117666160,2016-04-14 12:00:00,0,62,12
6117666160,2016-04-14 13:00:00,0,62,13
6117666160,2016-04-14 14:00:00,0,62,14
6117666160,2016-04-14 15:00:00,0,62,15
6117666160,2016-04-14 16:00:00,0,62,16
6117666160,2016-04-14 17:00:00,0,62,17
6117666160,2016-04-14 18:00:00,0,62,18
6117666160,2016-04-14 19:00:00,0,62,19
6117666160,2016-04-14 20:00:00,0,62,20
6117666160,2016-04-14 21:00:00,0,62,21
6117666160,2016-04-14 22:00:00,0,62,22
6117666160,2016-04-14 23:00:00,0,62,23
6117666160,2016-04-15 00:00:00,0,62,0
6117666160,2016-04-15 01:00:00,0,62,1
6117666160,2016-04-15 02:00:00,0,62,2
6117666160,2016-04-15 03:00:00,0,62,3
6117666160,2016-04-15 04:00:00,0,62,4
6117666160,2016-04-15 05:00:00,0,62,5
6117666160,2016-04-15 06:00:00,0,62,6
6117666160,2016-04-15 07:00:00,0,62,7
6117666160,2016-04-15 08:00:00,0,62,8
6117666160,2016-04-15 09:00:00,0,62,9
6117666160,2016-04-15 10:00:00,0,62,10
6117666160,2016-04-15 11:00:00,1201,148,11
6117666160,2016-04-15 12:00:00,2175,205,12
6117666160,2016-04-15 13:00:00,1020,172,13
6117666160,2016-04-15 14:00:00,1000,174,14
6117666160,2016-04-15 15:00:00,831,173,15
6117666160,2016-04-15 16:00:00,1427,193,16
6117666160,2016-04-15 17:00:00,1313,213,17
6117666160,2016-04-15 18:00:00,1195,184,18
6117666160,2016-04-15 19:00:00,1277,185,19
6117666160,2016-04-15 20:00:00,1523,218,20
6117666160,2016-04-15 21:00:00,550,127,21
6117666160,2016-04-15 22:00:00,190,82,22
6117666160,2016-04-15 23:00:00,317,105,23
6117666160,2016-04-16 00:00:00,131,75,0
6117666160,2016-04-16 01:00:00,0,62,1
6117666160,2016-04-16 02:00:00,9,65,2
6117666160,2016-04-16 03:00:00,15,65,3
6117666160,2016-04-16 04:00:00,0,63,4
6117666160,2016-04-16 05:00:00,0,62,5
6117666160,2016-04-16 06:00:00,0,63,6
6117666160,2016-04-16 07:00:00,268,84,7
6117666160,2016-04-16 08:00:00,1274,181,8
6117666160,2016-04-16 09:00:00,982,151,9
6117666160,2016-04-16 10:00:00,1549,183,10
6117666160,2016-04-16 11:00:00,1019,168,11
6117666160,2016-04-16 12:00:00,1297,182,12
6117666160,2016-04-16 13:00:00,1196,174,13
6117666160,2016-04-16 14:00:00,740,122,14
6117666160,2016-04-16 15:00:00,1030,164,15
6117666160,2016-04-16 16:00:00,548,126,16
6117666160,2016-04-16 17:00:00,570,129,17
6117666160,2016-04-16 18:00:00,491,113,18
6117666160,2016-04-16 19:00:00,370,101,19
6117666160,2016-04-16 20:00:00,1513,164,20
6117666160,2016-04-16 21:00:00,62,77,21
6117666160,2016-04-16 22:00:00,893,145,22
6117666160,2016-04-16 23:00:00,493,110,23
6117666160,2016-04-17 00:00:00,169,94,0
6117666160,2016-04-17 01:00:00,671,121,1
6117666160,2016-04-17 02:00:00,19,72,2
6117666160,2016-04-17 03:00:00,182,81,3
6117666160,2016-04-17 04:00:00,0,64,4
6117666160,2016-04-17 05:00:00,7,66,5
6117666160,2016-04-17 06:00:00,0,65,6
6117666160,2016-04-17 07:00:00,0,64,7
6117666160,2016-04-17 08:00:00,167,86,8
6117666160,2016-04-17 09:00:00,178,80,9
6117666160,2016-04-17 10:00:00,80,73,10
6117666160,2016-04-17 11:00:00,271,92,11
6117666160,2016-04-17 12:00:00,172,101,12
6117666160,2016-04-17 13:00:00,1772,192,13
6117666160,2016-04-17 14:00:00,434,111,14
6117666160,2016-04-17 15:00:00,366,107,15
6117666160,2016-04-17 16:00:00,0,62,16
6117666160,2016-04-17 17:00:00,911,147,17
6117666160,2016-04-17 18:00:00,499,109,18
6117666160,2016-04-17 19:00:00,30,69,19
6117666160,2016-04-17 20:00:00,5,65,20
6117666160,2016-04-17 21:00:00,723,129,21
6117666160,2016-04-17 22:00:00,494,110,22
6117666160,2016-04-17 23:00:00,0,62,23
6117666160,2016-04-18 00:00:00,317,93,0
6117666160,2016-04-18 01:00:00,7,64,1
6117666160,2016-04-18 02:00:00,4,64,2
6117666160,2016-04-18 03:00:00,0,63,3
6117666160,2016-04-18 04:00:00,0,62,4
6117666160,2016-04-18 05:00:00,0,63,5
6117666160,2016-04-18 06:00:00,0,63,6
6117666160,2016-04-18 07:00:00,391,102,7
6117666160,2016-04-18 08:00:00,561,116,8
6117666160,2016-04-18 09:00:00,235,84,9
6117666160,2016-04-18 10:00:00,0,62,10
6117666160,2016-04-18 11:00:00,0,62,11
6117666160,2016-04-18 12:00:00,0,62,12
6117666160,2016-04-18 13:00:00,631,119,13
6117666160,2016-04-18 14:00:00,36,74,14
6117666160,2016-04-18 15:00:00,237,93,15
6117666160,2016-04-18 16:00:00,299,103,16
6117666160,2016-04-18 17:00:00,643,121,17
6117666160,2016-04-18 18:00:00,333,94,18
6117666160,2016-04-18 19:00:00,927,136,19
6117666160,2016-04-18 20:00:00,133,80,20
6117666160,2016-04-18 21:00:00,0,64,21
6117666160,2016-04-18 22:00:00,212,90,22
6117666160,2016-04-18 23:00:00,187,84,23
6117666160,2016-04-19 00:00:00,0,63,0
6117666160,2016-04-19 01:00:00,4,64,1
6117666160,2016-04-19 02:00:00,0,62,2
6117666160,2016-04-19 03:00:00,7,64,3
6117666160,2016-04-19 04:00:00,0,63,4
6117666160,2016-04-19 05:00:00,0,63,5
6117666160,2016-04-19 06:00:00,0,63,6
6117666160,2016-04-19 07:00:00,0,63,7
6117666160,2016-04-19 08:00:00,521,117,8
6117666160,2016-04-19 09:00:00,361,102,9
6117666160,2016-04-19 10:00:00,933,147,10
6117666160,2016-04-19 11:00:00,908,131,11
6117666160,2016-04-19 12:00:00,316,101,12
6117666160,2016-04-19 13:00:00,615,133,13
6117666160,2016-04-19 14:00:00,902,145,14
6117666160,2016-04-19 15:00:00,800,155,15
6117666160,2016-04-19 16:00:00,1148,166,16
6117666160,2016-04-19 17:00:00,1202,171,17
6117666160,2016-04-19 18:00:00,841,154,18
6117666160,2016-04-19 19:00:00,1063,171,19
6117666160,2016-04-19 20:00:00,739,145,20
6117666160,2016-04-19 21:00:00,264,91,21
6117666160,2016-04-19 22:00:00,174,81,22
6117666160,2016-04-19 23:00:00,337,89,23
6117666160,2016-04-20 00:00:00,0,63,0
6117666160,2016-04-20 01:00:00,0,64,1
6117666160,2016-04-20 02:00:00,8,64,2
6117666160,2016-04-20 03:00:00,0,63,3
6117666160,2016-04-20 04:00:00,8,64,4
6117666160,2016-04-20 05:00:00,0,62,5
6117666160,2016-04-20 06:00:00,0,63,6
6117666160,2016-04-20 07:00:00,327,93,7
6117666160,2016-04-20 08:00:00,458,107,8
6117666160,2016-04-20 09:00:00,686,124,9
6117666160,2016-04-20 10:00:00,624,133,10
6117666160,2016-04-20 11:00:00,567,119,11
6117666160,2016-04-20 12:00:00,741,139,12
6117666160,2016-04-20 13:00:00,627,128,13
6117666160,2016-04-20 14:00:00,984,144,14
6117666160,2016-04-20 15:00:00,1850,206,15
6117666160,2016-04-20 16:00:00,2448,249,16
6117666160,2016-04-20 17:00:00,366,116,17
6117666160,2016-04-20 18:00:00,6,101,18
6117666160,2016-04-20 19:00:00,295,120,19
6117666160,2016-04-20 20:00:00,274,97,20
6117666160,2016-04-20 21:00:00,24,68,21
6117666160,2016-04-20 22:00:00,0,64,22
6117666160,2016-04-20 23:00:00,156,83,23
6117666160,2016-04-21 00:00:00,0,63,0
6117666160,2016-04-21 01:00:00,10,64,1
6117666160,2016-04-21 02:00:00,0,63,2
6117666160,2016-04-21 03:00:00,0,63,3
6117666160,2016-04-21 04:00:00,0,63,4
6117666160,2016-04-21 05:00:00,0,63,5
6117666160,2016-04-21 06:00:00,0,64,6
6117666160,2016-04-21 07:00:00,23,65,7
6117666160,2016-04-21 08:00:00,15,64,8
6117666160,2016-04-21 09:00:00,550,113,9
6117666160,2016-04-21 10:00:00,1798,194,10
6117666160,2016-04-21 11:00:00,0,67,11
6117666160,2016-04-21 12:00:00,1122,147,12
6117666160,2016-04-21 13:00:00,1240,159,13
6117666160,2016-04-21 14:00:00,999,142,14
6117666160,2016-04-21 15:00:00,807,139,15
6117666160,2016-04-21 16:00:00,149,83,16
6117666160,2016-04-21 17:00:00,100,80,17
6117666160,2016-04-21 18:00:00,824,191,18
6117666160,2016-04-21 19:00:00,744,142,19
6117666160,2016-04-21 20:00:00,49,74,20
6117666160,2016-04-21 21:00:00,411,99,21
6117666160,2016-04-21 22:00:00,152,86,22
6117666160,2016-04-21 23:00:00,100,77,23
6117666160,2016-04-22 00:00:00,80,81,0
6117666160,2016-04-22 01:00:00,0,72,1
6117666160,2016-04-22 02:00:00,0,62,2
6117666160,2016-04-22 03:00:00,4,64,3
6117666160,2016-04-22 04:00:00,0,63,4
6117666160,2016-04-22 05:00:00,0,63,5
6117666160,2016-04-22 06:00:00,26,67,6
6117666160,2016-04-22 07:00:00,126,72,7
6117666160,2016-04-22 08:00:00,0,63,8
6117666160,2016-04-22 09:00:00,284,85,9
6117666160,2016-04-22 10:00:00,275,99,10
6117666160,2016-04-22 11:00:00,336,91,11
6117666160,2016-04-22 12:00:00,551,119,12
6117666160,2016-04-22 13:00:00,526,123,13
6117666160,2016-04-22 14:00:00,542,122,14
6117666160,2016-04-22 15:00:00,646,143,15
6117666160,2016-04-22 16:00:00,707,122,16
6117666160,2016-04-22 17:00:00,890,154,17
6117666160,2016-04-22 18:00:00,617,137,18
6117666160,2016-04-22 19:00:00,678,166,19
6117666160,2016-04-22 20:00:00,976,162,20
6117666160,2016-04-22 21:00:00,557,119,21
6117666160,2016-04-22 22:00:00,323,93,22
6117666160,2016-04-22 23:00:00,62,68,23
6117666160,2016-04-23 00:00:00,7,64,0
6117666160,2016-04-23 01:00:00,0,62,1
6117666160,2016-04-23 02:00:00,166,77,2
6117666160,2016-04-23 03:00:00,8,64,3
6117666160,2016-04-23 04:00:00,0,63,4
6117666160,2016-04-23 05:00:00,0,62,5
6117666160,2016-04-23 06:00:00,0,63,6
6117666160,2016-04-23 07:00:00,143,81,7
6117666160,2016-04-23 08:00:00,542,114,8
6117666160,2016-04-23 09:00:00,1023,164,9
6117666160,2016-04-23 10:00:00,839,151,10
6117666160,2016-04-23 11:00:00,1042,163,11
6117666160,2016-04-23 12:00:00,877,161,12
6117666160,2016-04-23 13:00:00,957,145,13
6117666160,2016-04-23 14:00:00,820,155,14
6117666160,2016-04-23 15:00:00,1048,158,15
6117666160,2016-04-23 16:00:00,977,151,16
6117666160,2016-04-23 17:00:00,1211,170,17
6117666160,2016-04-23 18:00:00,662,130,18
6117666160,2016-04-23 19:00:00,77,82,19
6117666160,2016-04-23 20:00:00,478,113,20
6117666160,2016-04-23 21:00:00,26,71,21
6117666160,2016-04-23 22:00:00,39,73,22
6117666160,2016-04-23 23:00:00,553,115,23
6117666160,2016-04-24 00:00:00,162,98,0
6117666160,2016-04-24 01:00:00,234,95,1
6117666160,2016-04-24 02:00:00,8,64,2
6117666160,2016-04-24 03:00:00,0,62,3
6117666160,2016-04-24 04:00:00,10,64,4
6117666160,2016-04-24 05:00:00,0,62,5
6117666160,2016-04-24 06:00:00,0,63,6
6117666160,2016-04-24 07:00:00,0,63,7
6117666160,2016-04-24 08:00:00,262,96,8
6117666160,2016-04-24 09:00:00,775,139,9
6117666160,2016-04-24 10:00:00,1147,182,10
6117666160,2016-04-24 11:00:00,518,128,11
6117666160,2016-04-24 12:00:00,1069,157,12
6117666160,2016-04-24 13:00:00,1249,167,13
6117666160,2016-04-24 14:00:00,700,133,14
6117666160,2016-04-24 15:00:00,737,143,15
6117666160,2016-04-24 16:00:00,301,101,16
6117666160,2016-04-24 17:00:00,383,108,17
6117666160,2016-04-24 18:00:00,68,67,18
6117666160,2016-04-24 19:00:00,0,62,19
6117666160,2016-04-24 20:00:00,0,62,20
6117666160,2016-04-24 21:00:00,0,62,21
6117666160,2016-04-24 22:00:00,0,62,22
6117666160,2016-04-24 23:00:00,0,62,23
6117666160,2016-04-25 00:00:00,0,62,0
6117666160,2016-04-25 01:00:00,0,62,1
6117666160,2016-04-25 02:00:00,0,62,2
6117666160,2016-04-25 03:00:00,0,62,3
6117666160,2016-04-25 04:00:00,0,62,4
6117666160,2016-04-25 05:00:00,0,62,5
6117666160,2016-04-25 06:00:00,0,62,6
6117666160,2016-04-25 07:00:00,0,62,7
6117666160,2016-04-25 08:00:00,0,62,8
6117666160,2016-04-25 09:00:00,0,62,9
6117666160,2016-04-25 10:00:00,0,62,10
6117666160,2016-04-25 11:00:00,0,62,11
6117666160,2016-04-25 12:00:00,0,62,12
6117666160,2016-04-25 13:00:00,0,62,13
6117666160,2016-04-25 14:00:00,0,62,14
6117666160,2016-04-25 15:00:00,0,62,15
6117666160,2016-04-25 16:00:00,0,62,16
6117666160,2016-04-25 17:00:00,0,62,17
6117666160,2016-04-25 18:00:00,0,62,18
6117666160,2016-04-25 19:00:00,0,62,19
6117666160,2016-04-25 20:00:00,0,62,20
6117666160,2016-04-25 21:00:00,0,62,21
6117666160,2016-04-25 22:00:00,0,62,22
6117666160,2016-04-25 23:00:00,0,62,23
6117666160,2016-04-26 00:00:00,0,62,0
6117666160,2016-04-26 01:00:00,0,62,1
6117666160,2016-04-26 02:00:00,0,62,2
6117666160,2016-04-26 03:00:00,0,62,3
6117666160,2016-04-26 04:00:00,0,62,4
6117666160,2016-04-26 05:00:00,0,62,5
6117666160,2016-04-26 06:00:00,0,62,6
6117666160,2016-04-26 07:00:00,51,68,7
6117666160,2016-04-26 08:00:00,428,109,8
6117666160,2016-04-26 09:00:00,241,82,9
6117666160,2016-04-26 10:00:00,9,67,10
6117666160,2016-04-26 11:00:00,559,103,11
6117666160,2016-04-26 12:00:00,972,163,12
6117666160,2016-04-26 13:00:00,572,122,13
6117666160,2016-04-26 14:00:00,174,87,14
6117666160,2016-04-26 15:00:00,867,147,15
6117666160,2016-04-26 16:00:00,715,170,16
6117666160,2016-04-26 17:00:00,1049,174,17
6117666160,2016-04-26 18:00:00,1070,162,18
6117666160,2016-04-26 19:00:00,1098,144,19
6117666160,2016-04-26 20:00:00,1078,156,20
6117666160,2016-04-26 21:00:00,195,81,21
6117666160,2016-04-26 22:00:00,195,88,22
6117666160,2016-04-26 23:00:00,270,91,23
6117666160,2016-04-27 00:00:00,8,64,0
6117666160,2016-04-27 01:00:00,0,63,1
6117666160,2016-04-27 02:00:00,0,63,2
6117666160,2016-04-27 03:00:00,0,63,3
6117666160,2016-04-27 04:00:00,5,64,4
6117666160,2016-04-27 05:00:00,0,63,5
6117666160,2016-04-27 06:00:00,0,62,6
6117666160,2016-04-27 07:00:00,0,63,7
6117666160,2016-04-27 08:00:00,0,63,8
6117666160,2016-04-27 09:00:00,219,93,9
6117666160,2016-04-27 10:00:00,0,63,10
6117666160,2016-04-27 11:00:00,779,136,11
6117666160,2016-04-27 12:00:00,715,144,12
6117666160,2016-04-27 13:00:00,1072,181,13
6117666160,2016-04-27 14:00:00,720,153,14
6117666160,2016-04-27 15:00:00,1076,162,15
6117666160,2016-04-27 16:00:00,934,137,16
6117666160,2016-04-27 17:00:00,978,172,17
6117666160,2016-04-27 18:00:00,670,171,18
6117666160,2016-04-27 19:00:00,635,152,19
6117666160,2016-04-27 20:00:00,663,154,20
6117666160,2016-04-27 21:00:00,373,114,21
6117666160,2016-04-27 22:00:00,306,92,22
6117666160,2016-04-27 23:00:00,258,88,23
6117666160,2016-04-28 00:00:00,0,63,0
6117666160,2016-04-28 01:00:00,0,62,1
6117666160,2016-04-28 02:00:00,0,63,2
6117666160,2016-04-28 03:00:00,19,67,3
6117666160,2016-04-28 04:00:00,0,63,4
6117666160,2016-04-28 05:00:00,0,63,5
6117666160,2016-04-28 06:00:00,6,65,6
6117666160,2016-04-28 07:00:00,16,64,7
6117666160,2016-04-28 08:00:00,315,101,8
6117666160,2016-04-28 09:00:00,130,77,9
6117666160,2016-04-28 10:00:00,818,143,10
6117666160,2016-04-28 11:00:00,0,64,11
6117666160,2016-04-28 12:00:00,0,65,12
6117666160,2016-04-28 13:00:00,212,85,13
6117666160,2016-04-28 14:00:00,0,64,14
6117666160,2016-04-28 15:00:00,0,68,15
6117666160,2016-04-28 16:00:00,719,124,16
6117666160,2016-04-28 17:00:00,811,146,17
6117666160,2016-04-28 18:00:00,56,76,18
6117666160,2016-04-28 19:00:00,206,92,19
6117666160,2016-04-28 20:00:00,6,66,20
6117666160,2016-04-28 21:00:00,89,73,21
6117666160,2016-04-28 22:00:00,0,62,22
6117666160,2016-04-28 23:00:00,0,64,23
6117666160,2016-04-29 00:00:00,0,62,0
6117666160,2016-04-29 01:00:00,0,63,1
6117666160,2016-04-29 02:00:00,0,62,2
6117666160,2016-04-29 03:00:00,0,63,3
6117666160,2016-04-29 04:00:00,0,63,4
6117666160,2016-04-29 05:00:00,0,63,5
6117666160,2016-04-29 06:00:00,0,63,6
6117666160,2016-04-29 07:00:00,0,63,7
6117666160,2016-04-29 08:00:00,190,84,8
6117666160,2016-04-29 09:00:00,71,72,9
6117666160,2016-04-29 10:00:00,386,112,10
6117666160,2016-04-29 11:00:00,369,116,11
6117666160,2016-04-29 12:00:00,1147,180,12
6117666160,2016-04-29 13:00:00,1062,171,13
6117666160,2016-04-29 14:00:00,1134,169,14
6117666160,2016-04-29 15:00:00,774,157,15
6117666160,2016-04-29 16:00:00,1065,155,16
6117666160,2016-04-29 17:00:00,653,155,17
6117666160,2016-04-29 18:00:00,660,143,18
6117666160,2016-04-29 19:00:00,1029,162,19
6117666160,2016-04-29 20:00:00,592,140,20
6117666160,2016-04-29 21:00:00,116,81,21
6117666160,2016-04-29 22:00:00,235,86,22
6117666160,2016-04-29 23:00:00,109,78,23
6117666160,2016-04-30 00:00:00,13,70,0
6117666160,2016-04-30 01:00:00,0,62,1
6117666160,2016-04-30 02:00:00,0,62,2
6117666160,2016-04-30 03:00:00,0,62,3
6117666160,2016-04-30 04:00:00,0,62,4
6117666160,2016-04-30 05:00:00,0,62,5
6117666160,2016-04-30 06:00:00,0,62,6
6117666160,2016-04-30 07:00:00,0,62,7
6117666160,2016-04-30 08:00:00,0,62,8
6117666160,2016-04-30 09:00:00,0,62,9
6117666160,2016-04-30 10:00:00,432,105,10
6117666160,2016-04-30 11:00:00,418,106,11
6117666160,2016-04-30 12:00:00,542,117,12
6117666160,2016-04-30 13:00:00,712,131,13
6117666160,2016-04-30 14:00:00,468,114,14
6117666160,2016-04-30 15:00:00,1104,150,15
6117666160,2016-04-30 16:00:00,550,125,16
6117666160,2016-04-30 17:00:00,547,128,17
6117666160,2016-04-30 18:00:00,501,122,18
6117666160,2016-04-30 19:00:00,521,127,19
6117666160,2016-04-30 20:00:00,613,137,20
6117666160,2016-04-30 21:00:00,295,127,21
6117666160,2016-04-30 22:00:00,271,94,22
6117666160,2016-04-30 23:00:00,0,63,23
6117666160,2016-05-01 00:00:00,0,63,0
6117666160,2016-05-01 01:00:00,7,65,1
6117666160,2016-05-01 02:00:00,378,105,2
6117666160,2016-05-01 03:00:00,5,64,3
6117666160,2016-05-01 04:00:00,0,63,4
6117666160,2016-05-01 05:00:00,0,62,5
6117666160,2016-05-01 06:00:00,0,62,6
6117666160,2016-05-01 07:00:00,0,62,7
6117666160,2016-05-01 08:00:00,0,64,8
6117666160,2016-05-01 09:00:00,633,114,9
6117666160,2016-05-01 10:00:00,864,132,10
6117666160,2016-05-01 11:00:00,1252,170,11
6117666160,2016-05-01 12:00:00,683,145,12
6117666160,2016-05-01 13:00:00,947,158,13
6117666160,2016-05-01 14:00:00,851,135,14
6117666160,2016-05-01 15:00:00,426,114,15
6117666160,2016-05-01 16:00:00,419,116,16
6117666160,2016-05-01 17:00:00,707,131,17
6117666160,2016-05-01 18:00:00,1203,165,18
6117666160,2016-05-01 19:00:00,450,112,19
6117666160,2016-05-01 20:00:00,90,71,20
6117666160,2016-05-01 21:00:00,0,62,21
6117666160,2016-05-01 22:00:00,0,62,22
6117666160,2016-05-01 23:00:00,0,62,23
6117666160,2016-05-02 00:00:00,0,62,0
6117666160,2016-05-02 01:00:00,0,62,1
6117666160,2016-05-02 02:00:00,0,62,2
6117666160,2016-05-02 03:00:00,332,99,3
6117666160,2016-05-02 04:00:00,801,136,4
6117666160,2016-05-02 05:00:00,870,157,5
6117666160,2016-05-02 06:00:00,778,142,6
6117666160,2016-05-02 07:00:00,854,161,7
6117666160,2016-05-02 08:00:00,903,179,8
6117666160,2016-05-02 09:00:00,389,108,9
6117666160,2016-05-02 10:00:00,0,62,10
6117666160,2016-05-02 11:00:00,0,62,11
6117666160,2016-05-02 12:00:00,0,62,12
6117666160,2016-05-02 13:00:00,0,62,13
6117666160,2016-05-02 14:00:00,0,62,14
6117666160,2016-05-02 15:00:00,0,62,15
6117666160,2016-05-02 16:00:00,0,62,16
6117666160,2016-05-02 17:00:00,0,62,17
6117666160,2016-05-02 18:00:00,0,62,18
6117666160,2016-05-02 19:00:00,0,62,19
6117666160,2016-05-02 20:00:00,0,62,20
6117666160,2016-05-02 21:00:00,0,62,21
6117666160,2016-05-02 22:00:00,0,62,22
6117666160,2016-05-02 23:00:00,0,62,23
6117666160,2016-05-03 00:00:00,0,62,0
6117666160,2016-05-03 01:00:00,0,62,1
6117666160,2016-05-03 02:00:00,0,62,2
6117666160,2016-05-03 03:00:00,0,62,3
6117666160,2016-05-03 04:00:00,0,62,4
6117666160,2016-05-03 05:00:00,0,62,5
6117666160,2016-05-03 06:00:00,0,62,6
6117666160,2016-05-03 07:00:00,0,62,7
6117666160,2016-05-03 08:00:00,0,62,8
6117666160,2016-05-03 09:00:00,0,62,9
6117666160,2016-05-03 10:00:00,0,62,10
6117666160,2016-05-03 11:00:00,0,62,11
6117666160,2016-05-03 12:00:00,0,62,12
6117666160,2016-05-03 13:00:00,0,62,13
6117666160,2016-05-03 14:00:00,0,62,14
6117666160,2016-05-03 15:00:00,0,62,15
6117666160,2016-05-03 16:00:00,0,62,16
6117666160,2016-05-03 17:00:00,0,62,17
6117666160,2016-05-03 18:00:00,0,62,18
6117666160,2016-05-03 19:00:00,0,62,19
6117666160,2016-05-03 20:00:00,0,62,20
6117666160,2016-05-03 21:00:00,0,62,21
6117666160,2016-05-03 22:00:00,0,62,22
6117666160,2016-05-03 23:00:00,0,62,23
6117666160,2016-05-04 00:00:00,0,62,0
6117666160,2016-05-04 01:00:00,0,62,1
6117666160,2016-05-04 02:00:00,0,62,2
6117666160,2016-05-04 03:00:00,0,62,3
6117666160,2016-05-04 04:00:00,0,62,4
6117666160,2016-05-04 05:00:00,0,62,5
6117666160,2016-05-04 06:00:00,0,62,6
6117666160,2016-05-04 07:00:00,0,62,7
6117666160,2016-05-04 08:00:00,0,62,8
6117666160,2016-05-04 09:00:00,0,62,9
6117666160,2016-05-04 10:00:00,0,62,10
6117666160,2016-05-04 11:00:00,0,62,11
6117666160,2016-05-04 12:00:00,0,62,12
6117666160,2016-05-04 13:00:00,0,62,13
6117666160,2016-05-04 14:00:00,0,62,14
6117666160,2016-05-04 15:00:00,0,62,15
6117666160,2016-05-04 16:00:00,0,62,16
6117666160,2016-05-04 17:00:00,0,62,17
6117666160,2016-05-04 18:00:00,620,152,18
6117666160,2016-05-04 19:00:00,907,199,19
6117666160,2016-05-04 20:00:00,720,149,20
6117666160,2016-05-04 21:00:00,384,115,21
6117666160,2016-05-04 22:00:00,13,69,22
6117666160,2016-05-04 23:00:00,353,96,23
6117666160,2016-05-05 00:00:00,0,63,0
6117666160,2016-05-05 01:00:00,0,63,1
6117666160,2016-05-05 02:00:00,0,63,2
6117666160,2016-05-05 03:00:00,6,64,3
6117666160,2016-05-05 04:00:00,0,63,4
6117666160,2016-05-05 05:00:00,0,63,5
6117666160,2016-05-05 06:00:00,6,65,6
6117666160,2016-05-05 07:00:00,516,124,7
6117666160,2016-05-05 08:00:00,395,106,8
6117666160,2016-05-05 09:00:00,836,163,9
6117666160,2016-05-05 10:00:00,880,155,10
6117666160,2016-05-05 11:00:00,688,159,11
6117666160,2016-05-05 12:00:00,750,135,12
6117666160,2016-05-05 13:00:00,733,130,13
6117666160,2016-05-05 14:00:00,795,147,14
6117666160,2016-05-05 15:00:00,796,155,15
6117666160,2016-05-05 16:00:00,772,154,16
6117666160,2016-05-05 17:00:00,441,131,17
6117666160,2016-05-05 18:00:00,634,123,18
6117666160,2016-05-05 19:00:00,451,121,19
6117666160,2016-05-05 20:00:00,443,123,20
6117666160,2016-05-05 21:00:00,27,69,21
6117666160,2016-05-05 22:00:00,630,136,22
6117666160,2016-05-05 23:00:00,0,62,23
6117666160,2016-05-06 00:00:00,0,63,0
6117666160,2016-05-06 01:00:00,0,63,1
6117666160,2016-05-06 02:00:00,0,63,2
6117666160,2016-05-06 03:00:00,0,63,3
6117666160,2016-05-06 04:00:00,0,63,4
6117666160,2016-05-06 05:00:00,0,63,5
6117666160,2016-05-06 06:00:00,11,65,6
6117666160,2016-05-06 07:00:00,0,63,7
6117666160,2016-05-06 08:00:00,0,63,8
6117666160,2016-05-06 09:00:00,353,94,9
6117666160,2016-05-06 10:00:00,200,85,10
6117666160,2016-05-06 11:00:00,0,63,11
6117666160,2016-05-06 12:00:00,103,77,12
6117666160,2016-05-06 13:00:00,0,64,13
6117666160,2016-05-06 14:00:00,0,63,14
6117666160,2016-05-06 15:00:00,765,130,15
6117666160,2016-05-06 16:00:00,1149,148,16
6117666160,2016-05-06 17:00:00,0,62,17
6117666160,2016-05-06 18:00:00,421,111,18
6117666160,2016-05-06 19:00:00,146,86,19
6117666160,2016-05-06 20:00:00,32,72,20
6117666160,2016-05-06 21:00:00,127,86,21
6117666160,2016-05-06 22:00:00,58,67,22
6117666160,2016-05-06 23:00:00,0,63,23
6117666160,2016-05-07 00:00:00,447,106,0
6117666160,2016-05-07 01:00:00,0,62,1
6117666160,2016-05-07 02:00:00,0,63,2
6117666160,2016-05-07 03:00:00,0,63,3
6117666160,2016-05-07 04:00:00,0,62,4
6117666160,2016-05-07 05:00:00,0,62,5
6117666160,2016-05-07 06:00:00,0,63,6
6117666160,2016-05-07 07:00:00,126,75,7
6117666160,2016-05-07 08:00:00,462,116,8
6117666160,2016-05-07 09:00:00,557,132,9
6117666160,2016-05-07 10:00:00,642,149,10
6117666160,2016-05-07 11:00:00,754,175,11
6117666160,2016-05-07 12:00:00,399,133,12
6117666160,2016-05-07 13:00:00,694,163,13
6117666160,2016-05-07 14:00:00,878,183,14
6117666160,2016-05-07 15:00:00,558,133,15
6117666160,2016-05-07 16:00:00,548,130,16
6117666160,2016-05-07 17:00:00,522,132,17
6117666160,2016-05-07 18:00:00,296,97,18
6117666160,2016-05-07 19:00:00,187,85,19
6117666160,2016-05-07 20:00:00,15,67,20
6117666160,2016-05-07 21:00:00,247,90,21
6117666160,2016-05-07 22:00:00,4,64,22
6117666160,2016-05-07 23:00:00,0,63,23
6117666160,2016-05-08 00:00:00,149,77,0
6117666160,2016-05-08 01:00:00,0,63,1
6117666160,2016-05-08 02:00:00,0,63,2
6117666160,2016-05-08 03:00:00,0,63,3
6117666160,2016-05-08 04:00:00,12,65,4
6117666160,2016-05-08 05:00:00,0,63,5
6117666160,2016-05-08 06:00:00,0,63,6
6117666160,2016-05-08 07:00:00,0,63,7
6117666160,2016-05-08 08:00:00,0,63,8
6117666160,2016-05-08 09:00:00,543,122,9
6117666160,2016-05-08 10:00:00,373,113,10
6117666160,2016-05-08 11:00:00,375,108,11
6117666160,2016-05-08 12:00:00,362,121,12
6117666160,2016-05-08 13:00:00,419,115,13
6117666160,2016-05-08 14:00:00,267,99,14
6117666160,2016-05-08 15:00:00,868,154,15
6117666160,2016-05-08 16:00:00,651,121,16
6117666160,2016-05-08 17:00:00,1197,166,17
6117666160,2016-05-08 18:00:00,1569,164,18
6117666160,2016-05-08 19:00:00,240,86,19
6117666160,2016-05-08 20:00:00,4,66,20
6117666160,2016-05-08 21:00:00,9,71,21
6117666160,2016-05-08 22:00:00,290,103,22
6117666160,2016-05-08 23:00:00,0,63,23
6117666160,2016-05-09 00:00:00,0,63,0
6117666160,2016-05-09 01:00:00,0,63,1
6117666160,2016-05-09 02:00:00,7,64,2
6117666160,2016-05-09 03:00:00,0,63,3
6117666160,2016-05-09 04:00:00,0,62,4
6117666160,2016-05-09 05:00:00,4,64,5
6117666160,2016-05-09 06:00:00,17,66,6
6117666160,2016-05-09 07:00:00,408,104,7
6117666160,2016-05-09 08:00:00,615,118,8
6117666160,2016-05-09 09:00:00,729,142,9
6117666160,2016-05-09 10:00:00,860,142,10
6117666160,2016-05-09 11:00:00,657,134,11
6290855005,2016-04-12 00:00:00,0,86,0
6290855005,2016-04-12 01:00:00,0,86,1
6290855005,2016-04-12 02:00:00,0,86,2
6290855005,2016-04-12 03:00:00,0,86,3
6290855005,2016-04-12 04:00:00,0,86,4
6290855005,2016-04-12 05:00:00,0,86,5
6290855005,2016-04-12 06:00:00,54,94,6
6290855005,2016-04-12 07:00:00,517,140,7
6290855005,2016-04-12 08:00:00,371,124,8
6290855005,2016-04-12 09:00:00,410,145,9
6290855005,2016-04-12 10:00:00,1002,155,10
6290855005,2016-04-12 11:00:00,520,136,11
6290855005,2016-04-12 12:00:00,215,112,12
6290855005,2016-04-12 13:00:00,633,148,13
6290855005,2016-04-12 14:00:00,248,134,14
6290855005,2016-04-12 15:00:00,502,135,15
6290855005,2016-04-12 16:00:00,90,122,16
6290855005,2016-04-12 17:00:00,0,86,17
6290855005,2016-04-12 18:00:00,0,86,18
6290855005,2016-04-12 19:00:00,0,86,19
6290855005,2016-04-12 20:00:00,0,86,20
6290855005,2016-04-12 21:00:00,0,86,21
6290855005,2016-04-12 22:00:00,0,86,22
6290855005,2016-04-12 23:00:00,0,86,23
6290855005,2016-04-13 00:00:00,0,86,0
6290855005,2016-04-13 01:00:00,0,86,1
6290855005,2016-04-13 02:00:00,0,86,2
6290855005,2016-04-13 03:00:00,0,86,3
6290855005,2016-04-13 04:00:00,0,86,4
6290855005,2016-04-13 05:00:00,0,86,5
6290855005,2016-04-13 06:00:00,161,114,6
6290855005,2016-04-13 07:00:00,564,146,7
6290855005,2016-04-13 08:00:00,686,154,8
6290855005,2016-04-13 09:00:00,1061,179,9
6290855005,2016-04-13 10:00:00,469,141,10
6290855005,2016-04-13 11:00:00,355,136,11
6290855005,2016-04-13 12:00:00,417,158,12
6290855005,2016-04-13 13:00:00,649,159,13
6290855005,2016-04-13 14:00:00,618,157,14
6290855005,2016-04-13 15:00:00,313,144,15
6290855005,2016-04-13 16:00:00,874,166,16
6290855005,2016-04-13 17:00:00,126,121,17
6290855005,2016-04-13 18:00:00,685,157,18
6290855005,2016-04-13 19:00:00,120,109,19
6290855005,2016-04-13 20:00:00,44,93,20
6290855005,2016-04-13 21:00:00,0,86,21
6290855005,2016-04-13 22:00:00,0,86,22
6290855005,2016-04-13 23:00:00,0,86,23
6290855005,2016-04-14 00:00:00,0,86,0
6290855005,2016-04-14 01:00:00,0,86,1
6290855005,2016-04-14 02:00:00,0,86,2
6290855005,2016-04-14 03:00:00,0,86,3
6290855005,2016-04-14 04:00:00,0,86,4
6290855005,2016-04-14 05:00:00,0,86,5
6290855005,2016-04-14 06:00:00,159,117,6
6290855005,2016-04-14 07:00:00,570,157,7
6290855005,2016-04-14 08:00:00,262,146,8
6290855005,2016-04-14 09:00:00,548,145,9
6290855005,2016-04-14 10:00:00,261,144,10
6290855005,2016-04-14 11:00:00,582,161,11
6290855005,2016-04-14 12:00:00,807,174,12
6290855005,2016-04-14 13:00:00,111,121,13
6290855005,2016-04-14 14:00:00,271,127,14
6290855005,2016-04-14 15:00:00,563,131,15
6290855005,2016-04-14 16:00:00,0,115,16
6290855005,2016-04-14 17:00:00,851,156,17
6290855005,2016-04-14 18:00:00,739,151,18
6290855005,2016-04-14 19:00:00,293,121,19
6290855005,2016-04-14 20:00:00,349,114,20
6290855005,2016-04-14 21:00:00,740,140,21
6290855005,2016-04-14 22:00:00,560,123,22
6290855005,2016-04-14 23:00:00,5,93,23
6290855005,2016-04-15 00:00:00,0,86,0
6290855005,2016-04-15 01:00:00,0,86,1
6290855005,2016-04-15 02:00:00,0,86,2
6290855005,2016-04-15 03:00:00,0,86,3
6290855005,2016-04-15 04:00:00,0,86,4
6290855005,2016-04-15 05:00:00,0,86,5
6290855005,2016-04-15 06:00:00,0,86,6
6290855005,2016-04-15 07:00:00,468,116,7
6290855005,2016-04-15 08:00:00,195,115,8
6290855005,2016-04-15 09:00:00,330,143,9
6290855005,2016-04-15 10:00:00,791,145,10
6290855005,2016-04-15 11:00:00,786,153,11
6290855005,2016-04-15 12:00:00,382,124,12
6290855005,2016-04-15 13:00:00,926,151,13
6290855005,2016-04-15 14:00:00,390,123,14
6290855005,2016-04-15 15:00:00,106,104,15
6290855005,2016-04-15 16:00:00,796,144,16
6290855005,2016-04-15 17:00:00,540,130,17
6290855005,2016-04-15 18:00:00,936,170,18
6290855005,2016-04-15 19:00:00,859,165,19
6290855005,2016-04-15 20:00:00,81,117,20
6290855005,2016-04-15 21:00:00,652,138,21
6290855005,2016-04-15 22:00:00,629,126,22
6290855005,2016-04-15 23:00:00,634,131,23
6290855005,2016-04-16 00:00:00,0,86,0
6290855005,2016-04-16 01:00:00,0,86,1
6290855005,2016-04-16 02:00:00,0,86,2
6290855005,2016-04-16 03:00:00,0,86,3
6290855005,2016-04-16 04:00:00,0,86,4
6290855005,2016-04-16 05:00:00,0,86,5
6290855005,2016-04-16 06:00:00,0,86,6
6290855005,2016-04-16 07:00:00,0,86,7
6290855005,2016-04-16 08:00:00,1727,231,8
6290855005,2016-04-16 09:00:00,1841,193,9
6290855005,2016-04-16 10:00:00,568,136,10
6290855005,2016-04-16 11:00:00,1092,162,11
6290855005,2016-04-16 12:00:00,7,96,12
6290855005,2016-04-16 13:00:00,1583,193,13
6290855005,2016-04-16 14:00:00,839,182,14
6290855005,2016-04-16 15:00:00,139,124,15
6290855005,2016-04-16 16:00:00,164,116,16
6290855005,2016-04-16 17:00:00,219,116,17
6290855005,2016-04-16 18:00:00,103,112,18
6290855005,2016-04-16 19:00:00,19,94,19
6290855005,2016-04-16 20:00:00,0,86,20
6290855005,2016-04-16 21:00:00,0,86,21
6290855005,2016-04-16 22:00:00,0,86,22
6290855005,2016-04-16 23:00:00,0,86,23
6290855005,2016-04-17 00:00:00,0,86,0
6290855005,2016-04-17 01:00:00,0,86,1
6290855005,2016-04-17 02:00:00,0,86,2
6290855005,2016-04-17 03:00:00,0,86,3
6290855005,2016-04-17 04:00:00,0,86,4
6290855005,2016-04-17 05:00:00,0,86,5
6290855005,2016-04-17 06:00:00,0,86,6
6290855005,2016-04-17 07:00:00,59,113,7
6290855005,2016-04-17 08:00:00,40,111,8
6290855005,2016-04-17 09:00:00,956,531,9
6290855005,2016-04-17 10:00:00,584,173,10
6290855005,2016-04-17 11:00:00,76,103,11
6290855005,2016-04-17 12:00:00,1558,213,12
6290855005,2016-04-17 13:00:00,2033,255,13
6290855005,2016-04-17 14:00:00,1608,176,14
6290855005,2016-04-17 15:00:00,132,100,15
6290855005,2016-04-17 16:00:00,224,114,16
6290855005,2016-04-17 17:00:00,314,126,17
6290855005,2016-04-17 18:00:00,154,112,18
6290855005,2016-04-17 19:00:00,113,100,19
6290855005,2016-04-17 20:00:00,0,86,20
6290855005,2016-04-17 21:00:00,0,86,21
6290855005,2016-04-17 22:00:00,0,86,22
6290855005,2016-04-17 23:00:00,0,86,23
6290855005,2016-04-18 00:00:00,0,86,0
6290855005,2016-04-18 01:00:00,0,86,1
6290855005,2016-04-18 02:00:00,0,86,2
6290855005,2016-04-18 03:00:00,0,86,3
6290855005,2016-04-18 04:00:00,0,86,4
6290855005,2016-04-18 05:00:00,0,88,5
6290855005,2016-04-18 06:00:00,312,133,6
6290855005,2016-04-18 07:00:00,595,144,7
6290855005,2016-04-18 08:00:00,599,140,8
6290855005,2016-04-18 09:00:00,1051,170,9
6290855005,2016-04-18 10:00:00,895,182,10
6290855005,2016-04-18 11:00:00,291,140,11
6290855005,2016-04-18 12:00:00,644,159,12
6290855005,2016-04-18 13:00:00,903,149,13
6290855005,2016-04-18 14:00:00,432,129,14
6290855005,2016-04-18 15:00:00,868,151,15
6290855005,2016-04-18 16:00:00,205,124,16
6290855005,2016-04-18 17:00:00,90,112,17
6290855005,2016-04-18 18:00:00,0,86,18
6290855005,2016-04-18 19:00:00,0,86,19
6290855005,2016-04-18 20:00:00,0,86,20
6290855005,2016-04-18 21:00:00,0,86,21
6290855005,2016-04-18 22:00:00,0,86,22
6290855005,2016-04-18 23:00:00,0,86,23
6290855005,2016-04-19 00:00:00,0,86,0
6290855005,2016-04-19 01:00:00,0,86,1
6290855005,2016-04-19 02:00:00,0,86,2
6290855005,2016-04-19 03:00:00,0,86,3
6290855005,2016-04-19 04:00:00,0,86,4
6290855005,2016-04-19 05:00:00,0,86,5
6290855005,2016-04-19 06:00:00,273,121,6
6290855005,2016-04-19 07:00:00,584,131,7
6290855005,2016-04-19 08:00:00,549,133,8
6290855005,2016-04-19 09:00:00,525,164,9
6290855005,2016-04-19 10:00:00,548,168,10
6290855005,2016-04-19 11:00:00,850,176,11
6290855005,2016-04-19 12:00:00,966,161,12
6290855005,2016-04-19 13:00:00,490,150,13
6290855005,2016-04-19 14:00:00,759,180,14
6290855005,2016-04-19 15:00:00,764,143,15
6290855005,2016-04-19 16:00:00,561,129,16
6290855005,2016-04-19 17:00:00,99,98,17
6290855005,2016-04-19 18:00:00,13,109,18
6290855005,2016-04-19 19:00:00,95,110,19
6290855005,2016-04-19 20:00:00,66,96,20
6290855005,2016-04-19 21:00:00,0,86,21
6290855005,2016-04-19 22:00:00,0,86,22
6290855005,2016-04-19 23:00:00,0,86,23
6290855005,2016-04-20 00:00:00,0,86,0
6290855005,2016-04-20 01:00:00,0,86,1
6290855005,2016-04-20 02:00:00,0,86,2
6290855005,2016-04-20 03:00:00,0,86,3
6290855005,2016-04-20 04:00:00,0,86,4
6290855005,2016-04-20 05:00:00,0,86,5
6290855005,2016-04-20 06:00:00,254,127,6
6290855005,2016-04-20 07:00:00,903,173,7
6290855005,2016-04-20 08:00:00,626,144,8
6290855005,2016-04-20 09:00:00,322,114,9
6290855005,2016-04-20 10:00:00,567,136,10
6290855005,2016-04-20 11:00:00,314,120,11
6290855005,2016-04-20 12:00:00,549,136,12
6290855005,2016-04-20 13:00:00,1030,169,13
6290855005,2016-04-20 14:00:00,605,144,14
6290855005,2016-04-20 15:00:00,843,151,15
6290855005,2016-04-20 16:00:00,228,137,16
6290855005,2016-04-20 17:00:00,120,120,17
6290855005,2016-04-20 18:00:00,0,86,18
6290855005,2016-04-20 19:00:00,0,86,19
6290855005,2016-04-20 20:00:00,0,86,20
6290855005,2016-04-20 21:00:00,0,86,21
6290855005,2016-04-20 22:00:00,0,86,22
6290855005,2016-04-20 23:00:00,0,86,23
6290855005,2016-04-21 00:00:00,0,86,0
6290855005,2016-04-21 01:00:00,0,86,1
6290855005,2016-04-21 02:00:00,0,86,2
6290855005,2016-04-21 03:00:00,0,86,3
6290855005,2016-04-21 04:00:00,0,86,4
6290855005,2016-04-21 05:00:00,0,86,5
6290855005,2016-04-21 06:00:00,0,86,6
6290855005,2016-04-21 07:00:00,0,86,7
6290855005,2016-04-21 08:00:00,0,86,8
6290855005,2016-04-21 09:00:00,0,86,9
6290855005,2016-04-21 10:00:00,0,86,10
6290855005,2016-04-21 11:00:00,0,86,11
6290855005,2016-04-21 12:00:00,0,86,12
6290855005,2016-04-21 13:00:00,0,86,13
6290855005,2016-04-21 14:00:00,0,86,14
6290855005,2016-04-21 15:00:00,0,86,15
6290855005,2016-04-21 16:00:00,0,86,16
6290855005,2016-04-21 17:00:00,0,86,17
6290855005,2016-04-21 18:00:00,0,86,18
6290855005,2016-04-21 19:00:00,0,86,19
6290855005,2016-04-21 20:00:00,0,86,20
6290855005,2016-04-21 21:00:00,0,86,21
6290855005,2016-04-21 22:00:00,0,86,22
6290855005,2016-04-21 23:00:00,0,86,23
6290855005,2016-04-22 00:00:00,0,86,0
6290855005,2016-04-22 01:00:00,0,86,1
6290855005,2016-04-22 02:00:00,0,86,2
6290855005,2016-04-22 03:00:00,0,86,3
6290855005,2016-04-22 04:00:00,0,86,4
6290855005,2016-04-22 05:00:00,0,86,5
6290855005,2016-04-22 06:00:00,202,136,6
6290855005,2016-04-22 07:00:00,757,160,7
6290855005,2016-04-22 08:00:00,419,145,8
6290855005,2016-04-22 09:00:00,715,163,9
6290855005,2016-04-22 10:00:00,264,129,10
6290855005,2016-04-22 11:00:00,688,154,11
6290855005,2016-04-22 12:00:00,636,161,12
6290855005,2016-04-22 13:00:00,218,133,13
6290855005,2016-04-22 14:00:00,1071,173,14
6290855005,2016-04-22 15:00:00,56,99,15
6290855005,2016-04-22 16:00:00,875,153,16
6290855005,2016-04-22 17:00:00,330,153,17
6290855005,2016-04-22 18:00:00,7,93,18
6290855005,2016-04-22 19:00:00,0,86,19
6290855005,2016-04-22 20:00:00,0,86,20
6290855005,2016-04-22 21:00:00,0,86,21
6290855005,2016-04-22 22:00:00,0,86,22
6290855005,2016-04-22 23:00:00,0,86,23
6290855005,2016-04-23 00:00:00,0,86,0
6290855005,2016-04-23 01:00:00,0,86,1
6290855005,2016-04-23 02:00:00,0,86,2
6290855005,2016-04-23 03:00:00,0,86,3
6290855005,2016-04-23 04:00:00,0,86,4
6290855005,2016-04-23 05:00:00,0,86,5
6290855005,2016-04-23 06:00:00,0,86,6
6290855005,2016-04-23 07:00:00,0,86,7
6290855005,2016-04-23 08:00:00,0,86,8
6290855005,2016-04-23 09:00:00,0,525,9
6290855005,2016-04-23 10:00:00,0,251,10
6290855005,2016-04-23 11:00:00,0,86,11
6290855005,2016-04-23 12:00:00,0,86,12
6290855005,2016-04-23 13:00:00,0,86,13
6290855005,2016-04-23 14:00:00,0,86,14
6290855005,2016-04-23 15:00:00,0,86,15
6290855005,2016-04-23 16:00:00,0,86,16
6290855005,2016-04-23 17:00:00,0,86,17
6290855005,2016-04-23 18:00:00,0,86,18
6290855005,2016-04-23 19:00:00,0,86,19
6290855005,2016-04-23 20:00:00,0,86,20
6290855005,2016-04-23 21:00:00,0,86,21
6290855005,2016-04-23 22:00:00,0,86,22
6290855005,2016-04-23 23:00:00,0,86,23
6290855005,2016-04-24 00:00:00,0,86,0
6290855005,2016-04-24 01:00:00,0,86,1
6290855005,2016-04-24 02:00:00,0,86,2
6290855005,2016-04-24 03:00:00,0,86,3
6290855005,2016-04-24 04:00:00,0,86,4
6290855005,2016-04-24 05:00:00,0,86,5
6290855005,2016-04-24 06:00:00,0,86,6
6290855005,2016-04-24 07:00:00,0,86,7
6290855005,2016-04-24 08:00:00,0,86,8
6290855005,2016-04-24 09:00:00,207,112,9
6290855005,2016-04-24 10:00:00,2029,211,10
6290855005,2016-04-24 11:00:00,415,159,11
6290855005,2016-04-24 12:00:00,1125,194,12
6290855005,2016-04-24 13:00:00,107,120,13
6290855005,2016-04-24 14:00:00,136,130,14
6290855005,2016-04-24 15:00:00,84,118,15
6290855005,2016-04-24 16:00:00,104,113,16
6290855005,2016-04-24 17:00:00,851,162,17
6290855005,2016-04-24 18:00:00,224,105,18
6290855005,2016-04-24 19:00:00,219,116,19
6290855005,2016-04-24 20:00:00,363,127,20
6290855005,2016-04-24 21:00:00,32,92,21
6290855005,2016-04-24 22:00:00,0,86,22
6290855005,2016-04-24 23:00:00,0,86,23
6290855005,2016-04-25 00:00:00,0,86,0
6290855005,2016-04-25 01:00:00,0,86,1
6290855005,2016-04-25 02:00:00,0,86,2
6290855005,2016-04-25 03:00:00,0,86,3
6290855005,2016-04-25 04:00:00,0,86,4
6290855005,2016-04-25 05:00:00,0,86,5
6290855005,2016-04-25 06:00:00,195,127,6
6290855005,2016-04-25 07:00:00,827,161,7
6290855005,2016-04-25 08:00:00,1935,223,8
6290855005,2016-04-25 09:00:00,752,165,9
6290855005,2016-04-25 10:00:00,587,142,10
6290855005,2016-04-25 11:00:00,591,134,11
6290855005,2016-04-25 12:00:00,244,120,12
6290855005,2016-04-25 13:00:00,618,139,13
6290855005,2016-04-25 14:00:00,667,145,14
6290855005,2016-04-25 15:00:00,492,131,15
6290855005,2016-04-25 16:00:00,838,144,16
6290855005,2016-04-25 17:00:00,56,111,17
6290855005,2016-04-25 18:00:00,0,86,18
6290855005,2016-04-25 19:00:00,0,86,19
6290855005,2016-04-25 20:00:00,0,86,20
6290855005,2016-04-25 21:00:00,0,86,21
6290855005,2016-04-25 22:00:00,0,86,22
6290855005,2016-04-25 23:00:00,0,86,23
6290855005,2016-04-26 00:00:00,0,86,0
6290855005,2016-04-26 01:00:00,0,86,1
6290855005,2016-04-26 02:00:00,0,86,2
6290855005,2016-04-26 03:00:00,0,86,3
6290855005,2016-04-26 04:00:00,0,86,4
6290855005,2016-04-26 05:00:00,0,86,5
6290855005,2016-04-26 06:00:00,0,86,6
6290855005,2016-04-26 07:00:00,0,86,7
6290855005,2016-04-26 08:00:00,0,86,8
6290855005,2016-04-26 09:00:00,0,86,9
6290855005,2016-04-26 10:00:00,0,86,10
6290855005,2016-04-26 11:00:00,0,86,11
6290855005,2016-04-26 12:00:00,0,86,12
6290855005,2016-04-26 13:00:00,0,86,13
6290855005,2016-04-26 14:00:00,0,86,14
6290855005,2016-04-26 15:00:00,0,86,15
6290855005,2016-04-26 16:00:00,0,86,16
6290855005,2016-04-26 17:00:00,0,86,17
6290855005,2016-04-26 18:00:00,0,86,18
6290855005,2016-04-26 19:00:00,0,86,19
6290855005,2016-04-26 20:00:00,0,86,20
6290855005,2016-04-26 21:00:00,0,86,21
6290855005,2016-04-26 22:00:00,0,86,22
6290855005,2016-04-26 23:00:00,0,86,23
6290855005,2016-04-27 00:00:00,0,86,0
6290855005,2016-04-27 01:00:00,0,86,1
6290855005,2016-04-27 02:00:00,0,86,2
6290855005,2016-04-27 03:00:00,0,86,3
6290855005,2016-04-27 04:00:00,0,86,4
6290855005,2016-04-27 05:00:00,0,86,5
6290855005,2016-04-27 06:00:00,136,118,6
6290855005,2016-04-27 07:00:00,795,157,7
6290855005,2016-04-27 08:00:00,934,180,8
6290855005,2016-04-27 09:00:00,236,130,9
6290855005,2016-04-27 10:00:00,154,114,10
6290855005,2016-04-27 11:00:00,634,150,11
6290855005,2016-04-27 12:00:00,164,138,12
6290855005,2016-04-27 13:00:00,675,139,13
6290855005,2016-04-27 14:00:00,388,156,14
6290855005,2016-04-27 15:00:00,277,133,15
6290855005,2016-04-27 16:00:00,885,148,16
6290855005,2016-04-27 17:00:00,164,116,17
6290855005,2016-04-27 18:00:00,123,121,18
6290855005,2016-04-27 19:00:00,0,86,19
6290855005,2016-04-27 20:00:00,0,86,20
6290855005,2016-04-27 21:00:00,0,86,21
6290855005,2016-04-27 22:00:00,0,86,22
6290855005,2016-04-27 23:00:00,0,86,23
6290855005,2016-04-28 00:00:00,0,86,0
6290855005,2016-04-28 01:00:00,0,86,1
6290855005,2016-04-28 02:00:00,0,86,2
6290855005,2016-04-28 03:00:00,0,86,3
6290855005,2016-04-28 04:00:00,0,86,4
6290855005,2016-04-28 05:00:00,0,86,5
6290855005,2016-04-28 06:00:00,87,112,6
6290855005,2016-04-28 07:00:00,779,159,7
6290855005,2016-04-28 08:00:00,154,113,8
6290855005,2016-04-28 09:00:00,230,127,9
6290855005,2016-04-28 10:00:00,33,92,10
6290855005,2016-04-28 11:00:00,768,160,11
6290855005,2016-04-28 12:00:00,1121,180,12
6290855005,2016-04-28 13:00:00,97,122,13
6290855005,2016-04-28 14:00:00,815,157,14
6290855005,2016-04-28 15:00:00,756,149,15
6290855005,2016-04-28 16:00:00,812,158,16
6290855005,2016-04-28 17:00:00,79,129,17
6290855005,2016-04-28 18:00:00,0,86,18
6290855005,2016-04-28 19:00:00,0,86,19
6290855005,2016-04-28 20:00:00,0,86,20
6290855005,2016-04-28 21:00:00,0,86,21
6290855005,2016-04-28 22:00:00,0,86,22
6290855005,2016-04-28 23:00:00,0,86,23
6290855005,2016-04-29 00:00:00,0,86,0
6290855005,2016-04-29 01:00:00,0,86,1
6290855005,2016-04-29 02:00:00,0,86,2
6290855005,2016-04-29 03:00:00,0,86,3
6290855005,2016-04-29 04:00:00,0,86,4
6290855005,2016-04-29 05:00:00,0,86,5
6290855005,2016-04-29 06:00:00,0,86,6
6290855005,2016-04-29 07:00:00,0,86,7
6290855005,2016-04-29 08:00:00,0,86,8
6290855005,2016-04-29 09:00:00,0,86,9
6290855005,2016-04-29 10:00:00,0,86,10
6290855005,2016-04-29 11:00:00,0,86,11
6290855005,2016-04-29 12:00:00,0,86,12
6290855005,2016-04-29 13:00:00,0,86,13
6290855005,2016-04-29 14:00:00,0,86,14
6290855005,2016-04-29 15:00:00,0,86,15
6290855005,2016-04-29 16:00:00,0,86,16
6290855005,2016-04-29 17:00:00,0,86,17
6290855005,2016-04-29 18:00:00,0,86,18
6290855005,2016-04-29 19:00:00,0,86,19
6290855005,2016-04-29 20:00:00,0,86,20
6290855005,2016-04-29 21:00:00,0,86,21
6290855005,2016-04-29 22:00:00,0,86,22
6290855005,2016-04-29 23:00:00,0,86,23
6290855005,2016-04-30 00:00:00,0,86,0
6290855005,2016-04-30 01:00:00,0,86,1
6290855005,2016-04-30 02:00:00,0,86,2
6290855005,2016-04-30 03:00:00,0,86,3
6290855005,2016-04-30 04:00:00,0,86,4
6290855005,2016-04-30 05:00:00,0,86,5
6290855005,2016-04-30 06:00:00,0,86,6
6290855005,2016-04-30 07:00:00,70,116,7
6290855005,2016-04-30 08:00:00,111,133,8
6290855005,2016-04-30 09:00:00,899,174,9
6290855005,2016-04-30 10:00:00,944,187,10
6290855005,2016-04-30 11:00:00,1937,220,11
6290855005,2016-04-30 12:00:00,319,149,12
6290855005,2016-04-30 13:00:00,420,167,13
6290855005,2016-04-30 14:00:00,546,164,14
6290855005,2016-04-30 15:00:00,239,143,15
6290855005,2016-04-30 16:00:00,1259,187,16
6290855005,2016-04-30 17:00:00,0,86,17
6290855005,2016-04-30 18:00:00,0,86,18
6290855005,2016-04-30 19:00:00,0,86,19
6290855005,2016-04-30 20:00:00,0,88,20
6290855005,2016-04-30 21:00:00,0,86,21
6290855005,2016-04-30 22:00:00,0,86,22
6290855005,2016-04-30 23:00:00,0,86,23
6290855005,2016-05-01 00:00:00,0,86,0
6290855005,2016-05-01 01:00:00,0,86,1
6290855005,2016-05-01 02:00:00,0,86,2
6290855005,2016-05-01 03:00:00,0,86,3
6290855005,2016-05-01 04:00:00,0,86,4
6290855005,2016-05-01 05:00:00,0,86,5
6290855005,2016-05-01 06:00:00,0,86,6
6290855005,2016-05-01 07:00:00,0,86,7
6290855005,2016-05-01 08:00:00,0,86,8
6290855005,2016-05-01 09:00:00,3258,286,9
6290855005,2016-05-01 10:00:00,3251,262,10
6290855005,2016-05-01 11:00:00,387,140,11
6290855005,2016-05-01 12:00:00,781,151,12
6290855005,2016-05-01 13:00:00,497,152,13
6290855005,2016-05-01 14:00:00,557,156,14
6290855005,2016-05-01 15:00:00,427,137,15
6290855005,2016-05-01 16:00:00,8,114,16
6290855005,2016-05-01 17:00:00,172,139,17
6290855005,2016-05-01 18:00:00,250,161,18
6290855005,2016-05-01 19:00:00,170,126,19
6290855005,2016-05-01 20:00:00,79,176,20
6290855005,2016-05-01 21:00:00,0,382,21
6290855005,2016-05-01 22:00:00,0,86,22
6290855005,2016-05-01 23:00:00,0,86,23
6290855005,2016-05-02 00:00:00,0,86,0
6290855005,2016-05-02 01:00:00,0,86,1
6290855005,2016-05-02 02:00:00,0,86,2
6290855005,2016-05-02 03:00:00,0,86,3
6290855005,2016-05-02 04:00:00,0,86,4
6290855005,2016-05-02 05:00:00,0,86,5
6290855005,2016-05-02 06:00:00,206,128,6
6290855005,2016-05-02 07:00:00,788,159,7
6290855005,2016-05-02 08:00:00,183,111,8
6290855005,2016-05-02 09:00:00,783,149,9
6290855005,2016-05-02 10:00:00,578,147,10
6290855005,2016-05-02 11:00:00,372,134,11
6290855005,2016-05-02 12:00:00,543,150,12
6290855005,2016-05-02 13:00:00,789,145,13
6290855005,2016-05-02 14:00:00,574,127,14
6290855005,2016-05-02 15:00:00,1178,183,15
6290855005,2016-05-02 16:00:00,676,148,16
6290855005,2016-05-02 17:00:00,111,112,17
6290855005,2016-05-02 18:00:00,0,86,18
6290855005,2016-05-02 19:00:00,0,86,19
6290855005,2016-05-02 20:00:00,0,86,20
6290855005,2016-05-02 21:00:00,0,86,21
6290855005,2016-05-02 22:00:00,0,86,22
6290855005,2016-05-02 23:00:00,0,86,23
6290855005,2016-05-03 00:00:00,0,86,0
6290855005,2016-05-03 01:00:00,0,86,1
6290855005,2016-05-03 02:00:00,0,86,2
6290855005,2016-05-03 03:00:00,0,86,3
6290855005,2016-05-03 04:00:00,0,86,4
6290855005,2016-05-03 05:00:00,0,86,5
6290855005,2016-05-03 06:00:00,393,123,6
6290855005,2016-05-03 07:00:00,663,142,7
6290855005,2016-05-03 08:00:00,341,131,8
6290855005,2016-05-03 09:00:00,630,163,9
6290855005,2016-05-03 10:00:00,582,142,10
6290855005,2016-05-03 11:00:00,405,133,11
6290855005,2016-05-03 12:00:00,400,127,12
6290855005,2016-05-03 13:00:00,1014,178,13
6290855005,2016-05-03 14:00:00,259,122,14
6290855005,2016-05-03 15:00:00,770,149,15
6290855005,2016-05-03 16:00:00,273,114,16
6290855005,2016-05-03 17:00:00,317,118,17
6290855005,2016-05-03 18:00:00,0,86,18
6290855005,2016-05-03 19:00:00,0,86,19
6290855005,2016-05-03 20:00:00,0,86,20
6290855005,2016-05-03 21:00:00,0,86,21
6290855005,2016-05-03 22:00:00,0,86,22
6290855005,2016-05-03 23:00:00,0,86,23
6290855005,2016-05-04 00:00:00,0,86,0
6290855005,2016-05-04 01:00:00,0,86,1
6290855005,2016-05-04 02:00:00,0,86,2
6290855005,2016-05-04 03:00:00,0,86,3
6290855005,2016-05-04 04:00:00,0,86,4
6290855005,2016-05-04 05:00:00,0,86,5
6290855005,2016-05-04 06:00:00,152,100,6
6290855005,2016-05-04 07:00:00,735,163,7
6290855005,2016-05-04 08:00:00,281,121,8
6290855005,2016-05-04 09:00:00,945,168,9
6290855005,2016-05-04 10:00:00,356,124,10
6290855005,2016-05-04 11:00:00,743,165,11
6290855005,2016-05-04 12:00:00,347,136,12
6290855005,2016-05-04 13:00:00,427,120,13
6290855005,2016-05-04 14:00:00,416,132,14
6290855005,2016-05-04 15:00:00,603,139,15
6290855005,2016-05-04 16:00:00,241,119,16
6290855005,2016-05-04 17:00:00,258,140,17
6290855005,2016-05-04 18:00:00,169,124,18
6290855005,2016-05-04 19:00:00,159,109,19
6290855005,2016-05-04 20:00:00,0,86,20
6290855005,2016-05-04 21:00:00,0,86,21
6290855005,2016-05-04 22:00:00,0,86,22
6290855005,2016-05-04 23:00:00,0,86,23
6290855005,2016-05-05 00:00:00,0,86,0
6290855005,2016-05-05 01:00:00,0,86,1
6290855005,2016-05-05 02:00:00,0,86,2
6290855005,2016-05-05 03:00:00,0,86,3
6290855005,2016-05-05 04:00:00,0,86,4
6290855005,2016-05-05 05:00:00,72,101,5
6290855005,2016-05-05 06:00:00,136,104,6
6290855005,2016-05-05 07:00:00,786,149,7
6290855005,2016-05-05 08:00:00,478,141,8
6290855005,2016-05-05 09:00:00,543,133,9
6290855005,2016-05-05 10:00:00,366,139,10
6290855005,2016-05-05 11:00:00,421,120,11
6290855005,2016-05-05 12:00:00,886,165,12
6290855005,2016-05-05 13:00:00,102,115,13
6290855005,2016-05-05 14:00:00,1189,190,14
6290855005,2016-05-05 15:00:00,1070,168,15
6290855005,2016-05-05 16:00:00,4,88,16
6290855005,2016-05-05 17:00:00,253,121,17
6290855005,2016-05-05 18:00:00,33,91,18
6290855005,2016-05-05 19:00:00,0,86,19
6290855005,2016-05-05 20:00:00,0,86,20
6290855005,2016-05-05 21:00:00,0,86,21
6290855005,2016-05-05 22:00:00,0,86,22
6290855005,2016-05-05 23:00:00,0,86,23
6290855005,2016-05-06 00:00:00,0,86,0
6290855005,2016-05-06 01:00:00,0,86,1
6290855005,2016-05-06 02:00:00,0,86,2
6290855005,2016-05-06 03:00:00,0,86,3
6290855005,2016-05-06 04:00:00,0,86,4
6290855005,2016-05-06 05:00:00,21,96,5
6290855005,2016-05-06 06:00:00,134,124,6
6290855005,2016-05-06 07:00:00,1200,176,7
6290855005,2016-05-06 08:00:00,374,133,8
6290855005,2016-05-06 09:00:00,357,142,9
6290855005,2016-05-06 10:00:00,125,108,10
6290855005,2016-05-06 11:00:00,716,152,11
6290855005,2016-05-06 12:00:00,374,126,12
6290855005,2016-05-06 13:00:00,325,133,13
6290855005,2016-05-06 14:00:00,281,127,14
6290855005,2016-05-06 15:00:00,421,131,15
6290855005,2016-05-06 16:00:00,604,159,16
6290855005,2016-05-06 17:00:00,916,166,17
6290855005,2016-05-06 18:00:00,29,118,18
6290855005,2016-05-06 19:00:00,34,112,19
6290855005,2016-05-06 20:00:00,205,116,20
6290855005,2016-05-06 21:00:00,0,86,21
6290855005,2016-05-06 22:00:00,0,86,22
6290855005,2016-05-06 23:00:00,0,86,23
6290855005,2016-05-07 00:00:00,0,86,0
6290855005,2016-05-07 01:00:00,0,86,1
6290855005,2016-05-07 02:00:00,0,86,2
6290855005,2016-05-07 03:00:00,0,86,3
6290855005,2016-05-07 04:00:00,0,86,4
6290855005,2016-05-07 05:00:00,0,86,5
6290855005,2016-05-07 06:00:00,0,86,6
6290855005,2016-05-07 07:00:00,0,86,7
6290855005,2016-05-07 08:00:00,0,86,8
6290855005,2016-05-07 09:00:00,0,86,9
6290855005,2016-05-07 10:00:00,283,130,10
6290855005,2016-05-07 11:00:00,361,150,11
6290855005,2016-05-07 12:00:00,1242,168,12
6290855005,2016-05-07 13:00:00,682,169,13
6290855005,2016-05-07 14:00:00,496,137,14
6290855005,2016-05-07 15:00:00,1259,179,15
6290855005,2016-05-07 16:00:00,492,119,16
6290855005,2016-05-07 17:00:00,129,119,17
6290855005,2016-05-07 18:00:00,417,137,18
6290855005,2016-05-07 19:00:00,149,104,19
6290855005,2016-05-07 20:00:00,0,86,20
6290855005,2016-05-07 21:00:00,0,86,21
6290855005,2016-05-07 22:00:00,0,86,22
6290855005,2016-05-07 23:00:00,0,86,23
6290855005,2016-05-08 00:00:00,0,86,0
6290855005,2016-05-08 01:00:00,0,86,1
6290855005,2016-05-08 02:00:00,0,86,2
6290855005,2016-05-08 03:00:00,0,86,3
6290855005,2016-05-08 04:00:00,0,86,4
6290855005,2016-05-08 05:00:00,0,86,5
6290855005,2016-05-08 06:00:00,0,86,6
6290855005,2016-05-08 07:00:00,0,86,7
6290855005,2016-05-08 08:00:00,0,86,8
6290855005,2016-05-08 09:00:00,308,122,9
6290855005,2016-05-08 10:00:00,2117,200,10
6290855005,2016-05-08 11:00:00,1937,204,11
6290855005,2016-05-08 12:00:00,368,134,12
6290855005,2016-05-08 13:00:00,889,166,13
6290855005,2016-05-08 14:00:00,1218,189,14
6290855005,2016-05-08 15:00:00,247,132,15
6290855005,2016-05-08 16:00:00,57,99,16
6290855005,2016-05-08 17:00:00,368,131,17
6290855005,2016-05-08 18:00:00,87,112,18
6290855005,2016-05-08 19:00:00,110,104,19
6290855005,2016-05-08 20:00:00,0,88,20
6290855005,2016-05-08 21:00:00,0,86,21
6290855005,2016-05-08 22:00:00,0,86,22
6290855005,2016-05-08 23:00:00,0,86,23
6290855005,2016-05-09 00:00:00,0,86,0
6290855005,2016-05-09 01:00:00,0,86,1
6290855005,2016-05-09 02:00:00,0,86,2
6290855005,2016-05-09 03:00:00,0,86,3
6290855005,2016-05-09 04:00:00,0,86,4
6290855005,2016-05-09 05:00:00,0,86,5
6290855005,2016-05-09 06:00:00,296,121,6
6290855005,2016-05-09 07:00:00,650,134,7
6290855005,2016-05-09 08:00:00,812,159,8
6290855005,2016-05-09 09:00:00,686,142,9
6290855005,2016-05-09 10:00:00,194,126,10
6290855005,2016-05-09 11:00:00,235,142,11
6290855005,2016-05-09 12:00:00,358,165,12
6290855005,2016-05-09 13:00:00,1255,175,13
6290855005,2016-05-09 14:00:00,343,138,14
6290855005,2016-05-09 15:00:00,922,163,15
6290855005,2016-05-09 16:00:00,367,116,16
6775888955,2016-04-12 00:00:00,0,77,0
6775888955,2016-04-12 01:00:00,0,77,1
6775888955,2016-04-12 02:00:00,0,77,2
6775888955,2016-04-12 03:00:00,0,77,3
6775888955,2016-04-12 04:00:00,0,77,4
6775888955,2016-04-12 05:00:00,0,77,5
6775888955,2016-04-12 06:00:00,0,77,6
6775888955,2016-04-12 07:00:00,0,77,7
6775888955,2016-04-12 08:00:00,0,77,8
6775888955,2016-04-12 09:00:00,0,77,9
6775888955,2016-04-12 10:00:00,0,77,10
6775888955,2016-04-12 11:00:00,0,77,11
6775888955,2016-04-12 12:00:00,0,77,12
6775888955,2016-04-12 13:00:00,0,77,13
6775888955,2016-04-12 14:00:00,0,77,14
6775888955,2016-04-12 15:00:00,0,77,15
6775888955,2016-04-12 16:00:00,0,77,16
6775888955,2016-04-12 17:00:00,0,77,17
6775888955,2016-04-12 18:00:00,0,77,18
6775888955,2016-04-12 19:00:00,0,77,19
6775888955,2016-04-12 20:00:00,0,77,20
6775888955,2016-04-12 21:00:00,0,77,21
6775888955,2016-04-12 22:00:00,0,77,22
6775888955,2016-04-12 23:00:00,0,77,23
6775888955,2016-04-13 00:00:00,0,77,0
6775888955,2016-04-13 01:00:00,0,77,1
6775888955,2016-04-13 02:00:00,147,93,2
6775888955,2016-04-13 03:00:00,0,77,3
6775888955,2016-04-13 04:00:00,32,83,4
6775888955,2016-04-13 05:00:00,0,77,5
6775888955,2016-04-13 06:00:00,10,80,6
6775888955,2016-04-13 07:00:00,268,109,7
6775888955,2016-04-13 08:00:00,395,175,8
6775888955,2016-04-13 09:00:00,74,86,9
6775888955,2016-04-13 10:00:00,21,84,10
6775888955,2016-04-13 11:00:00,0,77,11
6775888955,2016-04-13 12:00:00,0,77,12
6775888955,2016-04-13 13:00:00,0,77,13
6775888955,2016-04-13 14:00:00,0,77,14
6775888955,2016-04-13 15:00:00,0,77,15
6775888955,2016-04-13 16:00:00,0,77,16
6775888955,2016-04-13 17:00:00,0,77,17
6775888955,2016-04-13 18:00:00,0,77,18
6775888955,2016-04-13 19:00:00,183,111,19
6775888955,2016-04-13 20:00:00,1131,190,20
6775888955,2016-04-13 21:00:00,119,118,21
6775888955,2016-04-13 22:00:00,1200,195,22
6775888955,2016-04-13 23:00:00,473,153,23
6775888955,2016-04-14 00:00:00,0,77,0
6775888955,2016-04-14 01:00:00,0,77,1
6775888955,2016-04-14 02:00:00,7,79,2
6775888955,2016-04-14 03:00:00,0,77,3
6775888955,2016-04-14 04:00:00,8,79,4
6775888955,2016-04-14 05:00:00,0,77,5
6775888955,2016-04-14 06:00:00,0,77,6
6775888955,2016-04-14 07:00:00,277,112,7
6775888955,2016-04-14 08:00:00,1196,182,8
6775888955,2016-04-14 09:00:00,55,86,9
6775888955,2016-04-14 10:00:00,241,111,10
6775888955,2016-04-14 11:00:00,44,83,11
6775888955,2016-04-14 12:00:00,650,152,12
6775888955,2016-04-14 13:00:00,0,77,13
6775888955,2016-04-14 14:00:00,0,77,14
6775888955,2016-04-14 15:00:00,0,77,15
6775888955,2016-04-14 16:00:00,0,77,16
6775888955,2016-04-14 17:00:00,0,77,17
6775888955,2016-04-14 18:00:00,0,77,18
6775888955,2016-04-14 19:00:00,0,77,19
6775888955,2016-04-14 20:00:00,1112,237,20
6775888955,2016-04-14 21:00:00,998,188,21
6775888955,2016-04-14 22:00:00,259,128,22
6775888955,2016-04-14 23:00:00,315,147,23
6775888955,2016-04-15 00:00:00,37,94,0
6775888955,2016-04-15 01:00:00,9,90,1
6775888955,2016-04-15 02:00:00,0,80,2
6775888955,2016-04-15 03:00:00,0,77,3
6775888955,2016-04-15 04:00:00,0,77,4
6775888955,2016-04-15 05:00:00,0,77,5
6775888955,2016-04-15 06:00:00,20,81,6
6775888955,2016-04-15 07:00:00,648,196,7
6775888955,2016-04-15 08:00:00,480,185,8
6775888955,2016-04-15 09:00:00,88,96,9
6775888955,2016-04-15 10:00:00,0,77,10
6775888955,2016-04-15 11:00:00,0,77,11
6775888955,2016-04-15 12:00:00,0,77,12
6775888955,2016-04-15 13:00:00,0,77,13
6775888955,2016-04-15 14:00:00,0,77,14
6775888955,2016-04-15 15:00:00,0,77,15
6775888955,2016-04-15 16:00:00,0,77,16
6775888955,2016-04-15 17:00:00,0,77,17
6775888955,2016-04-15 18:00:00,0,77,18
6775888955,2016-04-15 19:00:00,0,77,19
6775888955,2016-04-15 20:00:00,0,77,20
6775888955,2016-04-15 21:00:00,0,77,21
6775888955,2016-04-15 22:00:00,0,77,22
6775888955,2016-04-15 23:00:00,0,77,23
6775888955,2016-04-16 00:00:00,0,77,0
6775888955,2016-04-16 01:00:00,0,77,1
6775888955,2016-04-16 02:00:00,0,77,2
6775888955,2016-04-16 03:00:00,0,77,3
6775888955,2016-04-16 04:00:00,0,77,4
6775888955,2016-04-16 05:00:00,0,77,5
6775888955,2016-04-16 06:00:00,0,77,6
6775888955,2016-04-16 07:00:00,0,77,7
6775888955,2016-04-16 08:00:00,0,77,8
6775888955,2016-04-16 09:00:00,0,77,9
6775888955,2016-04-16 10:00:00,0,77,10
6775888955,2016-04-16 11:00:00,0,77,11
6775888955,2016-04-16 12:00:00,0,77,12
6775888955,2016-04-16 13:00:00,0,77,13
6775888955,2016-04-16 14:00:00,0,77,14
6775888955,2016-04-16 15:00:00,0,77,15
6775888955,2016-04-16 16:00:00,0,77,16
6775888955,2016-04-16 17:00:00,0,77,17
6775888955,2016-04-16 18:00:00,3629,350,18
6775888955,2016-04-16 19:00:00,1103,187,19
6775888955,2016-04-16 20:00:00,0,77,20
6775888955,2016-04-16 21:00:00,0,77,21
6775888955,2016-04-16 22:00:00,0,77,22
6775888955,2016-04-16 23:00:00,0,77,23
6775888955,2016-04-17 00:00:00,0,77,0
6775888955,2016-04-17 01:00:00,0,77,1
6775888955,2016-04-17 02:00:00,0,77,2
6775888955,2016-04-17 03:00:00,0,77,3
6775888955,2016-04-17 04:00:00,0,77,4
6775888955,2016-04-17 05:00:00,0,77,5
6775888955,2016-04-17 06:00:00,0,77,6
6775888955,2016-04-17 07:00:00,0,77,7
6775888955,2016-04-17 08:00:00,2303,276,8
6775888955,2016-04-17 09:00:00,194,104,9
6775888955,2016-04-17 10:00:00,0,77,10
6775888955,2016-04-17 11:00:00,0,77,11
6775888955,2016-04-17 12:00:00,0,77,12
6775888955,2016-04-17 13:00:00,0,77,13
6775888955,2016-04-17 14:00:00,0,77,14
6775888955,2016-04-17 15:00:00,0,77,15
6775888955,2016-04-17 16:00:00,0,77,16
6775888955,2016-04-17 17:00:00,0,77,17
6775888955,2016-04-17 18:00:00,0,77,18
6775888955,2016-04-17 19:00:00,0,77,19
6775888955,2016-04-17 20:00:00,0,77,20
6775888955,2016-04-17 21:00:00,0,77,21
6775888955,2016-04-17 22:00:00,0,77,22
6775888955,2016-04-17 23:00:00,0,77,23
6775888955,2016-04-18 00:00:00,0,77,0
6775888955,2016-04-18 01:00:00,0,77,1
6775888955,2016-04-18 02:00:00,0,77,2
6775888955,2016-04-18 03:00:00,0,77,3
6775888955,2016-04-18 04:00:00,0,77,4
6775888955,2016-04-18 05:00:00,0,77,5
6775888955,2016-04-18 06:00:00,0,77,6
6775888955,2016-04-18 07:00:00,0,77,7
6775888955,2016-04-18 08:00:00,0,77,8
6775888955,2016-04-18 09:00:00,9,82,9
6775888955,2016-04-18 10:00:00,311,115,10
6775888955,2016-04-18 11:00:00,1369,320,11
6775888955,2016-04-18 12:00:00,2492,299,12
6775888955,2016-04-18 13:00:00,1687,263,13
6775888955,2016-04-18 14:00:00,1652,252,14
6775888955,2016-04-18 15:00:00,774,163,15
6775888955,2016-04-18 16:00:00,0,77,16
6775888955,2016-04-18 17:00:00,0,77,17
6775888955,2016-04-18 18:00:00,0,77,18
6775888955,2016-04-18 19:00:00,0,77,19
6775888955,2016-04-18 20:00:00,0,77,20
6775888955,2016-04-18 21:00:00,0,77,21
6775888955,2016-04-18 22:00:00,0,77,22
6775888955,2016-04-18 23:00:00,0,77,23
6775888955,2016-04-19 00:00:00,0,77,0
6775888955,2016-04-19 01:00:00,0,77,1
6775888955,2016-04-19 02:00:00,0,77,2
6775888955,2016-04-19 03:00:00,0,77,3
6775888955,2016-04-19 04:00:00,0,77,4
6775888955,2016-04-19 05:00:00,0,77,5
6775888955,2016-04-19 06:00:00,0,77,6
6775888955,2016-04-19 07:00:00,0,77,7
6775888955,2016-04-19 08:00:00,0,77,8
6775888955,2016-04-19 09:00:00,0,77,9
6775888955,2016-04-19 10:00:00,0,77,10
6775888955,2016-04-19 11:00:00,0,77,11
6775888955,2016-04-19 12:00:00,0,77,12
6775888955,2016-04-19 13:00:00,0,77,13
6775888955,2016-04-19 14:00:00,0,77,14
6775888955,2016-04-19 15:00:00,0,77,15
6775888955,2016-04-19 16:00:00,0,77,16
6775888955,2016-04-19 17:00:00,0,77,17
6775888955,2016-04-19 18:00:00,0,77,18
6775888955,2016-04-19 19:00:00,0,77,19
6775888955,2016-04-19 20:00:00,0,77,20
6775888955,2016-04-19 21:00:00,0,77,21
6775888955,2016-04-19 22:00:00,0,77,22
6775888955,2016-04-19 23:00:00,0,77,23
6775888955,2016-04-20 00:00:00,0,77,0
6775888955,2016-04-20 01:00:00,0,77,1
6775888955,2016-04-20 02:00:00,0,77,2
6775888955,2016-04-20 03:00:00,0,77,3
6775888955,2016-04-20 04:00:00,0,77,4
6775888955,2016-04-20 05:00:00,0,77,5
6775888955,2016-04-20 06:00:00,858,170,6
6775888955,2016-04-20 07:00:00,1012,253,7
6775888955,2016-04-20 08:00:00,806,229,8
6775888955,2016-04-20 09:00:00,410,184,9
6775888955,2016-04-20 10:00:00,711,168,10
6775888955,2016-04-20 11:00:00,1135,327,11
6775888955,2016-04-20 12:00:00,1008,228,12
6775888955,2016-04-20 13:00:00,1334,274,13
6775888955,2016-04-20 14:00:00,990,216,14
6775888955,2016-04-20 15:00:00,392,232,15
6775888955,2016-04-20 16:00:00,1707,318,16
6775888955,2016-04-20 17:00:00,222,148,17
6775888955,2016-04-20 18:00:00,186,137,18
6775888955,2016-04-20 19:00:00,0,77,19
6775888955,2016-04-20 20:00:00,0,77,20
6775888955,2016-04-20 21:00:00,0,77,21
6775888955,2016-04-20 22:00:00,0,77,22
6775888955,2016-04-20 23:00:00,0,77,23
6775888955,2016-04-21 00:00:00,0,77,0
6775888955,2016-04-21 01:00:00,0,77,1
6775888955,2016-04-21 02:00:00,0,77,2
6775888955,2016-04-21 03:00:00,0,77,3
6775888955,2016-04-21 04:00:00,0,77,4
6775888955,2016-04-21 05:00:00,0,77,5
6775888955,2016-04-21 06:00:00,0,77,6
6775888955,2016-04-21 07:00:00,0,77,7
6775888955,2016-04-21 08:00:00,0,77,8
6775888955,2016-04-21 09:00:00,0,77,9
6775888955,2016-04-21 10:00:00,0,77,10
6775888955,2016-04-21 11:00:00,0,77,11
6775888955,2016-04-21 12:00:00,0,77,12
6775888955,2016-04-21 13:00:00,0,77,13
6775888955,2016-04-21 14:00:00,0,77,14
6775888955,2016-04-21 15:00:00,0,77,15
6775888955,2016-04-21 16:00:00,0,77,16
6775888955,2016-04-21 17:00:00,0,77,17
6775888955,2016-04-21 18:00:00,0,77,18
6775888955,2016-04-21 19:00:00,0,77,19
6775888955,2016-04-21 20:00:00,0,77,20
6775888955,2016-04-21 21:00:00,0,77,21
6775888955,2016-04-21 22:00:00,0,77,22
6775888955,2016-04-21 23:00:00,0,77,23
6775888955,2016-04-22 00:00:00,0,77,0
6775888955,2016-04-22 01:00:00,0,77,1
6775888955,2016-04-22 02:00:00,0,77,2
6775888955,2016-04-22 03:00:00,0,77,3
6775888955,2016-04-22 04:00:00,0,77,4
6775888955,2016-04-22 05:00:00,0,77,5
6775888955,2016-04-22 06:00:00,0,77,6
6775888955,2016-04-22 07:00:00,43,86,7
6775888955,2016-04-22 08:00:00,594,149,8
6775888955,2016-04-22 09:00:00,0,77,9
6775888955,2016-04-22 10:00:00,0,77,10
6775888955,2016-04-22 11:00:00,0,77,11
6775888955,2016-04-22 12:00:00,0,77,12
6775888955,2016-04-22 13:00:00,0,77,13
6775888955,2016-04-22 14:00:00,0,77,14
6775888955,2016-04-22 15:00:00,0,77,15
6775888955,2016-04-22 16:00:00,0,77,16
6775888955,2016-04-22 17:00:00,0,77,17
6775888955,2016-04-22 18:00:00,0,77,18
6775888955,2016-04-22 19:00:00,0,77,19
6775888955,2016-04-22 20:00:00,0,77,20
6775888955,2016-04-22 21:00:00,0,77,21
6775888955,2016-04-22 22:00:00,0,77,22
6775888955,2016-04-22 23:00:00,0,77,23
6775888955,2016-04-23 00:00:00,0,77,0
6775888955,2016-04-23 01:00:00,0,77,1
6775888955,2016-04-23 02:00:00,0,77,2
6775888955,2016-04-23 03:00:00,0,77,3
6775888955,2016-04-23 04:00:00,0,77,4
6775888955,2016-04-23 05:00:00,0,77,5
6775888955,2016-04-23 06:00:00,0,77,6
6775888955,2016-04-23 07:00:00,0,77,7
6775888955,2016-04-23 08:00:00,0,77,8
6775888955,2016-04-23 09:00:00,0,77,9
6775888955,2016-04-23 10:00:00,0,77,10
6775888955,2016-04-23 11:00:00,0,77,11
6775888955,2016-04-23 12:00:00,0,77,12
6775888955,2016-04-23 13:00:00,0,77,13
6775888955,2016-04-23 14:00:00,0,77,14
6775888955,2016-04-23 15:00:00,0,77,15
6775888955,2016-04-23 16:00:00,0,77,16
6775888955,2016-04-23 17:00:00,0,77,17
6775888955,2016-04-23 18:00:00,0,77,18
6775888955,2016-04-23 19:00:00,0,77,19
6775888955,2016-04-23 20:00:00,0,77,20
6775888955,2016-04-23 21:00:00,0,77,21
6775888955,2016-04-23 22:00:00,0,77,22
6775888955,2016-04-23 23:00:00,0,77,23
6775888955,2016-04-24 00:00:00,0,77,0
6775888955,2016-04-24 01:00:00,0,77,1
6775888955,2016-04-24 02:00:00,0,77,2
6775888955,2016-04-24 03:00:00,0,77,3
6775888955,2016-04-24 04:00:00,0,77,4
6775888955,2016-04-24 05:00:00,0,77,5
6775888955,2016-04-24 06:00:00,0,77,6
6775888955,2016-04-24 07:00:00,0,77,7
6775888955,2016-04-24 08:00:00,0,77,8
6775888955,2016-04-24 09:00:00,0,77,9
6775888955,2016-04-24 10:00:00,0,77,10
6775888955,2016-04-24 11:00:00,742,174,11
6775888955,2016-04-24 12:00:00,0,77,12
6775888955,2016-04-24 13:00:00,0,77,13
6775888955,2016-04-24 14:00:00,0,77,14
6775888955,2016-04-24 15:00:00,0,77,15
6775888955,2016-04-24 16:00:00,0,77,16
6775888955,2016-04-24 17:00:00,0,77,17
6775888955,2016-04-24 18:00:00,1411,191,18
6775888955,2016-04-24 19:00:00,0,77,19
6775888955,2016-04-24 20:00:00,0,77,20
6775888955,2016-04-24 21:00:00,0,77,21
6775888955,2016-04-24 22:00:00,0,77,22
6775888955,2016-04-24 23:00:00,0,77,23
6775888955,2016-04-25 00:00:00,0,77,0
6775888955,2016-04-25 01:00:00,0,77,1
6775888955,2016-04-25 02:00:00,0,77,2
6775888955,2016-04-25 03:00:00,0,77,3
6775888955,2016-04-25 04:00:00,0,77,4
6775888955,2016-04-25 05:00:00,0,77,5
6775888955,2016-04-25 06:00:00,0,77,6
6775888955,2016-04-25 07:00:00,0,77,7
6775888955,2016-04-25 08:00:00,0,77,8
6775888955,2016-04-25 09:00:00,1272,193,9
6775888955,2016-04-25 10:00:00,719,191,10
6775888955,2016-04-25 11:00:00,1008,181,11
6775888955,2016-04-25 12:00:00,2719,292,12
6775888955,2016-04-25 13:00:00,745,167,13
6775888955,2016-04-25 14:00:00,0,77,14
6775888955,2016-04-25 15:00:00,0,77,15
6775888955,2016-04-25 16:00:00,0,77,16
6775888955,2016-04-25 17:00:00,0,77,17
6775888955,2016-04-25 18:00:00,0,77,18
6775888955,2016-04-25 19:00:00,0,77,19
6775888955,2016-04-25 20:00:00,0,77,20
6775888955,2016-04-25 21:00:00,0,77,21
6775888955,2016-04-25 22:00:00,0,77,22
6775888955,2016-04-25 23:00:00,0,77,23
6775888955,2016-04-26 00:00:00,0,77,0
6775888955,2016-04-26 01:00:00,0,77,1
6775888955,2016-04-26 02:00:00,0,77,2
6775888955,2016-04-26 03:00:00,0,77,3
6775888955,2016-04-26 04:00:00,0,77,4
6775888955,2016-04-26 05:00:00,2127,273,5
6775888955,2016-04-26 06:00:00,3241,322,6
6775888955,2016-04-26 07:00:00,0,77,7
6775888955,2016-04-26 08:00:00,755,227,8
6775888955,2016-04-26 09:00:00,74,104,9
6775888955,2016-04-26 10:00:00,0,77,10
6775888955,2016-04-26 11:00:00,0,77,11
6775888955,2016-04-26 12:00:00,0,78,12
6775888955,2016-04-26 13:00:00,0,77,13
6775888955,2016-04-26 14:00:00,0,77,14
6775888955,2016-04-26 15:00:00,0,77,15
6775888955,2016-04-26 16:00:00,0,77,16
6775888955,2016-04-26 17:00:00,0,77,17
6775888955,2016-04-26 18:00:00,281,126,18
6775888955,2016-04-26 19:00:00,613,151,19
6775888955,2016-04-26 20:00:00,0,77,20
6775888955,2016-04-26 21:00:00,0,77,21
6775888955,2016-04-26 22:00:00,0,77,22
6775888955,2016-04-26 23:00:00,0,77,23
6775888955,2016-04-27 00:00:00,0,77,0
6775888955,2016-04-27 01:00:00,0,77,1
6775888955,2016-04-27 02:00:00,0,77,2
6775888955,2016-04-27 03:00:00,0,77,3
6775888955,2016-04-27 04:00:00,0,77,4
6775888955,2016-04-27 05:00:00,0,77,5
6775888955,2016-04-27 06:00:00,0,77,6
6775888955,2016-04-27 07:00:00,0,77,7
6775888955,2016-04-27 08:00:00,0,77,8
6775888955,2016-04-27 09:00:00,0,77,9
6775888955,2016-04-27 10:00:00,0,77,10
6775888955,2016-04-27 11:00:00,0,77,11
6775888955,2016-04-27 12:00:00,0,77,12
6775888955,2016-04-27 13:00:00,0,77,13
6775888955,2016-04-27 14:00:00,0,77,14
6775888955,2016-04-27 15:00:00,0,77,15
6775888955,2016-04-27 16:00:00,0,77,16
6775888955,2016-04-27 17:00:00,0,77,17
6775888955,2016-04-27 18:00:00,0,77,18
6775888955,2016-04-27 19:00:00,0,77,19
6775888955,2016-04-27 20:00:00,0,77,20
6775888955,2016-04-27 21:00:00,0,77,21
6775888955,2016-04-27 22:00:00,0,77,22
6775888955,2016-04-27 23:00:00,0,77,23
6775888955,2016-04-28 00:00:00,0,77,0
6775888955,2016-04-28 01:00:00,0,77,1
6775888955,2016-04-28 02:00:00,0,77,2
6775888955,2016-04-28 03:00:00,0,77,3
6775888955,2016-04-28 04:00:00,0,77,4
6775888955,2016-04-28 05:00:00,0,77,5
6775888955,2016-04-28 06:00:00,0,77,6
6775888955,2016-04-28 07:00:00,0,77,7
6775888955,2016-04-28 08:00:00,0,77,8
6775888955,2016-04-28 09:00:00,0,77,9
6775888955,2016-04-28 10:00:00,0,77,10
6775888955,2016-04-28 11:00:00,0,77,11
6775888955,2016-04-28 12:00:00,0,77,12
6775888955,2016-04-28 13:00:00,88,103,13
6775888955,2016-04-28 14:00:00,615,203,14
6775888955,2016-04-28 15:00:00,0,77,15
6775888955,2016-04-28 16:00:00,0,77,16
6775888955,2016-04-28 17:00:00,0,77,17
6775888955,2016-04-28 18:00:00,0,77,18
6775888955,2016-04-28 19:00:00,0,77,19
6775888955,2016-04-28 20:00:00,0,77,20
6775888955,2016-04-28 21:00:00,0,77,21
6775888955,2016-04-28 22:00:00,0,77,22
6775888955,2016-04-28 23:00:00,0,77,23
6775888955,2016-04-29 00:00:00,0,77,0
6775888955,2016-04-29 01:00:00,0,77,1
6775888955,2016-04-29 02:00:00,0,77,2
6775888955,2016-04-29 03:00:00,0,77,3
6775888955,2016-04-29 04:00:00,0,77,4
6775888955,2016-04-29 05:00:00,0,77,5
6775888955,2016-04-29 06:00:00,0,77,6
6775888955,2016-04-29 07:00:00,0,77,7
6775888955,2016-04-29 08:00:00,0,77,8
6775888955,2016-04-29 09:00:00,0,77,9
6775888955,2016-04-29 10:00:00,0,77,10
6775888955,2016-04-29 11:00:00,0,77,11
6775888955,2016-04-29 12:00:00,0,77,12
6775888955,2016-04-29 13:00:00,0,77,13
6775888955,2016-04-29 14:00:00,0,77,14
6775888955,2016-04-29 15:00:00,0,77,15
6775888955,2016-04-29 16:00:00,0,77,16
6775888955,2016-04-29 17:00:00,0,77,17
6775888955,2016-04-29 18:00:00,0,77,18
6775888955,2016-04-29 19:00:00,0,77,19
6775888955,2016-04-29 20:00:00,0,77,20
6775888955,2016-04-29 21:00:00,0,77,21
6775888955,2016-04-29 22:00:00,0,77,22
6775888955,2016-04-29 23:00:00,0,77,23
6775888955,2016-04-30 00:00:00,0,77,0
6775888955,2016-04-30 01:00:00,0,77,1
6775888955,2016-04-30 02:00:00,0,77,2
6775888955,2016-04-30 03:00:00,0,77,3
6775888955,2016-04-30 04:00:00,0,77,4
6775888955,2016-04-30 05:00:00,0,77,5
6775888955,2016-04-30 06:00:00,0,77,6
6775888955,2016-04-30 07:00:00,0,77,7
6775888955,2016-04-30 08:00:00,0,77,8
6775888955,2016-04-30 09:00:00,0,77,9
6775888955,2016-04-30 10:00:00,0,77,10
6775888955,2016-04-30 11:00:00,0,77,11
6775888955,2016-04-30 12:00:00,0,77,12
6775888955,2016-04-30 13:00:00,0,77,13
6775888955,2016-04-30 14:00:00,0,77,14
6775888955,2016-04-30 15:00:00,0,77,15
6775888955,2016-04-30 16:00:00,0,77,16
6775888955,2016-04-30 17:00:00,0,77,17
6775888955,2016-04-30 18:00:00,0,77,18
6775888955,2016-04-30 19:00:00,715,214,19
6775888955,2016-04-30 20:00:00,5,98,20
6775888955,2016-04-30 21:00:00,828,187,21
6775888955,2016-04-30 22:00:00,270,151,22
6775888955,2016-04-30 23:00:00,685,173,23
6775888955,2016-05-01 00:00:00,422,158,0
6775888955,2016-05-01 01:00:00,0,77,1
6775888955,2016-05-01 02:00:00,0,77,2
6775888955,2016-05-01 03:00:00,0,77,3
6775888955,2016-05-01 04:00:00,0,77,4
6775888955,2016-05-01 05:00:00,0,77,5
6775888955,2016-05-01 06:00:00,0,77,6
6775888955,2016-05-01 07:00:00,0,77,7
6775888955,2016-05-01 08:00:00,0,77,8
6775888955,2016-05-01 09:00:00,0,77,9
6775888955,2016-05-01 10:00:00,0,77,10
6775888955,2016-05-01 11:00:00,0,77,11
6775888955,2016-05-01 12:00:00,550,182,12
6775888955,2016-05-01 13:00:00,305,163,13
6775888955,2016-05-01 14:00:00,0,77,14
6775888955,2016-05-01 15:00:00,0,77,15
6775888955,2016-05-01 16:00:00,208,135,16
6775888955,2016-05-01 17:00:00,1002,224,17
6775888955,2016-05-01 18:00:00,0,77,18
6775888955,2016-05-01 19:00:00,0,77,19
6775888955,2016-05-01 20:00:00,0,77,20
6775888955,2016-05-01 21:00:00,0,77,21
6775888955,2016-05-01 22:00:00,0,77,22
6775888955,2016-05-01 23:00:00,0,77,23
6775888955,2016-05-02 00:00:00,0,77,0
6775888955,2016-05-02 01:00:00,0,77,1
6775888955,2016-05-02 02:00:00,0,77,2
6775888955,2016-05-02 03:00:00,0,77,3
6775888955,2016-05-02 04:00:00,0,77,4
6775888955,2016-05-02 05:00:00,0,77,5
6775888955,2016-05-02 06:00:00,0,77,6
6775888955,2016-05-02 07:00:00,0,77,7
6775888955,2016-05-02 08:00:00,0,77,8
6775888955,2016-05-02 09:00:00,0,77,9
6775888955,2016-05-02 10:00:00,0,77,10
6775888955,2016-05-02 11:00:00,0,77,11
6775888955,2016-05-02 12:00:00,0,77,12
6775888955,2016-05-02 13:00:00,0,77,13
6775888955,2016-05-02 14:00:00,0,77,14
6775888955,2016-05-02 15:00:00,0,77,15
6775888955,2016-05-02 16:00:00,0,77,16
6775888955,2016-05-02 17:00:00,0,77,17
6775888955,2016-05-02 18:00:00,0,77,18
6775888955,2016-05-02 19:00:00,0,77,19
6775888955,2016-05-02 20:00:00,0,77,20
6775888955,2016-05-02 21:00:00,0,77,21
6775888955,2016-05-02 22:00:00,0,77,22
6775888955,2016-05-02 23:00:00,0,77,23
6775888955,2016-05-03 00:00:00,0,77,0
6775888955,2016-05-03 01:00:00,0,77,1
6775888955,2016-05-03 02:00:00,0,77,2
6775888955,2016-05-03 03:00:00,0,77,3
6775888955,2016-05-03 04:00:00,0,77,4
6775888955,2016-05-03 05:00:00,0,77,5
6775888955,2016-05-03 06:00:00,0,77,6
6775888955,2016-05-03 07:00:00,0,77,7
6775888955,2016-05-03 08:00:00,0,77,8
6775888955,2016-05-03 09:00:00,0,77,9
6775888955,2016-05-03 10:00:00,0,77,10
6775888955,2016-05-03 11:00:00,0,77,11
6775888955,2016-05-03 12:00:00,0,77,12
6775888955,2016-05-03 13:00:00,0,77,13
6775888955,2016-05-03 14:00:00,0,77,14
6775888955,2016-05-03 15:00:00,0,77,15
6775888955,2016-05-03 16:00:00,0,77,16
6775888955,2016-05-03 17:00:00,0,77,17
6775888955,2016-05-03 18:00:00,0,77,18
6775888955,2016-05-03 19:00:00,0,77,19
6775888955,2016-05-03 20:00:00,0,77,20
6775888955,2016-05-03 21:00:00,0,77,21
6775888955,2016-05-03 22:00:00,9,79,22
6775888955,2016-05-03 23:00:00,0,77,23
6775888955,2016-05-04 00:00:00,0,77,0
6775888955,2016-05-04 01:00:00,0,77,1
6775888955,2016-05-04 02:00:00,0,77,2
6775888955,2016-05-04 03:00:00,0,77,3
6775888955,2016-05-04 04:00:00,0,77,4
6775888955,2016-05-04 05:00:00,0,77,5
6775888955,2016-05-04 06:00:00,0,77,6
6775888955,2016-05-04 07:00:00,0,77,7
6775888955,2016-05-04 08:00:00,0,77,8
6775888955,2016-05-04 09:00:00,0,77,9
6775888955,2016-05-04 10:00:00,0,77,10
6775888955,2016-05-04 11:00:00,0,77,11
6775888955,2016-05-04 12:00:00,0,77,12
6775888955,2016-05-04 13:00:00,0,77,13
6775888955,2016-05-04 14:00:00,0,77,14
6775888955,2016-05-04 15:00:00,0,77,15
6775888955,2016-05-04 16:00:00,0,77,16
6775888955,2016-05-04 17:00:00,0,77,17
6775888955,2016-05-04 18:00:00,0,77,18
6775888955,2016-05-04 19:00:00,0,77,19
6775888955,2016-05-04 20:00:00,0,77,20
6775888955,2016-05-04 21:00:00,0,77,21
6775888955,2016-05-04 22:00:00,0,77,22
6775888955,2016-05-04 23:00:00,0,77,23
6775888955,2016-05-05 00:00:00,0,77,0
6775888955,2016-05-05 01:00:00,0,77,1
6775888955,2016-05-05 02:00:00,0,77,2
6775888955,2016-05-05 03:00:00,0,77,3
6775888955,2016-05-05 04:00:00,0,77,4
6775888955,2016-05-05 05:00:00,0,77,5
6775888955,2016-05-05 06:00:00,0,77,6
6775888955,2016-05-05 07:00:00,0,77,7
6775888955,2016-05-05 08:00:00,0,77,8
6775888955,2016-05-05 09:00:00,0,77,9
6775888955,2016-05-05 10:00:00,0,77,10
6775888955,2016-05-05 11:00:00,0,77,11
6775888955,2016-05-05 12:00:00,0,77,12
6775888955,2016-05-05 13:00:00,0,77,13
6775888955,2016-05-05 14:00:00,0,77,14
6775888955,2016-05-05 15:00:00,0,77,15
6775888955,2016-05-05 16:00:00,0,77,16
6775888955,2016-05-05 17:00:00,0,77,17
6775888955,2016-05-05 18:00:00,0,77,18
6775888955,2016-05-05 19:00:00,0,77,19
6775888955,2016-05-05 20:00:00,0,77,20
6775888955,2016-05-05 21:00:00,0,77,21
6775888955,2016-05-05 22:00:00,0,77,22
6775888955,2016-05-05 23:00:00,0,77,23
6775888955,2016-05-06 00:00:00,0,77,0
6775888955,2016-05-06 01:00:00,0,77,1
6775888955,2016-05-06 02:00:00,0,77,2
6775888955,2016-05-06 03:00:00,0,77,3
6775888955,2016-05-06 04:00:00,0,77,4
6775888955,2016-05-06 05:00:00,0,77,5
6775888955,2016-05-06 06:00:00,0,77,6
6775888955,2016-05-06 07:00:00,0,77,7
6775888955,2016-05-06 08:00:00,0,77,8
6775888955,2016-05-06 09:00:00,0,77,9
6775888955,2016-05-06 10:00:00,0,77,10
6775888955,2016-05-06 11:00:00,0,77,11
6775888955,2016-05-06 12:00:00,0,77,12
6775888955,2016-05-06 13:00:00,0,77,13
6775888955,2016-05-06 14:00:00,0,77,14
6775888955,2016-05-06 15:00:00,0,77,15
6775888955,2016-05-06 16:00:00,0,77,16
6775888955,2016-05-06 17:00:00,0,77,17
6775888955,2016-05-06 18:00:00,614,184,18
6775888955,2016-05-06 19:00:00,338,154,19
6775888955,2016-05-06 20:00:00,596,210,20
6775888955,2016-05-06 21:00:00,1500,226,21
6775888955,2016-05-06 22:00:00,1021,178,22
6775888955,2016-05-06 23:00:00,573,163,23
6775888955,2016-05-07 00:00:00,557,133,0
6775888955,2016-05-07 01:00:00,0,77,1
6775888955,2016-05-07 02:00:00,0,77,2
6775888955,2016-05-07 03:00:00,0,77,3
6775888955,2016-05-07 04:00:00,0,77,4
6775888955,2016-05-07 05:00:00,0,77,5
6775888955,2016-05-07 06:00:00,0,77,6
6775888955,2016-05-07 07:00:00,585,143,7
6775888955,2016-05-07 08:00:00,738,183,8
6775888955,2016-05-07 09:00:00,12,92,9
6962181067,2016-04-12 00:00:00,32,58,0
6962181067,2016-04-12 01:00:00,0,55,1
6962181067,2016-04-12 02:00:00,0,55,2
6962181067,2016-04-12 03:00:00,0,55,3
6962181067,2016-04-12 04:00:00,0,55,4
6962181067,2016-04-12 05:00:00,0,55,5
6962181067,2016-04-12 06:00:00,21,59,6
6962181067,2016-04-12 07:00:00,412,95,7
6962181067,2016-04-12 08:00:00,156,75,8
6962181067,2016-04-12 09:00:00,2812,186,9
6962181067,2016-04-12 10:00:00,2477,201,10
6962181067,2016-04-12 11:00:00,431,92,11
6962181067,2016-04-12 12:00:00,128,69,12
6962181067,2016-04-12 13:00:00,26,59,13
6962181067,2016-04-12 14:00:00,76,65,14
6962181067,2016-04-12 15:00:00,214,71,15
6962181067,2016-04-12 16:00:00,382,91,16
6962181067,2016-04-12 17:00:00,333,93,17
6962181067,2016-04-12 18:00:00,936,122,18
6962181067,2016-04-12 19:00:00,1717,159,19
6962181067,2016-04-12 20:00:00,0,54,20
6962181067,2016-04-12 21:00:00,0,54,21
6962181067,2016-04-12 22:00:00,4,61,22
6962181067,2016-04-12 23:00:00,42,59,23
6962181067,2016-04-13 00:00:00,16,56,0
6962181067,2016-04-13 01:00:00,34,58,1
6962181067,2016-04-13 02:00:00,0,55,2
6962181067,2016-04-13 03:00:00,9,57,3
6962181067,2016-04-13 04:00:00,27,59,4
6962181067,2016-04-13 05:00:00,0,55,5
6962181067,2016-04-13 06:00:00,0,55,6
6962181067,2016-04-13 07:00:00,0,54,7
6962181067,2016-04-13 08:00:00,54,62,8
6962181067,2016-04-13 09:00:00,51,59,9
6962181067,2016-04-13 10:00:00,0,54,10
6962181067,2016-04-13 11:00:00,0,54,11
6962181067,2016-04-13 12:00:00,108,68,12
6962181067,2016-04-13 13:00:00,81,65,13
6962181067,2016-04-13 14:00:00,45,62,14
6962181067,2016-04-13 15:00:00,616,109,15
6962181067,2016-04-13 16:00:00,197,82,16
6962181067,2016-04-13 17:00:00,1754,153,17
6962181067,2016-04-13 18:00:00,1696,144,18
6962181067,2016-04-13 19:00:00,78,68,19
6962181067,2016-04-13 20:00:00,658,98,20
6962181067,2016-04-13 21:00:00,18,58,21
6962181067,2016-04-13 22:00:00,185,75,22
6962181067,2016-04-13 23:00:00,25,57,23
6962181067,2016-04-14 00:00:00,0,54,0
6962181067,2016-04-14 01:00:00,29,58,1
6962181067,2016-04-14 02:00:00,0,54,2
6962181067,2016-04-14 03:00:00,8,55,3
6962181067,2016-04-14 04:00:00,0,54,4
6962181067,2016-04-14 05:00:00,0,54,5
6962181067,2016-04-14 06:00:00,34,59,6
6962181067,2016-04-14 07:00:00,0,54,7
6962181067,2016-04-14 08:00:00,116,65,8
6962181067,2016-04-14 09:00:00,293,75,9
6962181067,2016-04-14 10:00:00,4,56,10
6962181067,2016-04-14 11:00:00,54,62,11
6962181067,2016-04-14 12:00:00,171,74,12
6962181067,2016-04-14 13:00:00,33,59,13
6962181067,2016-04-14 14:00:00,30,59,14
6962181067,2016-04-14 15:00:00,177,71,15
6962181067,2016-04-14 16:00:00,60,60,16
6962181067,2016-04-14 17:00:00,215,74,17
6962181067,2016-04-14 18:00:00,24,59,18
6962181067,2016-04-14 19:00:00,24,59,19
6962181067,2016-04-14 20:00:00,107,69,20
6962181067,2016-04-14 21:00:00,0,56,21
6962181067,2016-04-14 22:00:00,165,72,22
6962181067,2016-04-14 23:00:00,7,56,23
6962181067,2016-04-15 00:00:00,36,57,0
6962181067,2016-04-15 01:00:00,0,54,1
6962181067,2016-04-15 02:00:00,0,54,2
6962181067,2016-04-15 03:00:00,7,55,3
6962181067,2016-04-15 04:00:00,0,54,4
6962181067,2016-04-15 05:00:00,0,54,5
6962181067,2016-04-15 06:00:00,26,57,6
6962181067,2016-04-15 07:00:00,1158,133,7
6962181067,2016-04-15 08:00:00,551,116,8
6962181067,2016-04-15 09:00:00,1109,153,9
6962181067,2016-04-15 10:00:00,19,58,10
6962181067,2016-04-15 11:00:00,1151,127,11
6962181067,2016-04-15 12:00:00,444,85,12
6962181067,2016-04-15 13:00:00,0,55,13
6962181067,2016-04-15 14:00:00,207,70,14
6962181067,2016-04-15 15:00:00,43,60,15
6962181067,2016-04-15 16:00:00,0,56,16
6962181067,2016-04-15 17:00:00,82,65,17
6962181067,2016-04-15 18:00:00,557,101,18
6962181067,2016-04-15 19:00:00,41,61,19
6962181067,2016-04-15 20:00:00,61,60,20
6962181067,2016-04-15 21:00:00,0,54,21
6962181067,2016-04-15 22:00:00,47,60,22
6962181067,2016-04-15 23:00:00,24,56,23
6962181067,2016-04-16 00:00:00,6,56,0
6962181067,2016-04-16 01:00:00,22,58,1
6962181067,2016-04-16 02:00:00,0,54,2
6962181067,2016-04-16 03:00:00,6,55,3
6962181067,2016-04-16 04:00:00,0,54,4
6962181067,2016-04-16 05:00:00,0,54,5
6962181067,2016-04-16 06:00:00,0,54,6
6962181067,2016-04-16 07:00:00,79,64,7
6962181067,2016-04-16 08:00:00,902,132,8
6962181067,2016-04-16 09:00:00,5692,316,9
6962181067,2016-04-16 10:00:00,837,118,10
6962181067,2016-04-16 11:00:00,925,125,11
6962181067,2016-04-16 12:00:00,632,96,12
6962181067,2016-04-16 13:00:00,187,69,13
6962181067,2016-04-16 14:00:00,17,58,14
6962181067,2016-04-16 15:00:00,504,103,15
6962181067,2016-04-16 16:00:00,273,87,16
6962181067,2016-04-16 17:00:00,538,100,17
6962181067,2016-04-16 18:00:00,569,109,18
6962181067,2016-04-16 19:00:00,1274,144,19
6962181067,2016-04-16 20:00:00,635,90,20
6962181067,2016-04-16 21:00:00,0,55,21
6962181067,2016-04-16 22:00:00,72,60,22
6962181067,2016-04-16 23:00:00,47,60,23
6962181067,2016-04-17 00:00:00,5,55,0
6962181067,2016-04-17 01:00:00,0,54,1
6962181067,2016-04-17 02:00:00,30,58,2
6962181067,2016-04-17 03:00:00,0,54,3
6962181067,2016-04-17 04:00:00,0,54,4
6962181067,2016-04-17 05:00:00,0,54,5
6962181067,2016-04-17 06:00:00,0,54,6
6962181067,2016-04-17 07:00:00,201,74,7
6962181067,2016-04-17 08:00:00,1055,126,8
6962181067,2016-04-17 09:00:00,112,82,9
6962181067,2016-04-17 10:00:00,1095,114,10
6962181067,2016-04-17 11:00:00,353,86,11
6962181067,2016-04-17 12:00:00,1095,124,12
6962181067,2016-04-17 13:00:00,292,83,13
6962181067,2016-04-17 14:00:00,153,66,14
6962181067,2016-04-17 15:00:00,2012,170,15
6962181067,2016-04-17 16:00:00,1125,139,16
6962181067,2016-04-17 17:00:00,502,111,17
6962181067,2016-04-17 18:00:00,1035,122,18
6962181067,2016-04-17 19:00:00,1038,119,19
6962181067,2016-04-17 20:00:00,0,54,20
6962181067,2016-04-17 21:00:00,0,60,21
6962181067,2016-04-17 22:00:00,42,61,22
6962181067,2016-04-17 23:00:00,0,54,23
6962181067,2016-04-18 00:00:00,0,54,0
6962181067,2016-04-18 01:00:00,0,54,1
6962181067,2016-04-18 02:00:00,0,54,2
6962181067,2016-04-18 03:00:00,22,56,3
6962181067,2016-04-18 04:00:00,0,54,4
6962181067,2016-04-18 05:00:00,0,54,5
6962181067,2016-04-18 06:00:00,12,56,6
6962181067,2016-04-18 07:00:00,586,113,7
6962181067,2016-04-18 08:00:00,456,88,8
6962181067,2016-04-18 09:00:00,215,71,9
6962181067,2016-04-18 10:00:00,304,78,10
6962181067,2016-04-18 11:00:00,4988,287,11
6962181067,2016-04-18 12:00:00,1276,136,12
6962181067,2016-04-18 13:00:00,67,62,13
6962181067,2016-04-18 14:00:00,0,56,14
6962181067,2016-04-18 15:00:00,687,107,15
6962181067,2016-04-18 16:00:00,1162,140,16
6962181067,2016-04-18 17:00:00,696,106,17
6962181067,2016-04-18 18:00:00,278,89,18
6962181067,2016-04-18 19:00:00,602,95,19
6962181067,2016-04-18 20:00:00,0,54,20
6962181067,2016-04-18 21:00:00,0,54,21
6962181067,2016-04-18 22:00:00,48,67,22
6962181067,2016-04-18 23:00:00,5,55,23
6962181067,2016-04-19 00:00:00,6,55,0
6962181067,2016-04-19 01:00:00,0,54,1
6962181067,2016-04-19 02:00:00,23,57,2
6962181067,2016-04-19 03:00:00,0,54,3
6962181067,2016-04-19 04:00:00,0,55,4
6962181067,2016-04-19 05:00:00,0,54,5
6962181067,2016-04-19 06:00:00,0,54,6
6962181067,2016-04-19 07:00:00,0,54,7
6962181067,2016-04-19 08:00:00,659,113,8
6962181067,2016-04-19 09:00:00,1360,156,9
6962181067,2016-04-19 10:00:00,4083,255,10
6962181067,2016-04-19 11:00:00,94,69,11
6962181067,2016-04-19 12:00:00,45,59,12
6962181067,2016-04-19 13:00:00,258,78,13
6962181067,2016-04-19 14:00:00,40,62,14
6962181067,2016-04-19 15:00:00,921,132,15
6962181067,2016-04-19 16:00:00,1510,151,16
6962181067,2016-04-19 17:00:00,1284,147,17
6962181067,2016-04-19 18:00:00,170,76,18
6962181067,2016-04-19 19:00:00,143,73,19
6962181067,2016-04-19 20:00:00,87,66,20
6962181067,2016-04-19 21:00:00,22,58,21
6962181067,2016-04-19 22:00:00,6,56,22
6962181067,2016-04-19 23:00:00,31,58,23
6962181067,2016-04-20 00:00:00,0,54,0
6962181067,2016-04-20 01:00:00,0,54,1
6962181067,2016-04-20 02:00:00,0,54,2
6962181067,2016-04-20 03:00:00,0,54,3
6962181067,2016-04-20 04:00:00,0,54,4
6962181067,2016-04-20 05:00:00,0,54,5
6962181067,2016-04-20 06:00:00,0,54,6
6962181067,2016-04-20 07:00:00,625,112,7
6962181067,2016-04-20 08:00:00,735,108,8
6962181067,2016-04-20 09:00:00,3837,246,9
6962181067,2016-04-20 10:00:00,3089,193,10
6962181067,2016-04-20 11:00:00,693,111,11
6962181067,2016-04-20 12:00:00,2022,171,12
6962181067,2016-04-20 13:00:00,0,56,13
6962181067,2016-04-20 14:00:00,194,76,14
6962181067,2016-04-20 15:00:00,1397,133,15
6962181067,2016-04-20 16:00:00,4,56,16
6962181067,2016-04-20 17:00:00,254,77,17
6962181067,2016-04-20 18:00:00,411,96,18
6962181067,2016-04-20 19:00:00,65,68,19
6962181067,2016-04-20 20:00:00,525,117,20
6962181067,2016-04-20 21:00:00,14,59,21
6962181067,2016-04-20 22:00:00,51,60,22
6962181067,2016-04-20 23:00:00,12,57,23
6962181067,2016-04-21 00:00:00,0,54,0
6962181067,2016-04-21 01:00:00,0,54,1
6962181067,2016-04-21 02:00:00,0,54,2
6962181067,2016-04-21 03:00:00,0,54,3
6962181067,2016-04-21 04:00:00,0,54,4
6962181067,2016-04-21 05:00:00,4,55,5
6962181067,2016-04-21 06:00:00,0,54,6
6962181067,2016-04-21 07:00:00,815,122,7
6962181067,2016-04-21 08:00:00,240,87,8
6962181067,2016-04-21 09:00:00,1802,174,9
6962181067,2016-04-21 10:00:00,3120,256,10
6962181067,2016-04-21 11:00:00,667,116,11
6962181067,2016-04-21 12:00:00,3935,316,12
6962181067,2016-04-21 13:00:00,0,68,13
6962181067,2016-04-21 14:00:00,95,63,14
6962181067,2016-04-21 15:00:00,9,57,15
6962181067,2016-04-21 16:00:00,564,104,16
6962181067,2016-04-21 17:00:00,155,70,17
6962181067,2016-04-21 18:00:00,383,88,18
6962181067,2016-04-21 19:00:00,6,56,19
6962181067,2016-04-21 20:00:00,20,57,20
6962181067,2016-04-21 21:00:00,0,56,21
6962181067,2016-04-21 22:00:00,20,56,22
6962181067,2016-04-21 23:00:00,0,54,23
6962181067,2016-04-22 00:00:00,0,54,0
6962181067,2016-04-22 01:00:00,0,54,1
6962181067,2016-04-22 02:00:00,0,54,2
6962181067,2016-04-22 03:00:00,0,54,3
6962181067,2016-04-22 04:00:00,0,54,4
6962181067,2016-04-22 05:00:00,0,54,5
6962181067,2016-04-22 06:00:00,7,55,6
6962181067,2016-04-22 07:00:00,818,138,7
6962181067,2016-04-22 08:00:00,180,81,8
6962181067,2016-04-22 09:00:00,3301,239,9
6962181067,2016-04-22 10:00:00,755,93,10
6962181067,2016-04-22 11:00:00,788,117,11
6962181067,2016-04-22 12:00:00,2193,220,12
6962181067,2016-04-22 13:00:00,17,62,13
6962181067,2016-04-22 14:00:00,271,78,14
6962181067,2016-04-22 15:00:00,170,73,15
6962181067,2016-04-22 16:00:00,716,111,16
6962181067,2016-04-22 17:00:00,579,97,17
6962181067,2016-04-22 18:00:00,338,84,18
6962181067,2016-04-22 19:00:00,495,86,19
6962181067,2016-04-22 20:00:00,29,57,20
6962181067,2016-04-22 21:00:00,36,61,21
6962181067,2016-04-22 22:00:00,32,58,22
6962181067,2016-04-22 23:00:00,0,54,23
6962181067,2016-04-23 00:00:00,0,54,0
6962181067,2016-04-23 01:00:00,0,54,1
6962181067,2016-04-23 02:00:00,0,54,2
6962181067,2016-04-23 03:00:00,0,54,3
6962181067,2016-04-23 04:00:00,0,54,4
6962181067,2016-04-23 05:00:00,0,54,5
6962181067,2016-04-23 06:00:00,0,54,6
6962181067,2016-04-23 07:00:00,7,56,7
6962181067,2016-04-23 08:00:00,650,120,8
6962181067,2016-04-23 09:00:00,5890,349,9
6962181067,2016-04-23 10:00:00,292,98,10
6962181067,2016-04-23 11:00:00,189,75,11
6962181067,2016-04-23 12:00:00,445,94,12
6962181067,2016-04-23 13:00:00,250,81,13
6962181067,2016-04-23 14:00:00,1209,142,14
6962181067,2016-04-23 15:00:00,884,126,15
6962181067,2016-04-23 16:00:00,2124,178,16
6962181067,2016-04-23 17:00:00,3353,233,17
6962181067,2016-04-23 18:00:00,619,100,18
6962181067,2016-04-23 19:00:00,1858,162,19
6962181067,2016-04-23 20:00:00,790,113,20
6962181067,2016-04-23 21:00:00,713,105,21
6962181067,2016-04-23 22:00:00,87,65,22
6962181067,2016-04-23 23:00:00,671,97,23
6962181067,2016-04-24 00:00:00,0,54,0
6962181067,2016-04-24 01:00:00,0,54,1
6962181067,2016-04-24 02:00:00,0,54,2
6962181067,2016-04-24 03:00:00,0,54,3
6962181067,2016-04-24 04:00:00,0,54,4
6962181067,2016-04-24 05:00:00,0,54,5
6962181067,2016-04-24 06:00:00,0,54,6
6962181067,2016-04-24 07:00:00,9,55,7
6962181067,2016-04-24 08:00:00,22,57,8
6962181067,2016-04-24 09:00:00,572,102,9
6962181067,2016-04-24 10:00:00,614,102,10
6962181067,2016-04-24 11:00:00,372,86,11
6962181067,2016-04-24 12:00:00,546,96,12
6962181067,2016-04-24 13:00:00,135,66,13
6962181067,2016-04-24 14:00:00,42,61,14
6962181067,2016-04-24 15:00:00,4,55,15
6962181067,2016-04-24 16:00:00,869,107,16
6962181067,2016-04-24 17:00:00,621,102,17
6962181067,2016-04-24 18:00:00,378,95,18
6962181067,2016-04-24 19:00:00,225,81,19
6962181067,2016-04-24 20:00:00,300,79,20
6962181067,2016-04-24 21:00:00,219,67,21
6962181067,2016-04-24 22:00:00,101,62,22
6962181067,2016-04-24 23:00:00,0,54,23
6962181067,2016-04-25 00:00:00,0,54,0
6962181067,2016-04-25 01:00:00,0,54,1
6962181067,2016-04-25 02:00:00,0,54,2
6962181067,2016-04-25 03:00:00,0,54,3
6962181067,2016-04-25 04:00:00,11,56,4
6962181067,2016-04-25 05:00:00,0,54,5
6962181067,2016-04-25 06:00:00,0,54,6
6962181067,2016-04-25 07:00:00,1330,149,7
6962181067,2016-04-25 08:00:00,1225,147,8
6962181067,2016-04-25 09:00:00,868,130,9
6962181067,2016-04-25 10:00:00,3636,238,10
6962181067,2016-04-25 11:00:00,521,89,11
6962181067,2016-04-25 12:00:00,895,139,12
6962181067,2016-04-25 13:00:00,0,57,13
6962181067,2016-04-25 14:00:00,253,76,14
6962181067,2016-04-25 15:00:00,293,85,15
6962181067,2016-04-25 16:00:00,857,126,16
6962181067,2016-04-25 17:00:00,2818,190,17
6962181067,2016-04-25 18:00:00,285,83,18
6962181067,2016-04-25 19:00:00,130,70,19
6962181067,2016-04-25 20:00:00,14,57,20
6962181067,2016-04-25 21:00:00,8,57,21
6962181067,2016-04-25 22:00:00,95,66,22
6962181067,2016-04-25 23:00:00,0,54,23
6962181067,2016-04-26 00:00:00,0,54,0
6962181067,2016-04-26 01:00:00,7,55,1
6962181067,2016-04-26 02:00:00,0,54,2
6962181067,2016-04-26 03:00:00,0,54,3
6962181067,2016-04-26 04:00:00,0,54,4
6962181067,2016-04-26 05:00:00,0,54,5
6962181067,2016-04-26 06:00:00,188,69,6
6962181067,2016-04-26 07:00:00,514,106,7
6962181067,2016-04-26 08:00:00,429,93,8
6962181067,2016-04-26 09:00:00,501,102,9
6962181067,2016-04-26 10:00:00,665,113,10
6962181067,2016-04-26 11:00:00,832,125,11
6962181067,2016-04-26 12:00:00,5110,294,12
6962181067,2016-04-26 13:00:00,22,63,13
6962181067,2016-04-26 14:00:00,58,61,14
6962181067,2016-04-26 15:00:00,323,82,15
6962181067,2016-04-26 16:00:00,251,81,16
6962181067,2016-04-26 17:00:00,161,72,17
6962181067,2016-04-26 18:00:00,857,107,18
6962181067,2016-04-26 19:00:00,299,86,19
6962181067,2016-04-26 20:00:00,216,77,20
6962181067,2016-04-26 21:00:00,0,54,21
6962181067,2016-04-26 22:00:00,0,54,22
6962181067,2016-04-26 23:00:00,0,54,23
6962181067,2016-04-27 00:00:00,0,54,0
6962181067,2016-04-27 01:00:00,0,54,1
6962181067,2016-04-27 02:00:00,0,54,2
6962181067,2016-04-27 03:00:00,8,55,3
6962181067,2016-04-27 04:00:00,0,54,4
6962181067,2016-04-27 05:00:00,0,54,5
6962181067,2016-04-27 06:00:00,77,61,6
6962181067,2016-04-27 07:00:00,660,115,7
6962181067,2016-04-27 08:00:00,588,100,8
6962181067,2016-04-27 09:00:00,259,81,9
6962181067,2016-04-27 10:00:00,441,93,10
6962181067,2016-04-27 11:00:00,3081,209,11
6962181067,2016-04-27 12:00:00,371,87,12
6962181067,2016-04-27 13:00:00,23,58,13
6962181067,2016-04-27 14:00:00,71,62,14
6962181067,2016-04-27 15:00:00,0,56,15
6962181067,2016-04-27 16:00:00,816,120,16
6962181067,2016-04-27 17:00:00,620,109,17
6962181067,2016-04-27 18:00:00,799,135,18
6962181067,2016-04-27 19:00:00,1229,127,19
6962181067,2016-04-27 20:00:00,1106,112,20
6962181067,2016-04-27 21:00:00,50,65,21
6962181067,2016-04-27 22:00:00,6,55,22
6962181067,2016-04-27 23:00:00,115,66,23
6962181067,2016-04-28 00:00:00,0,54,0
6962181067,2016-04-28 01:00:00,4,55,1
6962181067,2016-04-28 02:00:00,38,57,2
6962181067,2016-04-28 03:00:00,0,54,3
6962181067,2016-04-28 04:00:00,0,54,4
6962181067,2016-04-28 05:00:00,0,54,5
6962181067,2016-04-28 06:00:00,0,54,6
6962181067,2016-04-28 07:00:00,0,54,7
6962181067,2016-04-28 08:00:00,632,110,8
6962181067,2016-04-28 09:00:00,901,123,9
6962181067,2016-04-28 10:00:00,775,106,10
6962181067,2016-04-28 11:00:00,1226,140,11
6962181067,2016-04-28 12:00:00,3769,274,12
6962181067,2016-04-28 13:00:00,1469,168,13
6962181067,2016-04-28 14:00:00,168,74,14
6962181067,2016-04-28 15:00:00,851,111,15
6962181067,2016-04-28 16:00:00,394,81,16
6962181067,2016-04-28 17:00:00,1313,147,17
6962181067,2016-04-28 18:00:00,410,90,18
6962181067,2016-04-28 19:00:00,543,95,19
6962181067,2016-04-28 20:00:00,134,68,20
6962181067,2016-04-28 21:00:00,0,54,21
6962181067,2016-04-28 22:00:00,0,54,22
6962181067,2016-04-28 23:00:00,0,54,23
6962181067,2016-04-29 00:00:00,0,54,0
6962181067,2016-04-29 01:00:00,0,54,1
6962181067,2016-04-29 02:00:00,0,54,2
6962181067,2016-04-29 03:00:00,0,54,3
6962181067,2016-04-29 04:00:00,0,54,4
6962181067,2016-04-29 05:00:00,0,54,5
6962181067,2016-04-29 06:00:00,82,62,6
6962181067,2016-04-29 07:00:00,582,110,7
6962181067,2016-04-29 08:00:00,649,112,8
6962181067,2016-04-29 09:00:00,1162,168,9
6962181067,2016-04-29 10:00:00,1345,232,10
6962181067,2016-04-29 11:00:00,697,107,11
6962181067,2016-04-29 12:00:00,2129,175,12
6962181067,2016-04-29 13:00:00,100,68,13
6962181067,2016-04-29 14:00:00,89,69,14
6962181067,2016-04-29 15:00:00,587,102,15
6962181067,2016-04-29 16:00:00,737,109,16
6962181067,2016-04-29 17:00:00,526,113,17
6962181067,2016-04-29 18:00:00,979,133,18
6962181067,2016-04-29 19:00:00,433,102,19
6962181067,2016-04-29 20:00:00,560,94,20
6962181067,2016-04-29 21:00:00,77,62,21
6962181067,2016-04-29 22:00:00,0,54,22
6962181067,2016-04-29 23:00:00,28,57,23
6962181067,2016-04-30 00:00:00,0,55,0
6962181067,2016-04-30 01:00:00,7,55,1
6962181067,2016-04-30 02:00:00,0,54,2
6962181067,2016-04-30 03:00:00,0,54,3
6962181067,2016-04-30 04:00:00,0,54,4
6962181067,2016-04-30 05:00:00,0,54,5
6962181067,2016-04-30 06:00:00,0,54,6
6962181067,2016-04-30 07:00:00,0,54,7
6962181067,2016-04-30 08:00:00,10,56,8
6962181067,2016-04-30 09:00:00,572,98,9
6962181067,2016-04-30 10:00:00,3293,222,10
6962181067,2016-04-30 11:00:00,736,125,11
6962181067,2016-04-30 12:00:00,613,111,12
6962181067,2016-04-30 13:00:00,824,124,13
6962181067,2016-04-30 14:00:00,676,107,14
6962181067,2016-04-30 15:00:00,271,85,15
6962181067,2016-04-30 16:00:00,0,56,16
6962181067,2016-04-30 17:00:00,407,95,17
6962181067,2016-04-30 18:00:00,686,115,18
6962181067,2016-04-30 19:00:00,384,85,19
6962181067,2016-04-30 20:00:00,1602,129,20
6962181067,2016-04-30 21:00:00,0,54,21
6962181067,2016-04-30 22:00:00,0,54,22
6962181067,2016-04-30 23:00:00,0,54,23
6962181067,2016-05-01 00:00:00,0,56,0
6962181067,2016-05-01 01:00:00,0,54,1
6962181067,2016-05-01 02:00:00,0,54,2
6962181067,2016-05-01 03:00:00,16,56,3
6962181067,2016-05-01 04:00:00,0,54,4
6962181067,2016-05-01 05:00:00,0,54,5
6962181067,2016-05-01 06:00:00,0,54,6
6962181067,2016-05-01 07:00:00,0,55,7
6962181067,2016-05-01 08:00:00,667,108,8
6962181067,2016-05-01 09:00:00,289,80,9
6962181067,2016-05-01 10:00:00,1647,144,10
6962181067,2016-05-01 11:00:00,295,76,11
6962181067,2016-05-01 12:00:00,205,82,12
6962181067,2016-05-01 13:00:00,139,78,13
6962181067,2016-05-01 14:00:00,181,77,14
6962181067,2016-05-01 15:00:00,163,69,15
6962181067,2016-05-01 16:00:00,25,59,16
6962181067,2016-05-01 17:00:00,468,96,17
6962181067,2016-05-01 18:00:00,544,106,18
6962181067,2016-05-01 19:00:00,740,103,19
6962181067,2016-05-01 20:00:00,31,58,20
6962181067,2016-05-01 21:00:00,40,58,21
6962181067,2016-05-01 22:00:00,4,56,22
6962181067,2016-05-01 23:00:00,0,54,23
6962181067,2016-05-02 00:00:00,0,54,0
6962181067,2016-05-02 01:00:00,6,55,1
6962181067,2016-05-02 02:00:00,0,54,2
6962181067,2016-05-02 03:00:00,0,54,3
6962181067,2016-05-02 04:00:00,29,57,4
6962181067,2016-05-02 05:00:00,0,54,5
6962181067,2016-05-02 06:00:00,68,61,6
6962181067,2016-05-02 07:00:00,1123,129,7
6962181067,2016-05-02 08:00:00,517,100,8
6962181067,2016-05-02 09:00:00,1469,136,9
6962181067,2016-05-02 10:00:00,752,93,10
6962181067,2016-05-02 11:00:00,528,99,11
6962181067,2016-05-02 12:00:00,1937,165,12
6962181067,2016-05-02 13:00:00,20,60,13
6962181067,2016-05-02 14:00:00,149,70,14
6962181067,2016-05-02 15:00:00,430,93,15
6962181067,2016-05-02 16:00:00,737,111,16
6962181067,2016-05-02 17:00:00,1006,128,17
6962181067,2016-05-02 18:00:00,1385,143,18
6962181067,2016-05-02 19:00:00,2368,187,19
6962181067,2016-05-02 20:00:00,50,60,20
6962181067,2016-05-02 21:00:00,44,60,21
6962181067,2016-05-02 22:00:00,178,73,22
6962181067,2016-05-02 23:00:00,116,65,23
6962181067,2016-05-03 00:00:00,0,54,0
6962181067,2016-05-03 01:00:00,28,57,1
6962181067,2016-05-03 02:00:00,0,54,2
6962181067,2016-05-03 03:00:00,0,54,3
6962181067,2016-05-03 04:00:00,67,59,4
6962181067,2016-05-03 05:00:00,0,54,5
6962181067,2016-05-03 06:00:00,6,55,6
6962181067,2016-05-03 07:00:00,1058,132,7
6962181067,2016-05-03 08:00:00,1083,132,8
6962181067,2016-05-03 09:00:00,111,65,9
6962181067,2016-05-03 10:00:00,1181,110,10
6962181067,2016-05-03 11:00:00,1729,150,11
6962181067,2016-05-03 12:00:00,3053,208,12
6962181067,2016-05-03 13:00:00,1702,136,13
6962181067,2016-05-03 14:00:00,213,71,14
6962181067,2016-05-03 15:00:00,577,112,15
6962181067,2016-05-03 16:00:00,391,86,16
6962181067,2016-05-03 17:00:00,88,68,17
6962181067,2016-05-03 18:00:00,306,85,18
6962181067,2016-05-03 19:00:00,121,72,19
6962181067,2016-05-03 20:00:00,308,83,20
6962181067,2016-05-03 21:00:00,74,66,21
6962181067,2016-05-03 22:00:00,13,57,22
6962181067,2016-05-03 23:00:00,0,54,23
6962181067,2016-05-04 00:00:00,0,54,0
6962181067,2016-05-04 01:00:00,23,56,1
6962181067,2016-05-04 02:00:00,10,55,2
6962181067,2016-05-04 03:00:00,0,54,3
6962181067,2016-05-04 04:00:00,9,55,4
6962181067,2016-05-04 05:00:00,0,54,5
6962181067,2016-05-04 06:00:00,58,60,6
6962181067,2016-05-04 07:00:00,628,110,7
6962181067,2016-05-04 08:00:00,710,107,8
6962181067,2016-05-04 09:00:00,1066,151,9
6962181067,2016-05-04 10:00:00,1809,193,10
6962181067,2016-05-04 11:00:00,1621,146,11
6962181067,2016-05-04 12:00:00,455,86,12
6962181067,2016-05-04 13:00:00,0,55,13
6962181067,2016-05-04 14:00:00,61,65,14
6962181067,2016-05-04 15:00:00,294,85,15
6962181067,2016-05-04 16:00:00,308,78,16
6962181067,2016-05-04 17:00:00,521,113,17
6962181067,2016-05-04 18:00:00,731,105,18
6962181067,2016-05-04 19:00:00,1094,134,19
6962181067,2016-05-04 20:00:00,602,92,20
6962181067,2016-05-04 21:00:00,0,59,21
6962181067,2016-05-04 22:00:00,91,61,22
6962181067,2016-05-04 23:00:00,56,58,23
6962181067,2016-05-05 00:00:00,0,54,0
6962181067,2016-05-05 01:00:00,10,56,1
6962181067,2016-05-05 02:00:00,0,54,2
6962181067,2016-05-05 03:00:00,0,54,3
6962181067,2016-05-05 04:00:00,0,54,4
6962181067,2016-05-05 05:00:00,0,54,5
6962181067,2016-05-05 06:00:00,33,57,6
6962181067,2016-05-05 07:00:00,7,55,7
6962181067,2016-05-05 08:00:00,817,121,8
6962181067,2016-05-05 09:00:00,663,123,9
6962181067,2016-05-05 10:00:00,730,109,10
6962181067,2016-05-05 11:00:00,606,105,11
6962181067,2016-05-05 12:00:00,769,123,12
6962181067,2016-05-05 13:00:00,16,59,13
6962181067,2016-05-05 14:00:00,157,72,14
6962181067,2016-05-05 15:00:00,446,93,15
6962181067,2016-05-05 16:00:00,727,113,16
6962181067,2016-05-05 17:00:00,731,110,17
6962181067,2016-05-05 18:00:00,819,113,18
6962181067,2016-05-05 19:00:00,3673,242,19
6962181067,2016-05-05 20:00:00,320,83,20
6962181067,2016-05-05 21:00:00,0,54,21
6962181067,2016-05-05 22:00:00,0,54,22
6962181067,2016-05-05 23:00:00,0,54,23
6962181067,2016-05-06 00:00:00,7,55,0
6962181067,2016-05-06 01:00:00,0,54,1
6962181067,2016-05-06 02:00:00,0,54,2
6962181067,2016-05-06 03:00:00,0,54,3
6962181067,2016-05-06 04:00:00,0,54,4
6962181067,2016-05-06 05:00:00,0,54,5
6962181067,2016-05-06 06:00:00,0,54,6
6962181067,2016-05-06 07:00:00,493,101,7
6962181067,2016-05-06 08:00:00,897,121,8
6962181067,2016-05-06 09:00:00,422,93,9
6962181067,2016-05-06 10:00:00,58,67,10
6962181067,2016-05-06 11:00:00,145,72,11
6962181067,2016-05-06 12:00:00,297,82,12
6962181067,2016-05-06 13:00:00,252,74,13
6962181067,2016-05-06 14:00:00,93,70,14
6962181067,2016-05-06 15:00:00,7,57,15
6962181067,2016-05-06 16:00:00,258,87,16
6962181067,2016-05-06 17:00:00,417,90,17
6962181067,2016-05-06 18:00:00,682,106,18
6962181067,2016-05-06 19:00:00,67,61,19
6962181067,2016-05-06 20:00:00,587,105,20
6962181067,2016-05-06 21:00:00,480,95,21
6962181067,2016-05-06 22:00:00,584,113,22
6962181067,2016-05-06 23:00:00,162,77,23
6962181067,2016-05-07 00:00:00,13,59,0
6962181067,2016-05-07 01:00:00,175,76,1
6962181067,2016-05-07 02:00:00,285,85,2
6962181067,2016-05-07 03:00:00,75,62,3
6962181067,2016-05-07 04:00:00,56,59,4
6962181067,2016-05-07 05:00:00,0,54,5
6962181067,2016-05-07 06:00:00,101,60,6
6962181067,2016-05-07 07:00:00,0,54,7
6962181067,2016-05-07 08:00:00,49,60,8
6962181067,2016-05-07 09:00:00,573,121,9
6962181067,2016-05-07 10:00:00,153,73,10
6962181067,2016-05-07 11:00:00,763,118,11
6962181067,2016-05-07 12:00:00,125,74,12
6962181067,2016-05-07 13:00:00,462,96,13
6962181067,2016-05-07 14:00:00,264,80,14
6962181067,2016-05-07 15:00:00,0,54,15
6962181067,2016-05-07 16:00:00,387,94,16
6962181067,2016-05-07 17:00:00,318,81,17
6962181067,2016-05-07 18:00:00,681,114,18
6962181067,2016-05-07 19:00:00,1026,139,19
6962181067,2016-05-07 20:00:00,502,104,20
6962181067,2016-05-07 21:00:00,294,73,21
6962181067,2016-05-07 22:00:00,319,85,22
6962181067,2016-05-07 23:00:00,194,72,23
6962181067,2016-05-08 00:00:00,0,55,0
6962181067,2016-05-08 01:00:00,0,54,1
6962181067,2016-05-08 02:00:00,0,54,2
6962181067,2016-05-08 03:00:00,0,54,3
6962181067,2016-05-08 04:00:00,87,61,4
6962181067,2016-05-08 05:00:00,4,55,5
6962181067,2016-05-08 06:00:00,0,54,6
6962181067,2016-05-08 07:00:00,0,54,7
6962181067,2016-05-08 08:00:00,5,55,8
6962181067,2016-05-08 09:00:00,48,62,9
6962181067,2016-05-08 10:00:00,771,113,10
6962181067,2016-05-08 11:00:00,569,105,11
6962181067,2016-05-08 12:00:00,429,92,12
6962181067,2016-05-08 13:00:00,53,65,13
6962181067,2016-05-08 14:00:00,106,73,14
6962181067,2016-05-08 15:00:00,196,75,15
6962181067,2016-05-08 16:00:00,1465,157,16
6962181067,2016-05-08 17:00:00,396,90,17
6962181067,2016-05-08 18:00:00,36,58,18
6962181067,2016-05-08 19:00:00,0,54,19
6962181067,2016-05-08 20:00:00,0,54,20
6962181067,2016-05-08 21:00:00,0,54,21
6962181067,2016-05-08 22:00:00,0,55,22
6962181067,2016-05-08 23:00:00,23,57,23
6962181067,2016-05-09 00:00:00,0,54,0
6962181067,2016-05-09 01:00:00,0,55,1
6962181067,2016-05-09 02:00:00,0,54,2
6962181067,2016-05-09 03:00:00,0,55,3
6962181067,2016-05-09 04:00:00,0,54,4
6962181067,2016-05-09 05:00:00,0,54,5
6962181067,2016-05-09 06:00:00,0,55,6
6962181067,2016-05-09 07:00:00,15,56,7
6962181067,2016-05-09 08:00:00,886,120,8
6962181067,2016-05-09 09:00:00,1322,144,9
6962181067,2016-05-09 10:00:00,4203,266,10
6962181067,2016-05-09 11:00:00,690,113,11
6962181067,2016-05-09 12:00:00,383,90,12
6962181067,2016-05-09 13:00:00,106,64,13
6962181067,2016-05-09 14:00:00,169,73,14
6962181067,2016-05-09 15:00:00,14,59,15
6962181067,2016-05-09 16:00:00,116,70,16
6962181067,2016-05-09 17:00:00,890,147,17
6962181067,2016-05-09 18:00:00,100,68,18
6962181067,2016-05-09 19:00:00,3269,211,19
6962181067,2016-05-09 20:00:00,52,65,20
6962181067,2016-05-09 21:00:00,52,62,21
6962181067,2016-05-09 22:00:00,75,62,22
6962181067,2016-05-09 23:00:00,0,54,23
6962181067,2016-05-10 00:00:00,35,57,0
6962181067,2016-05-10 01:00:00,11,56,1
6962181067,2016-05-10 02:00:00,6,55,2
6962181067,2016-05-10 03:00:00,0,54,3
6962181067,2016-05-10 04:00:00,0,54,4
6962181067,2016-05-10 05:00:00,0,54,5
6962181067,2016-05-10 06:00:00,36,58,6
6962181067,2016-05-10 07:00:00,2175,198,7
6962181067,2016-05-10 08:00:00,445,100,8
6962181067,2016-05-10 09:00:00,2491,212,9
6962181067,2016-05-10 10:00:00,4269,310,10
6962181067,2016-05-10 11:00:00,888,124,11
6962181067,2016-05-10 12:00:00,129,69,12
6962181067,2016-05-10 13:00:00,17,60,13
6962181067,2016-05-10 14:00:00,122,66,14
6962181067,2016-05-10 15:00:00,250,79,15
6962181067,2016-05-10 16:00:00,1460,160,16
6962181067,2016-05-10 17:00:00,1740,146,17
6962181067,2016-05-10 18:00:00,750,119,18
6962181067,2016-05-10 19:00:00,532,104,19
6962181067,2016-05-10 20:00:00,0,54,20
6962181067,2016-05-10 21:00:00,13,57,21
6962181067,2016-05-10 22:00:00,72,59,22
6962181067,2016-05-10 23:00:00,7,56,23
6962181067,2016-05-11 00:00:00,0,54,0
6962181067,2016-05-11 01:00:00,0,54,1
6962181067,2016-05-11 02:00:00,0,54,2
6962181067,2016-05-11 03:00:00,0,54,3
6962181067,2016-05-11 04:00:00,0,54,4
6962181067,2016-05-11 05:00:00,22,57,5
6962181067,2016-05-11 06:00:00,0,54,6
6962181067,2016-05-11 07:00:00,50,60,7
6962181067,2016-05-11 08:00:00,713,125,8
6962181067,2016-05-11 09:00:00,2873,230,9
6962181067,2016-05-11 10:00:00,481,100,10
6962181067,2016-05-11 11:00:00,403,85,11
6962181067,2016-05-11 12:00:00,394,96,12
6962181067,2016-05-11 13:00:00,0,56,13
6962181067,2016-05-11 14:00:00,31,59,14
6962181067,2016-05-11 15:00:00,421,87,15
6962181067,2016-05-11 16:00:00,440,94,16
6962181067,2016-05-11 17:00:00,152,73,17
6962181067,2016-05-11 18:00:00,79,63,18
6962181067,2016-05-11 19:00:00,265,73,19
6962181067,2016-05-11 20:00:00,134,76,20
6962181067,2016-05-11 21:00:00,156,74,21
6962181067,2016-05-11 22:00:00,99,67,22
6962181067,2016-05-11 23:00:00,9,56,23
6962181067,2016-05-12 00:00:00,0,54,0
6962181067,2016-05-12 01:00:00,41,57,1
6962181067,2016-05-12 02:00:00,0,54,2
6962181067,2016-05-12 03:00:00,0,54,3
6962181067,2016-05-12 04:00:00,0,55,4
6962181067,2016-05-12 05:00:00,0,54,5
6962181067,2016-05-12 06:00:00,0,54,6
6962181067,2016-05-12 07:00:00,0,54,7
6962181067,2016-05-12 08:00:00,644,112,8
6962181067,2016-05-12 09:00:00,585,116,9
6962181067,2016-05-12 10:00:00,1599,149,10
6962181067,2016-05-12 11:00:00,700,112,11
7007744171,2016-04-12 00:00:00,0,65,0
7007744171,2016-04-12 01:00:00,0,65,1
7007744171,2016-04-12 02:00:00,0,65,2
7007744171,2016-04-12 03:00:00,0,65,3
7007744171,2016-04-12 04:00:00,0,65,4
7007744171,2016-04-12 05:00:00,0,65,5
7007744171,2016-04-12 06:00:00,881,154,6
7007744171,2016-04-12 07:00:00,3855,292,7
7007744171,2016-04-12 08:00:00,3383,300,8
7007744171,2016-04-12 09:00:00,706,159,9
7007744171,2016-04-12 10:00:00,972,175,10
7007744171,2016-04-12 11:00:00,491,175,11
7007744171,2016-04-12 12:00:00,153,115,12
7007744171,2016-04-12 13:00:00,375,118,13
7007744171,2016-04-12 14:00:00,123,93,14
7007744171,2016-04-12 15:00:00,397,131,15
7007744171,2016-04-12 16:00:00,1363,217,16
7007744171,2016-04-12 17:00:00,914,146,17
7007744171,2016-04-12 18:00:00,268,109,18
7007744171,2016-04-12 19:00:00,291,106,19
7007744171,2016-04-12 20:00:00,0,65,20
7007744171,2016-04-12 21:00:00,0,65,21
7007744171,2016-04-12 22:00:00,0,65,22
7007744171,2016-04-12 23:00:00,0,65,23
7007744171,2016-04-13 00:00:00,0,65,0
7007744171,2016-04-13 01:00:00,0,65,1
7007744171,2016-04-13 02:00:00,0,65,2
7007744171,2016-04-13 03:00:00,0,65,3
7007744171,2016-04-13 04:00:00,0,65,4
7007744171,2016-04-13 05:00:00,7,67,5
7007744171,2016-04-13 06:00:00,1329,171,6
7007744171,2016-04-13 07:00:00,448,123,7
7007744171,2016-04-13 08:00:00,5806,426,8
7007744171,2016-04-13 09:00:00,1169,232,9
7007744171,2016-04-13 10:00:00,281,100,10
7007744171,2016-04-13 11:00:00,693,147,11
7007744171,2016-04-13 12:00:00,332,108,12
7007744171,2016-04-13 13:00:00,283,104,13
7007744171,2016-04-13 14:00:00,163,94,14
7007744171,2016-04-13 15:00:00,352,110,15
7007744171,2016-04-13 16:00:00,1391,179,16
7007744171,2016-04-13 17:00:00,229,110,17
7007744171,2016-04-13 18:00:00,233,96,18
7007744171,2016-04-13 19:00:00,89,84,19
7007744171,2016-04-13 20:00:00,57,73,20
7007744171,2016-04-13 21:00:00,0,65,21
7007744171,2016-04-13 22:00:00,0,65,22
7007744171,2016-04-13 23:00:00,0,65,23
7007744171,2016-04-14 00:00:00,0,65,0
7007744171,2016-04-14 01:00:00,0,65,1
7007744171,2016-04-14 02:00:00,0,65,2
7007744171,2016-04-14 03:00:00,0,65,3
7007744171,2016-04-14 04:00:00,0,65,4
7007744171,2016-04-14 05:00:00,0,65,5
7007744171,2016-04-14 06:00:00,1349,178,6
7007744171,2016-04-14 07:00:00,427,110,7
7007744171,2016-04-14 08:00:00,4014,317,8
7007744171,2016-04-14 09:00:00,627,144,9
7007744171,2016-04-14 10:00:00,93,83,10
7007744171,2016-04-14 11:00:00,772,146,11
7007744171,2016-04-14 12:00:00,364,124,12
7007744171,2016-04-14 13:00:00,25,78,13
7007744171,2016-04-14 14:00:00,24,78,14
7007744171,2016-04-14 15:00:00,366,128,15
7007744171,2016-04-14 16:00:00,276,109,16
7007744171,2016-04-14 17:00:00,157,90,17
7007744171,2016-04-14 18:00:00,952,165,18
7007744171,2016-04-14 19:00:00,1452,219,19
7007744171,2016-04-14 20:00:00,238,111,20
7007744171,2016-04-14 21:00:00,43,70,21
7007744171,2016-04-14 22:00:00,0,65,22
7007744171,2016-04-14 23:00:00,0,65,23
7007744171,2016-04-15 00:00:00,0,65,0
7007744171,2016-04-15 01:00:00,0,65,1
7007744171,2016-04-15 02:00:00,0,65,2
7007744171,2016-04-15 03:00:00,0,65,3
7007744171,2016-04-15 04:00:00,0,65,4
7007744171,2016-04-15 05:00:00,0,65,5
7007744171,2016-04-15 06:00:00,934,143,6
7007744171,2016-04-15 07:00:00,832,142,7
7007744171,2016-04-15 08:00:00,832,148,8
7007744171,2016-04-15 09:00:00,342,100,9
7007744171,2016-04-15 10:00:00,741,122,10
7007744171,2016-04-15 11:00:00,634,130,11
7007744171,2016-04-15 12:00:00,319,113,12
7007744171,2016-04-15 13:00:00,43,82,13
7007744171,2016-04-15 14:00:00,24,71,14
7007744171,2016-04-15 15:00:00,105,85,15
7007744171,2016-04-15 16:00:00,168,83,16
7007744171,2016-04-15 17:00:00,270,98,17
7007744171,2016-04-15 18:00:00,29,67,18
7007744171,2016-04-15 19:00:00,0,65,19
7007744171,2016-04-15 20:00:00,0,65,20
7007744171,2016-04-15 21:00:00,0,65,21
7007744171,2016-04-15 22:00:00,0,65,22
7007744171,2016-04-15 23:00:00,0,65,23
7007744171,2016-04-16 00:00:00,0,65,0
7007744171,2016-04-16 01:00:00,0,65,1
7007744171,2016-04-16 02:00:00,0,65,2
7007744171,2016-04-16 03:00:00,0,65,3
7007744171,2016-04-16 04:00:00,0,65,4
7007744171,2016-04-16 05:00:00,0,65,5
7007744171,2016-04-16 06:00:00,70,70,6
7007744171,2016-04-16 07:00:00,662,135,7
7007744171,2016-04-16 08:00:00,107,85,8
7007744171,2016-04-16 09:00:00,350,98,9
7007744171,2016-04-16 10:00:00,196,86,10
7007744171,2016-04-16 11:00:00,254,96,11
7007744171,2016-04-16 12:00:00,67,76,12
7007744171,2016-04-16 13:00:00,165,87,13
7007744171,2016-04-16 14:00:00,0,65,14
7007744171,2016-04-16 15:00:00,164,85,15
7007744171,2016-04-16 16:00:00,590,126,16
7007744171,2016-04-16 17:00:00,833,149,17
7007744171,2016-04-16 18:00:00,592,129,18
7007744171,2016-04-16 19:00:00,325,108,19
7007744171,2016-04-16 20:00:00,231,90,20
7007744171,2016-04-16 21:00:00,25,72,21
7007744171,2016-04-16 22:00:00,0,65,22
7007744171,2016-04-16 23:00:00,0,65,23
7007744171,2016-04-17 00:00:00,0,65,0
7007744171,2016-04-17 01:00:00,0,65,1
7007744171,2016-04-17 02:00:00,0,65,2
7007744171,2016-04-17 03:00:00,0,65,3
7007744171,2016-04-17 04:00:00,0,65,4
7007744171,2016-04-17 05:00:00,0,65,5
7007744171,2016-04-17 06:00:00,422,99,6
7007744171,2016-04-17 07:00:00,1818,205,7
7007744171,2016-04-17 08:00:00,850,162,8
7007744171,2016-04-17 09:00:00,1575,207,9
7007744171,2016-04-17 10:00:00,618,131,10
7007744171,2016-04-17 11:00:00,343,106,11
7007744171,2016-04-17 12:00:00,112,82,12
7007744171,2016-04-17 13:00:00,224,92,13
7007744171,2016-04-17 14:00:00,0,65,14
7007744171,2016-04-17 15:00:00,188,92,15
7007744171,2016-04-17 16:00:00,608,139,16
7007744171,2016-04-17 17:00:00,476,118,17
7007744171,2016-04-17 18:00:00,410,119,18
7007744171,2016-04-17 19:00:00,336,107,19
7007744171,2016-04-17 20:00:00,79,74,20
7007744171,2016-04-17 21:00:00,0,65,21
7007744171,2016-04-17 22:00:00,0,65,22
7007744171,2016-04-17 23:00:00,0,65,23
7007744171,2016-04-18 00:00:00,0,65,0
7007744171,2016-04-18 01:00:00,0,65,1
7007744171,2016-04-18 02:00:00,0,65,2
7007744171,2016-04-18 03:00:00,0,65,3
7007744171,2016-04-18 04:00:00,0,65,4
7007744171,2016-04-18 05:00:00,0,65,5
7007744171,2016-04-18 06:00:00,885,154,6
7007744171,2016-04-18 07:00:00,477,119,7
7007744171,2016-04-18 08:00:00,5974,389,8
7007744171,2016-04-18 09:00:00,1536,229,9
7007744171,2016-04-18 10:00:00,2724,279,10
7007744171,2016-04-18 11:00:00,261,105,11
7007744171,2016-04-18 12:00:00,215,98,12
7007744171,2016-04-18 13:00:00,147,87,13
7007744171,2016-04-18 14:00:00,234,100,14
7007744171,2016-04-18 15:00:00,832,160,15
7007744171,2016-04-18 16:00:00,1002,154,16
7007744171,2016-04-18 17:00:00,91,88,17
7007744171,2016-04-18 18:00:00,17,77,18
7007744171,2016-04-18 19:00:00,291,106,19
7007744171,2016-04-18 20:00:00,47,85,20
7007744171,2016-04-18 21:00:00,44,78,21
7007744171,2016-04-18 22:00:00,39,71,22
7007744171,2016-04-18 23:00:00,0,65,23
7007744171,2016-04-19 00:00:00,0,65,0
7007744171,2016-04-19 01:00:00,0,65,1
7007744171,2016-04-19 02:00:00,0,65,2
7007744171,2016-04-19 03:00:00,0,65,3
7007744171,2016-04-19 04:00:00,0,65,4
7007744171,2016-04-19 05:00:00,0,65,5
7007744171,2016-04-19 06:00:00,493,119,6
7007744171,2016-04-19 07:00:00,2076,226,7
7007744171,2016-04-19 08:00:00,5287,376,8
7007744171,2016-04-19 09:00:00,823,167,9
7007744171,2016-04-19 10:00:00,526,126,10
7007744171,2016-04-19 11:00:00,601,137,11
7007744171,2016-04-19 12:00:00,186,92,12
7007744171,2016-04-19 13:00:00,0,70,13
7007744171,2016-04-19 14:00:00,187,102,14
7007744171,2016-04-19 15:00:00,310,113,15
7007744171,2016-04-19 16:00:00,301,116,16
7007744171,2016-04-19 17:00:00,1127,176,17
7007744171,2016-04-19 18:00:00,678,149,18
7007744171,2016-04-19 19:00:00,1396,167,19
7007744171,2016-04-19 20:00:00,171,88,20
7007744171,2016-04-19 21:00:00,32,68,21
7007744171,2016-04-19 22:00:00,0,65,22
7007744171,2016-04-19 23:00:00,0,65,23
7007744171,2016-04-20 00:00:00,0,65,0
7007744171,2016-04-20 01:00:00,0,65,1
7007744171,2016-04-20 02:00:00,0,65,2
7007744171,2016-04-20 03:00:00,0,65,3
7007744171,2016-04-20 04:00:00,0,65,4
7007744171,2016-04-20 05:00:00,0,65,5
7007744171,2016-04-20 06:00:00,819,142,6
7007744171,2016-04-20 07:00:00,591,124,7
7007744171,2016-04-20 08:00:00,6017,493,8
7007744171,2016-04-20 09:00:00,1066,261,9
7007744171,2016-04-20 10:00:00,77,79,10
7007744171,2016-04-20 11:00:00,707,140,11
7007744171,2016-04-20 12:00:00,473,122,12
7007744171,2016-04-20 13:00:00,885,134,13
7007744171,2016-04-20 14:00:00,502,136,14
7007744171,2016-04-20 15:00:00,101,75,15
7007744171,2016-04-20 16:00:00,435,130,16
7007744171,2016-04-20 17:00:00,434,137,17
7007744171,2016-04-20 18:00:00,1025,190,18
7007744171,2016-04-20 19:00:00,1301,196,19
7007744171,2016-04-20 20:00:00,1133,154,20
7007744171,2016-04-20 21:00:00,0,65,21
7007744171,2016-04-20 22:00:00,0,65,22
7007744171,2016-04-20 23:00:00,0,65,23
7007744171,2016-04-21 00:00:00,0,65,0
7007744171,2016-04-21 01:00:00,0,65,1
7007744171,2016-04-21 02:00:00,0,65,2
7007744171,2016-04-21 03:00:00,0,65,3
7007744171,2016-04-21 04:00:00,0,65,4
7007744171,2016-04-21 05:00:00,0,65,5
7007744171,2016-04-21 06:00:00,1097,166,6
7007744171,2016-04-21 07:00:00,701,136,7
7007744171,2016-04-21 08:00:00,5377,361,8
7007744171,2016-04-21 09:00:00,1512,233,9
7007744171,2016-04-21 10:00:00,915,142,10
7007744171,2016-04-21 11:00:00,187,97,11
7007744171,2016-04-21 12:00:00,364,115,12
7007744171,2016-04-21 13:00:00,1038,181,13
7007744171,2016-04-21 14:00:00,413,120,14
7007744171,2016-04-21 15:00:00,570,111,15
7007744171,2016-04-21 16:00:00,555,137,16
7007744171,2016-04-21 17:00:00,411,108,17
7007744171,2016-04-21 18:00:00,252,95,18
7007744171,2016-04-21 19:00:00,246,95,19
7007744171,2016-04-21 20:00:00,36,74,20
7007744171,2016-04-21 21:00:00,70,74,21
7007744171,2016-04-21 22:00:00,0,65,22
7007744171,2016-04-21 23:00:00,0,65,23
7007744171,2016-04-22 00:00:00,0,65,0
7007744171,2016-04-22 01:00:00,0,65,1
7007744171,2016-04-22 02:00:00,0,65,2
7007744171,2016-04-22 03:00:00,0,65,3
7007744171,2016-04-22 04:00:00,0,65,4
7007744171,2016-04-22 05:00:00,0,65,5
7007744171,2016-04-22 06:00:00,424,103,6
7007744171,2016-04-22 07:00:00,390,102,7
7007744171,2016-04-22 08:00:00,5545,383,8
7007744171,2016-04-22 09:00:00,1489,178,9
7007744171,2016-04-22 10:00:00,62,74,10
7007744171,2016-04-22 11:00:00,367,110,11
7007744171,2016-04-22 12:00:00,301,106,12
7007744171,2016-04-22 13:00:00,236,114,13
7007744171,2016-04-22 14:00:00,190,97,14
7007744171,2016-04-22 15:00:00,266,94,15
7007744171,2016-04-22 16:00:00,1780,233,16
7007744171,2016-04-22 17:00:00,1623,224,17
7007744171,2016-04-22 18:00:00,383,103,18
7007744171,2016-04-22 19:00:00,1624,267,19
7007744171,2016-04-22 20:00:00,619,118,20
7007744171,2016-04-22 21:00:00,0,65,21
7007744171,2016-04-22 22:00:00,0,65,22
7007744171,2016-04-22 23:00:00,0,65,23
7007744171,2016-04-23 00:00:00,0,65,0
7007744171,2016-04-23 01:00:00,0,65,1
7007744171,2016-04-23 02:00:00,0,65,2
7007744171,2016-04-23 03:00:00,0,65,3
7007744171,2016-04-23 04:00:00,0,65,4
7007744171,2016-04-23 05:00:00,0,65,5
7007744171,2016-04-23 06:00:00,465,118,6
7007744171,2016-04-23 07:00:00,813,141,7
7007744171,2016-04-23 08:00:00,1600,211,8
7007744171,2016-04-23 09:00:00,124,84,9
7007744171,2016-04-23 10:00:00,281,99,10
7007744171,2016-04-23 11:00:00,2567,248,11
7007744171,2016-04-23 12:00:00,695,147,12
7007744171,2016-04-23 13:00:00,1548,198,13
7007744171,2016-04-23 14:00:00,0,65,14
7007744171,2016-04-23 15:00:00,0,65,15
7007744171,2016-04-23 16:00:00,0,65,16
7007744171,2016-04-23 17:00:00,0,65,17
7007744171,2016-04-23 18:00:00,0,65,18
7007744171,2016-04-23 19:00:00,0,65,19
7007744171,2016-04-23 20:00:00,0,65,20
7007744171,2016-04-23 21:00:00,0,65,21
7007744171,2016-04-23 22:00:00,0,65,22
7007744171,2016-04-23 23:00:00,0,65,23
7007744171,2016-04-24 00:00:00,0,65,0
7007744171,2016-04-24 01:00:00,0,65,1
7007744171,2016-04-24 02:00:00,0,65,2
7007744171,2016-04-24 03:00:00,0,65,3
7007744171,2016-04-24 04:00:00,0,65,4
7007744171,2016-04-24 05:00:00,0,65,5
7007744171,2016-04-24 06:00:00,472,113,6
7007744171,2016-04-24 07:00:00,784,140,7
7007744171,2016-04-24 08:00:00,757,144,8
7007744171,2016-04-24 09:00:00,1425,202,9
7007744171,2016-04-24 10:00:00,1487,213,10
7007744171,2016-04-24 11:00:00,451,121,11
7007744171,2016-04-24 12:00:00,825,167,12
7007744171,2016-04-24 13:00:00,1831,223,13
7007744171,2016-04-24 14:00:00,1364,188,14
7007744171,2016-04-24 15:00:00,1349,194,15
7007744171,2016-04-24 16:00:00,340,117,16
7007744171,2016-04-24 17:00:00,0,65,17
7007744171,2016-04-24 18:00:00,0,65,18
7007744171,2016-04-24 19:00:00,0,65,19
7007744171,2016-04-24 20:00:00,0,65,20
7007744171,2016-04-24 21:00:00,0,65,21
7007744171,2016-04-24 22:00:00,0,65,22
7007744171,2016-04-24 23:00:00,0,65,23
7007744171,2016-04-25 00:00:00,0,65,0
7007744171,2016-04-25 01:00:00,0,65,1
7007744171,2016-04-25 02:00:00,0,65,2
7007744171,2016-04-25 03:00:00,0,65,3
7007744171,2016-04-25 04:00:00,0,65,4
7007744171,2016-04-25 05:00:00,0,65,5
7007744171,2016-04-25 06:00:00,1036,152,6
7007744171,2016-04-25 07:00:00,2993,270,7
7007744171,2016-04-25 08:00:00,3802,313,8
7007744171,2016-04-25 09:00:00,2186,259,9
7007744171,2016-04-25 10:00:00,1929,240,10
7007744171,2016-04-25 11:00:00,163,95,11
7007744171,2016-04-25 12:00:00,1430,192,12
7007744171,2016-04-25 13:00:00,2023,201,13
7007744171,2016-04-25 14:00:00,319,105,14
7007744171,2016-04-25 15:00:00,301,104,15
7007744171,2016-04-25 16:00:00,58,74,16
7007744171,2016-04-25 17:00:00,453,108,17
7007744171,2016-04-25 18:00:00,784,143,18
7007744171,2016-04-25 19:00:00,73,78,19
7007744171,2016-04-25 20:00:00,679,136,20
7007744171,2016-04-25 21:00:00,0,65,21
7007744171,2016-04-25 22:00:00,0,65,22
7007744171,2016-04-25 23:00:00,0,65,23
7007744171,2016-04-26 00:00:00,0,65,0
7007744171,2016-04-26 01:00:00,0,65,1
7007744171,2016-04-26 02:00:00,0,65,2
7007744171,2016-04-26 03:00:00,0,65,3
7007744171,2016-04-26 04:00:00,0,65,4
7007744171,2016-04-26 05:00:00,0,65,5
7007744171,2016-04-26 06:00:00,923,156,6
7007744171,2016-04-26 07:00:00,844,143,7
7007744171,2016-04-26 08:00:00,153,82,8
7007744171,2016-04-26 09:00:00,1635,187,9
7007744171,2016-04-26 10:00:00,2111,233,10
7007744171,2016-04-26 11:00:00,1750,200,11
7007744171,2016-04-26 12:00:00,2674,276,12
7007744171,2016-04-26 13:00:00,321,108,13
7007744171,2016-04-26 14:00:00,190,87,14
7007744171,2016-04-26 15:00:00,1000,149,15
7007744171,2016-04-26 16:00:00,1180,175,16
7007744171,2016-04-26 17:00:00,640,150,17
7007744171,2016-04-26 18:00:00,629,134,18
7007744171,2016-04-26 19:00:00,97,79,19
7007744171,2016-04-26 20:00:00,37,76,20
7007744171,2016-04-26 21:00:00,160,90,21
7007744171,2016-04-26 22:00:00,733,155,22
7007744171,2016-04-26 23:00:00,13,69,23
7007744171,2016-04-27 00:00:00,0,65,0
7007744171,2016-04-27 01:00:00,0,65,1
7007744171,2016-04-27 02:00:00,0,65,2
7007744171,2016-04-27 03:00:00,0,65,3
7007744171,2016-04-27 04:00:00,0,65,4
7007744171,2016-04-27 05:00:00,0,65,5
7007744171,2016-04-27 06:00:00,1021,152,6
7007744171,2016-04-27 07:00:00,591,132,7
7007744171,2016-04-27 08:00:00,5165,363,8
7007744171,2016-04-27 09:00:00,1518,205,9
7007744171,2016-04-27 10:00:00,280,94,10
7007744171,2016-04-27 11:00:00,386,123,11
7007744171,2016-04-27 12:00:00,578,139,12
7007744171,2016-04-27 13:00:00,692,147,13
7007744171,2016-04-27 14:00:00,239,100,14
7007744171,2016-04-27 15:00:00,912,188,15
7007744171,2016-04-27 16:00:00,562,131,16
7007744171,2016-04-27 17:00:00,1067,194,17
7007744171,2016-04-27 18:00:00,297,108,18
7007744171,2016-04-27 19:00:00,143,91,19
7007744171,2016-04-27 20:00:00,90,79,20
7007744171,2016-04-27 21:00:00,0,65,21
7007744171,2016-04-27 22:00:00,0,65,22
7007744171,2016-04-27 23:00:00,0,65,23
7007744171,2016-04-28 00:00:00,0,65,0
7007744171,2016-04-28 01:00:00,0,65,1
7007744171,2016-04-28 02:00:00,0,65,2
7007744171,2016-04-28 03:00:00,0,65,3
7007744171,2016-04-28 04:00:00,0,65,4
7007744171,2016-04-28 05:00:00,0,65,5
7007744171,2016-04-28 06:00:00,805,136,6
7007744171,2016-04-28 07:00:00,715,142,7
7007744171,2016-04-28 08:00:00,1156,170,8
7007744171,2016-04-28 09:00:00,1921,233,9
7007744171,2016-04-28 10:00:00,3163,293,10
7007744171,2016-04-28 11:00:00,2669,237,11
7007744171,2016-04-28 12:00:00,482,126,12
7007744171,2016-04-28 13:00:00,897,161,13
7007744171,2016-04-28 14:00:00,249,105,14
7007744171,2016-04-28 15:00:00,152,85,15
7007744171,2016-04-28 16:00:00,358,103,16
7007744171,2016-04-28 17:00:00,203,88,17
7007744171,2016-04-28 18:00:00,363,104,18
7007744171,2016-04-28 19:00:00,1134,144,19
7007744171,2016-04-28 20:00:00,803,121,20
7007744171,2016-04-28 21:00:00,58,71,21
7007744171,2016-04-28 22:00:00,0,65,22
7007744171,2016-04-28 23:00:00,0,65,23
7007744171,2016-04-29 00:00:00,0,65,0
7007744171,2016-04-29 01:00:00,0,65,1
7007744171,2016-04-29 02:00:00,0,65,2
7007744171,2016-04-29 03:00:00,0,65,3
7007744171,2016-04-29 04:00:00,0,65,4
7007744171,2016-04-29 05:00:00,0,65,5
7007744171,2016-04-29 06:00:00,637,121,6
7007744171,2016-04-29 07:00:00,3274,270,7
7007744171,2016-04-29 08:00:00,3939,325,8
7007744171,2016-04-29 09:00:00,642,143,9
7007744171,2016-04-29 10:00:00,399,101,10
7007744171,2016-04-29 11:00:00,274,104,11
7007744171,2016-04-29 12:00:00,630,143,12
7007744171,2016-04-29 13:00:00,193,96,13
7007744171,2016-04-29 14:00:00,2050,212,14
7007744171,2016-04-29 15:00:00,616,127,15
7007744171,2016-04-29 16:00:00,547,133,16
7007744171,2016-04-29 17:00:00,1857,223,17
7007744171,2016-04-29 18:00:00,1051,164,18
7007744171,2016-04-29 19:00:00,2151,228,19
7007744171,2016-04-29 20:00:00,1094,143,20
7007744171,2016-04-29 21:00:00,713,130,21
7007744171,2016-04-29 22:00:00,0,65,22
7007744171,2016-04-29 23:00:00,0,65,23
7007744171,2016-04-30 00:00:00,0,65,0
7007744171,2016-04-30 01:00:00,0,65,1
7007744171,2016-04-30 02:00:00,0,65,2
7007744171,2016-04-30 03:00:00,0,65,3
7007744171,2016-04-30 04:00:00,0,65,4
7007744171,2016-04-30 05:00:00,0,65,5
7007744171,2016-04-30 06:00:00,0,65,6
7007744171,2016-04-30 07:00:00,197,92,7
7007744171,2016-04-30 08:00:00,802,143,8
7007744171,2016-04-30 09:00:00,485,169,9
7007744171,2016-04-30 10:00:00,417,108,10
7007744171,2016-04-30 11:00:00,298,100,11
7007744171,2016-04-30 12:00:00,190,90,12
7007744171,2016-04-30 13:00:00,513,112,13
7007744171,2016-04-30 14:00:00,75,77,14
7007744171,2016-04-30 15:00:00,21,70,15
7007744171,2016-04-30 16:00:00,26,72,16
7007744171,2016-04-30 17:00:00,339,111,17
7007744171,2016-04-30 18:00:00,85,80,18
7007744171,2016-04-30 19:00:00,82,78,19
7007744171,2016-04-30 20:00:00,78,78,20
7007744171,2016-04-30 21:00:00,130,82,21
7007744171,2016-04-30 22:00:00,23,69,22
7007744171,2016-04-30 23:00:00,0,65,23
7007744171,2016-05-01 00:00:00,0,65,0
7007744171,2016-05-01 01:00:00,0,65,1
7007744171,2016-05-01 02:00:00,0,65,2
7007744171,2016-05-01 03:00:00,0,65,3
7007744171,2016-05-01 04:00:00,0,65,4
7007744171,2016-05-01 05:00:00,0,65,5
7007744171,2016-05-01 06:00:00,0,65,6
7007744171,2016-05-01 07:00:00,649,120,7
7007744171,2016-05-01 08:00:00,452,112,8
7007744171,2016-05-01 09:00:00,651,125,9
7007744171,2016-05-01 10:00:00,247,89,10
7007744171,2016-05-01 11:00:00,36,69,11
7007744171,2016-05-01 12:00:00,189,94,12
7007744171,2016-05-01 13:00:00,1186,251,13
7007744171,2016-05-01 14:00:00,321,101,14
7007744171,2016-05-01 15:00:00,613,117,15
7007744171,2016-05-01 16:00:00,738,154,16
7007744171,2016-05-01 17:00:00,231,96,17
7007744171,2016-05-01 18:00:00,51,84,18
7007744171,2016-05-01 19:00:00,236,101,19
7007744171,2016-05-01 20:00:00,0,65,20
7007744171,2016-05-01 21:00:00,0,65,21
7007744171,2016-05-01 22:00:00,0,65,22
7007744171,2016-05-01 23:00:00,0,65,23
7007744171,2016-05-02 00:00:00,0,65,0
7007744171,2016-05-02 01:00:00,0,65,1
7007744171,2016-05-02 02:00:00,0,65,2
7007744171,2016-05-02 03:00:00,0,65,3
7007744171,2016-05-02 04:00:00,0,65,4
7007744171,2016-05-02 05:00:00,0,65,5
7007744171,2016-05-02 06:00:00,823,149,6
7007744171,2016-05-02 07:00:00,485,112,7
7007744171,2016-05-02 08:00:00,4937,357,8
7007744171,2016-05-02 09:00:00,2409,263,9
7007744171,2016-05-02 10:00:00,2312,257,10
7007744171,2016-05-02 11:00:00,426,120,11
7007744171,2016-05-02 12:00:00,145,86,12
7007744171,2016-05-02 13:00:00,93,77,13
7007744171,2016-05-02 14:00:00,120,86,14
7007744171,2016-05-02 15:00:00,180,87,15
7007744171,2016-05-02 16:00:00,122,87,16
7007744171,2016-05-02 17:00:00,693,139,17
7007744171,2016-05-02 18:00:00,114,79,18
7007744171,2016-05-02 19:00:00,152,85,19
7007744171,2016-05-02 20:00:00,6,69,20
7007744171,2016-05-02 21:00:00,24,69,21
7007744171,2016-05-02 22:00:00,0,65,22
7007744171,2016-05-02 23:00:00,0,65,23
7007744171,2016-05-03 00:00:00,0,65,0
7007744171,2016-05-03 01:00:00,0,65,1
7007744171,2016-05-03 02:00:00,0,65,2
7007744171,2016-05-03 03:00:00,0,65,3
7007744171,2016-05-03 04:00:00,0,65,4
7007744171,2016-05-03 05:00:00,0,65,5
7007744171,2016-05-03 06:00:00,1050,160,6
7007744171,2016-05-03 07:00:00,3671,306,7
7007744171,2016-05-03 08:00:00,2965,287,8
7007744171,2016-05-03 09:00:00,650,157,9
7007744171,2016-05-03 10:00:00,299,98,10
7007744171,2016-05-03 11:00:00,802,158,11
7007744171,2016-05-03 12:00:00,557,133,12
7007744171,2016-05-03 13:00:00,1509,223,13
7007744171,2016-05-03 14:00:00,384,112,14
7007744171,2016-05-03 15:00:00,718,126,15
7007744171,2016-05-03 16:00:00,406,119,16
7007744171,2016-05-03 17:00:00,1016,178,17
7007744171,2016-05-03 18:00:00,232,99,18
7007744171,2016-05-03 19:00:00,84,77,19
7007744171,2016-05-03 20:00:00,73,142,20
7007744171,2016-05-03 21:00:00,94,85,21
7007744171,2016-05-03 22:00:00,0,65,22
7007744171,2016-05-03 23:00:00,0,65,23
7007744171,2016-05-04 00:00:00,0,65,0
7007744171,2016-05-04 01:00:00,0,65,1
7007744171,2016-05-04 02:00:00,0,65,2
7007744171,2016-05-04 03:00:00,0,65,3
7007744171,2016-05-04 04:00:00,0,65,4
7007744171,2016-05-04 05:00:00,0,65,5
7007744171,2016-05-04 06:00:00,0,65,6
7007744171,2016-05-04 07:00:00,0,65,7
7007744171,2016-05-04 08:00:00,0,65,8
7007744171,2016-05-04 09:00:00,0,65,9
7007744171,2016-05-04 10:00:00,0,65,10
7007744171,2016-05-04 11:00:00,0,65,11
7007744171,2016-05-04 12:00:00,0,65,12
7007744171,2016-05-04 13:00:00,0,65,13
7007744171,2016-05-04 14:00:00,0,65,14
7007744171,2016-05-04 15:00:00,0,65,15
7007744171,2016-05-04 16:00:00,0,65,16
7007744171,2016-05-04 17:00:00,0,65,17
7007744171,2016-05-04 18:00:00,0,65,18
7007744171,2016-05-04 19:00:00,0,65,19
7007744171,2016-05-04 20:00:00,0,65,20
7007744171,2016-05-04 21:00:00,0,65,21
7007744171,2016-05-04 22:00:00,0,65,22
7007744171,2016-05-04 23:00:00,0,65,23
7007744171,2016-05-05 00:00:00,0,65,0
7007744171,2016-05-05 01:00:00,0,65,1
7007744171,2016-05-05 02:00:00,0,65,2
7007744171,2016-05-05 03:00:00,0,65,3
7007744171,2016-05-05 04:00:00,0,65,4
7007744171,2016-05-05 05:00:00,0,65,5
7007744171,2016-05-05 06:00:00,752,147,6
7007744171,2016-05-05 07:00:00,2793,258,7
7007744171,2016-05-05 08:00:00,4094,327,8
7007744171,2016-05-05 09:00:00,2361,282,9
7007744171,2016-05-05 10:00:00,1294,211,10
7007744171,2016-05-05 11:00:00,130,96,11
7007744171,2016-05-05 12:00:00,192,97,12
7007744171,2016-05-05 13:00:00,562,118,13
7007744171,2016-05-05 14:00:00,326,138,14
7007744171,2016-05-05 15:00:00,662,157,15
7007744171,2016-05-05 16:00:00,781,141,16
7007744171,2016-05-05 17:00:00,385,110,17
7007744171,2016-05-05 18:00:00,595,123,18
7007744171,2016-05-05 19:00:00,83,80,19
7007744171,2016-05-05 20:00:00,0,65,20
7007744171,2016-05-05 21:00:00,0,65,21
7007744171,2016-05-05 22:00:00,0,65,22
7007744171,2016-05-05 23:00:00,0,65,23
7007744171,2016-05-06 00:00:00,0,65,0
7007744171,2016-05-06 01:00:00,0,65,1
7007744171,2016-05-06 02:00:00,0,65,2
7007744171,2016-05-06 03:00:00,0,65,3
7007744171,2016-05-06 04:00:00,0,65,4
7007744171,2016-05-06 05:00:00,43,68,5
7007744171,2016-05-06 06:00:00,5742,408,6
7007744171,2016-05-06 07:00:00,1164,182,7
7007744171,2016-05-06 08:00:00,907,177,8
7007744171,2016-05-06 09:00:00,806,156,9
7007744171,2016-05-06 10:00:00,90,78,10
7007744171,2016-05-06 11:00:00,441,110,11
7007744171,2016-05-06 12:00:00,301,98,12
7007744171,2016-05-06 13:00:00,324,110,13
7007744171,2016-05-06 14:00:00,37,71,14
7007744171,2016-05-06 15:00:00,361,111,15
7007744171,2016-05-06 16:00:00,69,80,16
7007744171,2016-05-06 17:00:00,135,85,17
7007744171,2016-05-06 18:00:00,453,107,18
7007744171,2016-05-06 19:00:00,374,105,19
7007744171,2016-05-06 20:00:00,212,89,20
7007744171,2016-05-06 21:00:00,0,65,21
7007744171,2016-05-06 22:00:00,0,65,22
7007744171,2016-05-06 23:00:00,0,65,23
7007744171,2016-05-07 00:00:00,0,65,0
7086361926,2016-04-12 00:00:00,0,68,0
7086361926,2016-04-12 01:00:00,0,68,1
7086361926,2016-04-12 02:00:00,0,68,2
7086361926,2016-04-12 03:00:00,0,68,3
7086361926,2016-04-12 04:00:00,0,68,4
7086361926,2016-04-12 05:00:00,0,68,5
7086361926,2016-04-12 06:00:00,0,69,6
7086361926,2016-04-12 07:00:00,422,117,7
7086361926,2016-04-12 08:00:00,0,69,8
7086361926,2016-04-12 09:00:00,234,93,9
7086361926,2016-04-12 10:00:00,26,72,10
7086361926,2016-04-12 11:00:00,121,80,11
7086361926,2016-04-12 12:00:00,156,84,12
7086361926,2016-04-12 13:00:00,1494,170,13
7086361926,2016-04-12 14:00:00,0,69,14
7086361926,2016-04-12 15:00:00,201,83,15
7086361926,2016-04-12 16:00:00,850,138,16
7086361926,2016-04-12 17:00:00,5921,596,17
7086361926,2016-04-12 18:00:00,995,205,18
7086361926,2016-04-12 19:00:00,297,145,19
7086361926,2016-04-12 20:00:00,407,131,20
7086361926,2016-04-12 21:00:00,0,76,21
7086361926,2016-04-12 22:00:00,181,96,22
7086361926,2016-04-12 23:00:00,4,72,23
7086361926,2016-04-13 00:00:00,0,68,0
7086361926,2016-04-13 01:00:00,0,68,1
7086361926,2016-04-13 02:00:00,0,68,2
7086361926,2016-04-13 03:00:00,0,68,3
7086361926,2016-04-13 04:00:00,0,68,4
7086361926,2016-04-13 05:00:00,0,68,5
7086361926,2016-04-13 06:00:00,12,72,6
7086361926,2016-04-13 07:00:00,475,138,7
7086361926,2016-04-13 08:00:00,150,87,8
7086361926,2016-04-13 09:00:00,0,69,9
7086361926,2016-04-13 10:00:00,152,82,10
7086361926,2016-04-13 11:00:00,91,76,11
7086361926,2016-04-13 12:00:00,49,74,12
7086361926,2016-04-13 13:00:00,1444,168,13
7086361926,2016-04-13 14:00:00,0,69,14
7086361926,2016-04-13 15:00:00,36,73,15
7086361926,2016-04-13 16:00:00,773,130,16
7086361926,2016-04-13 17:00:00,723,372,17
7086361926,2016-04-13 18:00:00,1182,229,18
7086361926,2016-04-13 19:00:00,327,133,19
7086361926,2016-04-13 20:00:00,255,111,20
7086361926,2016-04-13 21:00:00,4,72,21
7086361926,2016-04-13 22:00:00,140,86,22
7086361926,2016-04-13 23:00:00,0,68,23
7086361926,2016-04-14 00:00:00,0,68,0
7086361926,2016-04-14 01:00:00,14,70,1
7086361926,2016-04-14 02:00:00,0,68,2
7086361926,2016-04-14 03:00:00,0,68,3
7086361926,2016-04-14 04:00:00,0,68,4
7086361926,2016-04-14 05:00:00,0,68,5
7086361926,2016-04-14 06:00:00,0,70,6
7086361926,2016-04-14 07:00:00,362,129,7
7086361926,2016-04-14 08:00:00,607,146,8
7086361926,2016-04-14 09:00:00,438,103,9
7086361926,2016-04-14 10:00:00,156,83,10
7086361926,2016-04-14 11:00:00,427,99,11
7086361926,2016-04-14 12:00:00,58,82,12
7086361926,2016-04-14 13:00:00,1219,157,13
7086361926,2016-04-14 14:00:00,8,72,14
7086361926,2016-04-14 15:00:00,181,86,15
7086361926,2016-04-14 16:00:00,664,119,16
7086361926,2016-04-14 17:00:00,956,293,17
7086361926,2016-04-14 18:00:00,2604,355,18
7086361926,2016-04-14 19:00:00,370,122,19
7086361926,2016-04-14 20:00:00,249,102,20
7086361926,2016-04-14 21:00:00,56,85,21
7086361926,2016-04-14 22:00:00,34,78,22
7086361926,2016-04-14 23:00:00,595,138,23
7086361926,2016-04-15 00:00:00,428,128,0
7086361926,2016-04-15 01:00:00,0,69,1
7086361926,2016-04-15 02:00:00,0,68,2
7086361926,2016-04-15 03:00:00,0,68,3
7086361926,2016-04-15 04:00:00,0,68,4
7086361926,2016-04-15 05:00:00,0,68,5
7086361926,2016-04-15 06:00:00,0,69,6
7086361926,2016-04-15 07:00:00,701,150,7
7086361926,2016-04-15 08:00:00,244,100,8
7086361926,2016-04-15 09:00:00,169,92,9
7086361926,2016-04-15 10:00:00,0,69,10
7086361926,2016-04-15 11:00:00,36,73,11
7086361926,2016-04-15 12:00:00,421,99,12
7086361926,2016-04-15 13:00:00,3448,309,13
7086361926,2016-04-15 14:00:00,309,95,14
7086361926,2016-04-15 15:00:00,85,78,15
7086361926,2016-04-15 16:00:00,428,106,16
7086361926,2016-04-15 17:00:00,93,83,17
7086361926,2016-04-15 18:00:00,413,118,18
7086361926,2016-04-15 19:00:00,1714,191,19
7086361926,2016-04-15 20:00:00,11,77,20
7086361926,2016-04-15 21:00:00,0,70,21
7086361926,2016-04-15 22:00:00,85,78,22
7086361926,2016-04-15 23:00:00,0,70,23
7086361926,2016-04-16 00:00:00,31,73,0
7086361926,2016-04-16 01:00:00,0,68,1
7086361926,2016-04-16 02:00:00,0,68,2
7086361926,2016-04-16 03:00:00,0,68,3
7086361926,2016-04-16 04:00:00,0,68,4
7086361926,2016-04-16 05:00:00,0,68,5
7086361926,2016-04-16 06:00:00,0,68,6
7086361926,2016-04-16 07:00:00,0,68,7
7086361926,2016-04-16 08:00:00,0,68,8
7086361926,2016-04-16 09:00:00,0,68,9
7086361926,2016-04-16 10:00:00,0,68,10
7086361926,2016-04-16 11:00:00,0,68,11
7086361926,2016-04-16 12:00:00,0,68,12
7086361926,2016-04-16 13:00:00,0,68,13
7086361926,2016-04-16 14:00:00,0,68,14
7086361926,2016-04-16 15:00:00,0,68,15
7086361926,2016-04-16 16:00:00,0,68,16
7086361926,2016-04-16 17:00:00,0,68,17
7086361926,2016-04-16 18:00:00,0,68,18
7086361926,2016-04-16 19:00:00,0,68,19
7086361926,2016-04-16 20:00:00,0,68,20
7086361926,2016-04-16 21:00:00,0,68,21
7086361926,2016-04-16 22:00:00,0,68,22
7086361926,2016-04-16 23:00:00,0,68,23
7086361926,2016-04-17 00:00:00,0,68,0
7086361926,2016-04-17 01:00:00,0,68,1
7086361926,2016-04-17 02:00:00,0,68,2
7086361926,2016-04-17 03:00:00,0,68,3
7086361926,2016-04-17 04:00:00,0,68,4
7086361926,2016-04-17 05:00:00,0,68,5
7086361926,2016-04-17 06:00:00,0,68,6
7086361926,2016-04-17 07:00:00,0,68,7
7086361926,2016-04-17 08:00:00,0,68,8
7086361926,2016-04-17 09:00:00,0,68,9
7086361926,2016-04-17 10:00:00,0,68,10
7086361926,2016-04-17 11:00:00,0,68,11
7086361926,2016-04-17 12:00:00,0,68,12
7086361926,2016-04-17 13:00:00,0,68,13
7086361926,2016-04-17 14:00:00,0,68,14
7086361926,2016-04-17 15:00:00,0,68,15
7086361926,2016-04-17 16:00:00,0,68,16
7086361926,2016-04-17 17:00:00,0,68,17
7086361926,2016-04-17 18:00:00,0,68,18
7086361926,2016-04-17 19:00:00,0,68,19
7086361926,2016-04-17 20:00:00,0,68,20
7086361926,2016-04-17 21:00:00,0,68,21
7086361926,2016-04-17 22:00:00,0,68,22
7086361926,2016-04-17 23:00:00,0,68,23
7086361926,2016-04-18 00:00:00,0,68,0
7086361926,2016-04-18 01:00:00,0,68,1
7086361926,2016-04-18 02:00:00,0,68,2
7086361926,2016-04-18 03:00:00,0,68,3
7086361926,2016-04-18 04:00:00,0,68,4
7086361926,2016-04-18 05:00:00,0,68,5
7086361926,2016-04-18 06:00:00,0,68,6
7086361926,2016-04-18 07:00:00,593,131,7
7086361926,2016-04-18 08:00:00,356,109,8
7086361926,2016-04-18 09:00:00,56,79,9
7086361926,2016-04-18 10:00:00,193,82,10
7086361926,2016-04-18 11:00:00,0,69,11
7086361926,2016-04-18 12:00:00,3837,306,12
7086361926,2016-04-18 13:00:00,0,71,13
7086361926,2016-04-18 14:00:00,237,87,14
7086361926,2016-04-18 15:00:00,0,69,15
7086361926,2016-04-18 16:00:00,826,138,16
7086361926,2016-04-18 17:00:00,1128,404,17
7086361926,2016-04-18 18:00:00,2455,324,18
7086361926,2016-04-18 19:00:00,73,91,19
7086361926,2016-04-18 20:00:00,0,82,20
7086361926,2016-04-18 21:00:00,67,81,21
7086361926,2016-04-18 22:00:00,6,76,22
7086361926,2016-04-18 23:00:00,0,69,23
7086361926,2016-04-19 00:00:00,14,70,0
7086361926,2016-04-19 01:00:00,0,68,1
7086361926,2016-04-19 02:00:00,0,68,2
7086361926,2016-04-19 03:00:00,0,68,3
7086361926,2016-04-19 04:00:00,0,68,4
7086361926,2016-04-19 05:00:00,0,68,5
7086361926,2016-04-19 06:00:00,0,69,6
7086361926,2016-04-19 07:00:00,282,116,7
7086361926,2016-04-19 08:00:00,159,88,8
7086361926,2016-04-19 09:00:00,0,70,9
7086361926,2016-04-19 10:00:00,197,84,10
7086361926,2016-04-19 11:00:00,31,73,11
7086361926,2016-04-19 12:00:00,158,86,12
7086361926,2016-04-19 13:00:00,4141,328,13
7086361926,2016-04-19 14:00:00,0,79,14
7086361926,2016-04-19 15:00:00,34,74,15
7086361926,2016-04-19 16:00:00,777,135,16
7086361926,2016-04-19 17:00:00,955,383,17
7086361926,2016-04-19 18:00:00,2766,344,18
7086361926,2016-04-19 19:00:00,973,281,19
7086361926,2016-04-19 20:00:00,0,87,20
7086361926,2016-04-19 21:00:00,88,84,21
7086361926,2016-04-19 22:00:00,106,83,22
7086361926,2016-04-19 23:00:00,7,71,23
7086361926,2016-04-20 00:00:00,0,68,0
7086361926,2016-04-20 01:00:00,0,68,1
7086361926,2016-04-20 02:00:00,0,68,2
7086361926,2016-04-20 03:00:00,0,68,3
7086361926,2016-04-20 04:00:00,0,68,4
7086361926,2016-04-20 05:00:00,0,68,5
7086361926,2016-04-20 06:00:00,10,72,6
7086361926,2016-04-20 07:00:00,372,129,7
7086361926,2016-04-20 08:00:00,133,91,8
7086361926,2016-04-20 09:00:00,194,89,9
7086361926,2016-04-20 10:00:00,180,81,10
7086361926,2016-04-20 11:00:00,30,73,11
7086361926,2016-04-20 12:00:00,167,88,12
7086361926,2016-04-20 13:00:00,4286,332,13
7086361926,2016-04-20 14:00:00,101,82,14
7086361926,2016-04-20 15:00:00,197,87,15
7086361926,2016-04-20 16:00:00,816,141,16
7086361926,2016-04-20 17:00:00,6357,633,17
7086361926,2016-04-20 18:00:00,863,182,18
7086361926,2016-04-20 19:00:00,180,128,19
7086361926,2016-04-20 20:00:00,286,119,20
7086361926,2016-04-20 21:00:00,98,92,21
7086361926,2016-04-20 22:00:00,55,90,22
7086361926,2016-04-20 23:00:00,40,80,23
7086361926,2016-04-21 00:00:00,48,79,0
7086361926,2016-04-21 01:00:00,6,70,1
7086361926,2016-04-21 02:00:00,0,68,2
7086361926,2016-04-21 03:00:00,0,69,3
7086361926,2016-04-21 04:00:00,0,68,4
7086361926,2016-04-21 05:00:00,0,68,5
7086361926,2016-04-21 06:00:00,34,76,6
7086361926,2016-04-21 07:00:00,449,123,7
7086361926,2016-04-21 08:00:00,49,78,8
7086361926,2016-04-21 09:00:00,42,72,9
7086361926,2016-04-21 10:00:00,179,81,10
7086361926,2016-04-21 11:00:00,196,82,11
7086361926,2016-04-21 12:00:00,80,77,12
7086361926,2016-04-21 13:00:00,1716,173,13
7086361926,2016-04-21 14:00:00,2530,233,14
7086361926,2016-04-21 15:00:00,37,74,15
7086361926,2016-04-21 16:00:00,956,133,16
7086361926,2016-04-21 17:00:00,918,139,17
7086361926,2016-04-21 18:00:00,198,94,18
7086361926,2016-04-21 19:00:00,8,74,19
7086361926,2016-04-21 20:00:00,439,122,20
7086361926,2016-04-21 21:00:00,698,139,21
7086361926,2016-04-21 22:00:00,629,161,22
7086361926,2016-04-21 23:00:00,257,112,23
7086361926,2016-04-22 00:00:00,0,68,0
7086361926,2016-04-22 01:00:00,0,68,1
7086361926,2016-04-22 02:00:00,0,68,2
7086361926,2016-04-22 03:00:00,0,68,3
7086361926,2016-04-22 04:00:00,0,68,4
7086361926,2016-04-22 05:00:00,0,68,5
7086361926,2016-04-22 06:00:00,9,71,6
7086361926,2016-04-22 07:00:00,729,155,7
7086361926,2016-04-22 08:00:00,421,112,8
7086361926,2016-04-22 09:00:00,0,69,9
7086361926,2016-04-22 10:00:00,545,117,10
7086361926,2016-04-22 11:00:00,357,107,11
7086361926,2016-04-22 12:00:00,353,102,12
7086361926,2016-04-22 13:00:00,125,79,13
7086361926,2016-04-22 14:00:00,138,79,14
7086361926,2016-04-22 15:00:00,323,97,15
7086361926,2016-04-22 16:00:00,955,139,16
7086361926,2016-04-22 17:00:00,892,384,17
7086361926,2016-04-22 18:00:00,2810,344,18
7086361926,2016-04-22 19:00:00,1595,234,19
7086361926,2016-04-22 20:00:00,59,93,20
7086361926,2016-04-22 21:00:00,422,116,21
7086361926,2016-04-22 22:00:00,0,68,22
7086361926,2016-04-22 23:00:00,0,68,23
7086361926,2016-04-23 00:00:00,0,68,0
7086361926,2016-04-23 01:00:00,0,68,1
7086361926,2016-04-23 02:00:00,0,68,2
7086361926,2016-04-23 03:00:00,0,68,3
7086361926,2016-04-23 04:00:00,0,68,4
7086361926,2016-04-23 05:00:00,0,68,5
7086361926,2016-04-23 06:00:00,0,68,6
7086361926,2016-04-23 07:00:00,0,68,7
7086361926,2016-04-23 08:00:00,0,68,8
7086361926,2016-04-23 09:00:00,0,68,9
7086361926,2016-04-23 10:00:00,0,68,10
7086361926,2016-04-23 11:00:00,0,68,11
7086361926,2016-04-23 12:00:00,7,73,12
7086361926,2016-04-23 13:00:00,198,93,13
7086361926,2016-04-23 14:00:00,1594,183,14
7086361926,2016-04-23 15:00:00,362,113,15
7086361926,2016-04-23 16:00:00,347,100,16
7086361926,2016-04-23 17:00:00,8,84,17
7086361926,2016-04-23 18:00:00,0,81,18
7086361926,2016-04-23 19:00:00,24,88,19
7086361926,2016-04-23 20:00:00,13,84,20
7086361926,2016-04-23 21:00:00,82,89,21
7086361926,2016-04-23 22:00:00,122,87,22
7086361926,2016-04-23 23:00:00,54,75,23
7086361926,2016-04-24 00:00:00,4,71,0
7086361926,2016-04-24 01:00:00,0,68,1
7086361926,2016-04-24 02:00:00,0,68,2
7086361926,2016-04-24 03:00:00,0,68,3
7086361926,2016-04-24 04:00:00,0,68,4
7086361926,2016-04-24 05:00:00,0,68,5
7086361926,2016-04-24 06:00:00,0,68,6
7086361926,2016-04-24 07:00:00,0,68,7
7086361926,2016-04-24 08:00:00,0,68,8
7086361926,2016-04-24 09:00:00,0,68,9
7086361926,2016-04-24 10:00:00,0,68,10
7086361926,2016-04-24 11:00:00,0,68,11
7086361926,2016-04-24 12:00:00,163,89,12
7086361926,2016-04-24 13:00:00,0,72,13
7086361926,2016-04-24 14:00:00,494,138,14
7086361926,2016-04-24 15:00:00,1454,178,15
7086361926,2016-04-24 16:00:00,136,90,16
7086361926,2016-04-24 17:00:00,0,75,17
7086361926,2016-04-24 18:00:00,517,137,18
7086361926,2016-04-24 19:00:00,546,144,19
7086361926,2016-04-24 20:00:00,8,73,20
7086361926,2016-04-24 21:00:00,69,78,21
7086361926,2016-04-24 22:00:00,129,86,22
7086361926,2016-04-24 23:00:00,0,69,23
7086361926,2016-04-25 00:00:00,0,68,0
7086361926,2016-04-25 01:00:00,0,69,1
7086361926,2016-04-25 02:00:00,0,68,2
7086361926,2016-04-25 03:00:00,0,68,3
7086361926,2016-04-25 04:00:00,0,68,4
7086361926,2016-04-25 05:00:00,0,68,5
7086361926,2016-04-25 06:00:00,0,69,6
7086361926,2016-04-25 07:00:00,717,152,7
7086361926,2016-04-25 08:00:00,0,72,8
7086361926,2016-04-25 09:00:00,41,71,9
7086361926,2016-04-25 10:00:00,201,83,10
7086361926,2016-04-25 11:00:00,184,84,11
7086361926,2016-04-25 12:00:00,90,79,12
7086361926,2016-04-25 13:00:00,3609,297,13
7086361926,2016-04-25 14:00:00,0,69,14
7086361926,2016-04-25 15:00:00,29,74,15
7086361926,2016-04-25 16:00:00,840,134,16
7086361926,2016-04-25 17:00:00,1303,379,17
7086361926,2016-04-25 18:00:00,2679,341,18
7086361926,2016-04-25 19:00:00,217,108,19
7086361926,2016-04-25 20:00:00,151,110,20
7086361926,2016-04-25 21:00:00,7,79,21
7086361926,2016-04-25 22:00:00,23,76,22
7086361926,2016-04-25 23:00:00,0,68,23
7086361926,2016-04-26 00:00:00,0,68,0
7086361926,2016-04-26 01:00:00,4,70,1
7086361926,2016-04-26 02:00:00,11,69,2
7086361926,2016-04-26 03:00:00,0,68,3
7086361926,2016-04-26 04:00:00,0,68,4
7086361926,2016-04-26 05:00:00,0,68,5
7086361926,2016-04-26 06:00:00,9,71,6
7086361926,2016-04-26 07:00:00,472,136,7
7086361926,2016-04-26 08:00:00,114,87,8
7086361926,2016-04-26 09:00:00,0,69,9
7086361926,2016-04-26 10:00:00,234,86,10
7086361926,2016-04-26 11:00:00,195,84,11
7086361926,2016-04-26 12:00:00,392,119,12
7086361926,2016-04-26 13:00:00,2837,249,13
7086361926,2016-04-26 14:00:00,1380,154,14
7086361926,2016-04-26 15:00:00,191,86,15
7086361926,2016-04-26 16:00:00,967,148,16
7086361926,2016-04-26 17:00:00,894,341,17
7086361926,2016-04-26 18:00:00,2459,335,18
7086361926,2016-04-26 19:00:00,193,108,19
7086361926,2016-04-26 20:00:00,12,84,20
7086361926,2016-04-26 21:00:00,0,71,21
7086361926,2016-04-26 22:00:00,14,73,22
7086361926,2016-04-26 23:00:00,0,68,23
7086361926,2016-04-27 00:00:00,0,68,0
7086361926,2016-04-27 01:00:00,8,70,1
7086361926,2016-04-27 02:00:00,0,68,2
7086361926,2016-04-27 03:00:00,0,68,3
7086361926,2016-04-27 04:00:00,0,68,4
7086361926,2016-04-27 05:00:00,0,68,5
7086361926,2016-04-27 06:00:00,0,69,6
7086361926,2016-04-27 07:00:00,379,127,7
7086361926,2016-04-27 08:00:00,120,82,8
7086361926,2016-04-27 09:00:00,202,86,9
7086361926,2016-04-27 10:00:00,0,69,10
7086361926,2016-04-27 11:00:00,162,81,11
7086361926,2016-04-27 12:00:00,149,83,12
7086361926,2016-04-27 13:00:00,614,106,13
7086361926,2016-04-27 14:00:00,726,119,14
7086361926,2016-04-27 15:00:00,39,73,15
7086361926,2016-04-27 16:00:00,934,134,16
7086361926,2016-04-27 17:00:00,6025,566,17
7086361926,2016-04-27 18:00:00,792,186,18
7086361926,2016-04-27 19:00:00,28,83,19
7086361926,2016-04-27 20:00:00,376,132,20
7086361926,2016-04-27 21:00:00,216,111,21
7086361926,2016-04-27 22:00:00,289,97,22
7086361926,2016-04-27 23:00:00,48,79,23
7086361926,2016-04-28 00:00:00,784,138,0
7086361926,2016-04-28 01:00:00,0,68,1
7086361926,2016-04-28 02:00:00,0,68,2
7086361926,2016-04-28 03:00:00,0,68,3
7086361926,2016-04-28 04:00:00,0,68,4
7086361926,2016-04-28 05:00:00,0,68,5
7086361926,2016-04-28 06:00:00,14,72,6
7086361926,2016-04-28 07:00:00,426,132,7
7086361926,2016-04-28 08:00:00,214,100,8
7086361926,2016-04-28 09:00:00,41,78,9
7086361926,2016-04-28 10:00:00,188,84,10
7086361926,2016-04-28 11:00:00,0,69,11
7086361926,2016-04-28 12:00:00,137,88,12
7086361926,2016-04-28 13:00:00,3859,299,13
7086361926,2016-04-28 14:00:00,638,129,14
7086361926,2016-04-28 15:00:00,151,84,15
7086361926,2016-04-28 16:00:00,902,142,16
7086361926,2016-04-28 17:00:00,1363,376,17
7086361926,2016-04-28 18:00:00,2424,288,18
7086361926,2016-04-28 19:00:00,17,79,19
7086361926,2016-04-28 20:00:00,85,81,20
7086361926,2016-04-28 21:00:00,269,105,21
7086361926,2016-04-28 22:00:00,63,106,22
7086361926,2016-04-28 23:00:00,0,68,23
7086361926,2016-04-29 00:00:00,0,68,0
7086361926,2016-04-29 01:00:00,0,68,1
7086361926,2016-04-29 02:00:00,0,68,2
7086361926,2016-04-29 03:00:00,0,68,3
7086361926,2016-04-29 04:00:00,0,68,4
7086361926,2016-04-29 05:00:00,0,68,5
7086361926,2016-04-29 06:00:00,0,68,6
7086361926,2016-04-29 07:00:00,616,152,7
7086361926,2016-04-29 08:00:00,172,96,8
7086361926,2016-04-29 09:00:00,285,101,9
7086361926,2016-04-29 10:00:00,0,71,10
7086361926,2016-04-29 11:00:00,199,83,11
7086361926,2016-04-29 12:00:00,202,88,12
7086361926,2016-04-29 13:00:00,2225,211,13
7086361926,2016-04-29 14:00:00,0,69,14
7086361926,2016-04-29 15:00:00,161,84,15
7086361926,2016-04-29 16:00:00,1013,143,16
7086361926,2016-04-29 17:00:00,1093,370,17
7086361926,2016-04-29 18:00:00,1060,180,18
7086361926,2016-04-29 19:00:00,198,108,19
7086361926,2016-04-29 20:00:00,119,91,20
7086361926,2016-04-29 21:00:00,285,97,21
7086361926,2016-04-29 22:00:00,245,113,22
7086361926,2016-04-29 23:00:00,8,82,23
7086361926,2016-04-30 00:00:00,38,89,0
7086361926,2016-04-30 01:00:00,291,133,1
7086361926,2016-04-30 02:00:00,0,70,2
7086361926,2016-04-30 03:00:00,0,71,3
7086361926,2016-04-30 04:00:00,0,69,4
7086361926,2016-04-30 05:00:00,0,68,5
7086361926,2016-04-30 06:00:00,0,68,6
7086361926,2016-04-30 07:00:00,0,68,7
7086361926,2016-04-30 08:00:00,0,68,8
7086361926,2016-04-30 09:00:00,0,71,9
7086361926,2016-04-30 10:00:00,627,138,10
7086361926,2016-04-30 11:00:00,609,132,11
7086361926,2016-04-30 12:00:00,2636,235,12
7086361926,2016-04-30 13:00:00,287,114,13
7086361926,2016-04-30 14:00:00,600,144,14
7086361926,2016-04-30 15:00:00,2508,233,15
7086361926,2016-04-30 16:00:00,947,155,16
7086361926,2016-04-30 17:00:00,726,134,17
7086361926,2016-04-30 18:00:00,502,119,18
7086361926,2016-04-30 19:00:00,923,156,19
7086361926,2016-04-30 20:00:00,1290,173,20
7086361926,2016-04-30 21:00:00,817,152,21
7086361926,2016-04-30 22:00:00,295,114,22
7086361926,2016-04-30 23:00:00,1464,223,23
7086361926,2016-05-01 00:00:00,68,84,0
7086361926,2016-05-01 01:00:00,0,68,1
7086361926,2016-05-01 02:00:00,5,69,2
7086361926,2016-05-01 03:00:00,0,69,3
7086361926,2016-05-01 04:00:00,0,68,4
7086361926,2016-05-01 05:00:00,0,68,5
7086361926,2016-05-01 06:00:00,0,68,6
7086361926,2016-05-01 07:00:00,426,112,7
7086361926,2016-05-01 08:00:00,2824,245,8
7086361926,2016-05-01 09:00:00,247,104,9
7086361926,2016-05-01 10:00:00,2391,238,10
7086361926,2016-05-01 11:00:00,200,93,11
7086361926,2016-05-01 12:00:00,548,130,12
7086361926,2016-05-01 13:00:00,1481,187,13
7086361926,2016-05-01 14:00:00,1305,201,14
7086361926,2016-05-01 15:00:00,643,134,15
7086361926,2016-05-01 16:00:00,0,68,16
7086361926,2016-05-01 17:00:00,0,68,17
7086361926,2016-05-01 18:00:00,1105,139,18
7086361926,2016-05-01 19:00:00,293,108,19
7086361926,2016-05-01 20:00:00,456,152,20
7086361926,2016-05-01 21:00:00,144,93,21
7086361926,2016-05-01 22:00:00,133,83,22
7086361926,2016-05-01 23:00:00,106,78,23
7086361926,2016-05-02 00:00:00,0,70,0
7086361926,2016-05-02 01:00:00,0,68,1
7086361926,2016-05-02 02:00:00,0,68,2
7086361926,2016-05-02 03:00:00,0,68,3
7086361926,2016-05-02 04:00:00,0,68,4
7086361926,2016-05-02 05:00:00,0,68,5
7086361926,2016-05-02 06:00:00,74,77,6
7086361926,2016-05-02 07:00:00,508,135,7
7086361926,2016-05-02 08:00:00,32,76,8
7086361926,2016-05-02 09:00:00,187,81,9
7086361926,2016-05-02 10:00:00,92,78,10
7086361926,2016-05-02 11:00:00,34,73,11
7086361926,2016-05-02 12:00:00,229,93,12
7086361926,2016-05-02 13:00:00,3575,292,13
7086361926,2016-05-02 14:00:00,0,73,14
7086361926,2016-05-02 15:00:00,219,95,15
7086361926,2016-05-02 16:00:00,842,141,16
7086361926,2016-05-02 17:00:00,1426,398,17
7086361926,2016-05-02 18:00:00,2592,326,18
7086361926,2016-05-02 19:00:00,130,95,19
7086361926,2016-05-02 20:00:00,0,83,20
7086361926,2016-05-02 21:00:00,0,72,21
7086361926,2016-05-02 22:00:00,106,89,22
7086361926,2016-05-02 23:00:00,6,70,23
7086361926,2016-05-03 00:00:00,0,69,0
7086361926,2016-05-03 01:00:00,0,68,1
7086361926,2016-05-03 02:00:00,0,69,2
7086361926,2016-05-03 03:00:00,0,68,3
7086361926,2016-05-03 04:00:00,0,68,4
7086361926,2016-05-03 05:00:00,0,68,5
7086361926,2016-05-03 06:00:00,13,71,6
7086361926,2016-05-03 07:00:00,229,108,7
7086361926,2016-05-03 08:00:00,0,73,8
7086361926,2016-05-03 09:00:00,213,85,9
7086361926,2016-05-03 10:00:00,160,84,10
7086361926,2016-05-03 11:00:00,139,79,11
7086361926,2016-05-03 12:00:00,151,86,12
7086361926,2016-05-03 13:00:00,3619,290,13
7086361926,2016-05-03 14:00:00,210,85,14
7086361926,2016-05-03 15:00:00,227,91,15
7086361926,2016-05-03 16:00:00,819,135,16
7086361926,2016-05-03 17:00:00,1219,390,17
7086361926,2016-05-03 18:00:00,1889,252,18
7086361926,2016-05-03 19:00:00,42,88,19
7086361926,2016-05-03 20:00:00,267,102,20
7086361926,2016-05-03 21:00:00,628,135,21
7086361926,2016-05-03 22:00:00,135,82,22
7086361926,2016-05-03 23:00:00,328,109,23
7086361926,2016-05-04 00:00:00,0,68,0
7086361926,2016-05-04 01:00:00,0,68,1
7086361926,2016-05-04 02:00:00,0,68,2
7086361926,2016-05-04 03:00:00,0,68,3
7086361926,2016-05-04 04:00:00,0,68,4
7086361926,2016-05-04 05:00:00,0,68,5
7086361926,2016-05-04 06:00:00,20,72,6
7086361926,2016-05-04 07:00:00,309,109,7
7086361926,2016-05-04 08:00:00,141,80,8
7086361926,2016-05-04 09:00:00,48,74,9
7086361926,2016-05-04 10:00:00,165,84,10
7086361926,2016-05-04 11:00:00,34,74,11
7086361926,2016-05-04 12:00:00,317,99,12
7086361926,2016-05-04 13:00:00,1398,159,13
7086361926,2016-05-04 14:00:00,39,73,14
7086361926,2016-05-04 15:00:00,218,84,15
7086361926,2016-05-04 16:00:00,904,141,16
7086361926,2016-05-04 17:00:00,6091,590,17
7086361926,2016-05-04 18:00:00,877,172,18
7086361926,2016-05-04 19:00:00,262,113,19
7086361926,2016-05-04 20:00:00,0,81,20
7086361926,2016-05-04 21:00:00,30,85,21
7086361926,2016-05-04 22:00:00,127,87,22
7086361926,2016-05-04 23:00:00,8,70,23
7086361926,2016-05-05 00:00:00,0,68,0
7086361926,2016-05-05 01:00:00,0,68,1
7086361926,2016-05-05 02:00:00,0,68,2
7086361926,2016-05-05 03:00:00,0,68,3
7086361926,2016-05-05 04:00:00,0,68,4
7086361926,2016-05-05 05:00:00,0,68,5
7086361926,2016-05-05 06:00:00,0,68,6
7086361926,2016-05-05 07:00:00,389,123,7
7086361926,2016-05-05 08:00:00,387,109,8
7086361926,2016-05-05 09:00:00,0,70,9
7086361926,2016-05-05 10:00:00,157,85,10
7086361926,2016-05-05 11:00:00,265,89,11
7086361926,2016-05-05 12:00:00,66,79,12
7086361926,2016-05-05 13:00:00,4946,384,13
7086361926,2016-05-05 14:00:00,25,87,14
7086361926,2016-05-05 15:00:00,71,82,15
7086361926,2016-05-05 16:00:00,519,116,16
7086361926,2016-05-05 17:00:00,556,130,17
7086361926,2016-05-05 18:00:00,187,97,18
7086361926,2016-05-05 19:00:00,143,91,19
7086361926,2016-05-05 20:00:00,451,114,20
7086361926,2016-05-05 21:00:00,82,78,21
7086361926,2016-05-05 22:00:00,181,88,22
7086361926,2016-05-05 23:00:00,100,84,23
7086361926,2016-05-06 00:00:00,45,75,0
7086361926,2016-05-06 01:00:00,205,90,1
7086361926,2016-05-06 02:00:00,0,68,2
7086361926,2016-05-06 03:00:00,0,69,3
7086361926,2016-05-06 04:00:00,0,68,4
7086361926,2016-05-06 05:00:00,0,68,5
7086361926,2016-05-06 06:00:00,17,72,6
7086361926,2016-05-06 07:00:00,1298,168,7
7086361926,2016-05-06 08:00:00,255,92,8
7086361926,2016-05-06 09:00:00,166,83,9
7086361926,2016-05-06 10:00:00,52,79,10
7086361926,2016-05-06 11:00:00,67,74,11
7086361926,2016-05-06 12:00:00,159,92,12
7086361926,2016-05-06 13:00:00,4869,353,13
7086361926,2016-05-06 14:00:00,539,104,14
7086361926,2016-05-06 15:00:00,76,81,15
7086361926,2016-05-06 16:00:00,1048,151,16
7086361926,2016-05-06 17:00:00,983,421,17
7086361926,2016-05-06 18:00:00,2024,270,18
7086361926,2016-05-06 19:00:00,351,126,19
7086361926,2016-05-06 20:00:00,288,106,20
7086361926,2016-05-06 21:00:00,19,75,21
7086361926,2016-05-06 22:00:00,0,71,22
7086361926,2016-05-06 23:00:00,0,68,23
7086361926,2016-05-07 00:00:00,20,75,0
7086361926,2016-05-07 01:00:00,0,68,1
7086361926,2016-05-07 02:00:00,0,69,2
7086361926,2016-05-07 03:00:00,0,68,3
7086361926,2016-05-07 04:00:00,0,68,4
7086361926,2016-05-07 05:00:00,0,68,5
7086361926,2016-05-07 06:00:00,0,72,6
7086361926,2016-05-07 07:00:00,0,69,7
7086361926,2016-05-07 08:00:00,0,69,8
7086361926,2016-05-07 09:00:00,47,84,9
7086361926,2016-05-07 10:00:00,286,124,10
7086361926,2016-05-07 11:00:00,544,141,11
7086361926,2016-05-07 12:00:00,3925,308,12
7086361926,2016-05-07 13:00:00,1330,170,13
7086361926,2016-05-07 14:00:00,1724,201,14
7086361926,2016-05-07 15:00:00,538,132,15
7086361926,2016-05-07 16:00:00,434,130,16
7086361926,2016-05-07 17:00:00,886,125,17
7086361926,2016-05-07 18:00:00,865,145,18
7086361926,2016-05-07 19:00:00,7,72,19
7086361926,2016-05-07 20:00:00,336,95,20
7086361926,2016-05-07 21:00:00,1746,211,21
7086361926,2016-05-07 22:00:00,133,100,22
7086361926,2016-05-07 23:00:00,6,74,23
7086361926,2016-05-08 00:00:00,25,78,0
7086361926,2016-05-08 01:00:00,0,68,1
7086361926,2016-05-08 02:00:00,0,68,2
7086361926,2016-05-08 03:00:00,0,68,3
7086361926,2016-05-08 04:00:00,0,68,4
7086361926,2016-05-08 05:00:00,0,68,5
7086361926,2016-05-08 06:00:00,0,68,6
7086361926,2016-05-08 07:00:00,7,70,7
7086361926,2016-05-08 08:00:00,0,70,8
7086361926,2016-05-08 09:00:00,542,138,9
7086361926,2016-05-08 10:00:00,0,73,10
7086361926,2016-05-08 11:00:00,26,76,11
7086361926,2016-05-08 12:00:00,370,108,12
7086361926,2016-05-08 13:00:00,86,88,13
7086361926,2016-05-08 14:00:00,184,97,14
7086361926,2016-05-08 15:00:00,3428,267,15
7086361926,2016-05-08 16:00:00,2870,251,16
7086361926,2016-05-08 17:00:00,1164,147,17
7086361926,2016-05-08 18:00:00,0,69,18
7086361926,2016-05-08 19:00:00,377,111,19
7086361926,2016-05-08 20:00:00,987,162,20
7086361926,2016-05-08 21:00:00,123,94,21
7086361926,2016-05-08 22:00:00,121,93,22
7086361926,2016-05-08 23:00:00,367,132,23
7086361926,2016-05-09 00:00:00,0,68,0
7086361926,2016-05-09 01:00:00,0,68,1
7086361926,2016-05-09 02:00:00,0,69,2
7086361926,2016-05-09 03:00:00,0,68,3
7086361926,2016-05-09 04:00:00,0,68,4
7086361926,2016-05-09 05:00:00,0,68,5
7086361926,2016-05-09 06:00:00,20,73,6
7086361926,2016-05-09 07:00:00,286,114,7
7086361926,2016-05-09 08:00:00,356,101,8
7086361926,2016-05-09 09:00:00,204,87,9
7086361926,2016-05-09 10:00:00,32,71,10
7086361926,2016-05-09 11:00:00,159,81,11
7086361926,2016-05-09 12:00:00,383,97,12
7086361926,2016-05-09 13:00:00,5277,369,13
7086361926,2016-05-09 14:00:00,762,119,14
7086361926,2016-05-09 15:00:00,51,74,15
7086361926,2016-05-09 16:00:00,955,147,16
7086361926,2016-05-09 17:00:00,1120,356,17
7086361926,2016-05-09 18:00:00,2415,296,18
7086361926,2016-05-09 19:00:00,968,204,19
7086361926,2016-05-09 20:00:00,437,140,20
7086361926,2016-05-09 21:00:00,133,83,21
7086361926,2016-05-09 22:00:00,0,69,22
7086361926,2016-05-09 23:00:00,0,68,23
7086361926,2016-05-10 00:00:00,0,68,0
7086361926,2016-05-10 01:00:00,0,68,1
7086361926,2016-05-10 02:00:00,0,68,2
7086361926,2016-05-10 03:00:00,0,68,3
7086361926,2016-05-10 04:00:00,0,68,4
7086361926,2016-05-10 05:00:00,0,68,5
7086361926,2016-05-10 06:00:00,0,68,6
7086361926,2016-05-10 07:00:00,296,110,7
7086361926,2016-05-10 08:00:00,139,87,8
7086361926,2016-05-10 09:00:00,195,82,9
7086361926,2016-05-10 10:00:00,177,80,10
7086361926,2016-05-10 11:00:00,171,84,11
7086361926,2016-05-10 12:00:00,138,82,12
7086361926,2016-05-10 13:00:00,4917,358,13
7086361926,2016-05-10 14:00:00,106,83,14
7086361926,2016-05-10 15:00:00,42,72,15
7086361926,2016-05-10 16:00:00,1063,153,16
7086361926,2016-05-10 17:00:00,6235,576,17
7086361926,2016-05-10 18:00:00,803,162,18
7086361926,2016-05-10 19:00:00,63,92,19
7086361926,2016-05-10 20:00:00,0,76,20
7086361926,2016-05-10 21:00:00,0,76,21
7086361926,2016-05-10 22:00:00,62,78,22
7086361926,2016-05-10 23:00:00,0,68,23
7086361926,2016-05-11 00:00:00,0,68,0
7086361926,2016-05-11 01:00:00,6,70,1
7086361926,2016-05-11 02:00:00,0,68,2
7086361926,2016-05-11 03:00:00,0,68,3
7086361926,2016-05-11 04:00:00,0,68,4
7086361926,2016-05-11 05:00:00,0,68,5
7086361926,2016-05-11 06:00:00,23,72,6
7086361926,2016-05-11 07:00:00,278,112,7
7086361926,2016-05-11 08:00:00,163,87,8
7086361926,2016-05-11 09:00:00,161,80,9
7086361926,2016-05-11 10:00:00,162,83,10
7086361926,2016-05-11 11:00:00,102,77,11
7086361926,2016-05-11 12:00:00,97,84,12
7086361926,2016-05-11 13:00:00,3597,287,13
7086361926,2016-05-11 14:00:00,31,75,14
7086361926,2016-05-11 15:00:00,13,72,15
7086361926,2016-05-11 16:00:00,1134,163,16
7086361926,2016-05-11 17:00:00,1253,403,17
7086361926,2016-05-11 18:00:00,2155,295,18
7086361926,2016-05-11 19:00:00,287,120,19
7086361926,2016-05-11 20:00:00,78,90,20
7086361926,2016-05-11 21:00:00,0,79,21
7086361926,2016-05-11 22:00:00,32,76,22
7086361926,2016-05-11 23:00:00,0,70,23
7086361926,2016-05-12 00:00:00,0,68,0
7086361926,2016-05-12 01:00:00,0,68,1
7086361926,2016-05-12 02:00:00,0,68,2
7086361926,2016-05-12 03:00:00,0,68,3
7086361926,2016-05-12 04:00:00,0,68,4
7086361926,2016-05-12 05:00:00,0,68,5
7086361926,2016-05-12 06:00:00,0,69,6
7086361926,2016-05-12 07:00:00,54,84,7
7086361926,2016-05-12 08:00:00,439,118,8
7086361926,2016-05-12 09:00:00,0,69,9
7086361926,2016-05-12 10:00:00,194,82,10
7086361926,2016-05-12 11:00:00,144,79,11
7086361926,2016-05-12 12:00:00,201,86,12
8053475328,2016-04-12 00:00:00,0,75,0
8053475328,2016-04-12 01:00:00,7,77,1
8053475328,2016-04-12 02:00:00,283,110,2
8053475328,2016-04-12 03:00:00,0,73,3
8053475328,2016-04-12 04:00:00,0,73,4
8053475328,2016-04-12 05:00:00,0,73,5
8053475328,2016-04-12 06:00:00,0,73,6
8053475328,2016-04-12 07:00:00,0,73,7
8053475328,2016-04-12 08:00:00,0,73,8
8053475328,2016-04-12 09:00:00,0,73,9
8053475328,2016-04-12 10:00:00,0,73,10
8053475328,2016-04-12 11:00:00,197,89,11
8053475328,2016-04-12 12:00:00,130,88,12
8053475328,2016-04-12 13:00:00,85,88,13
8053475328,2016-04-12 14:00:00,4060,377,14
8053475328,2016-04-12 15:00:00,0,76,15
8053475328,2016-04-12 16:00:00,101,89,16
8053475328,2016-04-12 17:00:00,2785,272,17
8053475328,2016-04-12 18:00:00,2046,240,18
8053475328,2016-04-12 19:00:00,6773,567,19
8053475328,2016-04-12 20:00:00,73,84,20
8053475328,2016-04-12 21:00:00,1218,191,21
8053475328,2016-04-12 22:00:00,129,87,22
8053475328,2016-04-12 23:00:00,173,92,23
8053475328,2016-04-13 00:00:00,4,76,0
8053475328,2016-04-13 01:00:00,180,94,1
8053475328,2016-04-13 02:00:00,0,73,2
8053475328,2016-04-13 03:00:00,0,73,3
8053475328,2016-04-13 04:00:00,0,73,4
8053475328,2016-04-13 05:00:00,0,73,5
8053475328,2016-04-13 06:00:00,0,73,6
8053475328,2016-04-13 07:00:00,0,73,7
8053475328,2016-04-13 08:00:00,0,73,8
8053475328,2016-04-13 09:00:00,0,73,9
8053475328,2016-04-13 10:00:00,83,83,10
8053475328,2016-04-13 11:00:00,502,130,11
8053475328,2016-04-13 12:00:00,201,105,12
8053475328,2016-04-13 13:00:00,2767,287,13
8053475328,2016-04-13 14:00:00,1563,188,14
8053475328,2016-04-13 15:00:00,0,73,15
8053475328,2016-04-13 16:00:00,311,110,16
8053475328,2016-04-13 17:00:00,1083,184,17
8053475328,2016-04-13 18:00:00,1528,205,18
8053475328,2016-04-13 19:00:00,7643,651,19
8053475328,2016-04-13 20:00:00,20,79,20
8053475328,2016-04-13 21:00:00,223,102,21
8053475328,2016-04-13 22:00:00,208,98,22
8053475328,2016-04-13 23:00:00,117,91,23
8053475328,2016-04-14 00:00:00,16,81,0
8053475328,2016-04-14 01:00:00,0,74,1
8053475328,2016-04-14 02:00:00,101,84,2
8053475328,2016-04-14 03:00:00,0,73,3
8053475328,2016-04-14 04:00:00,0,73,4
8053475328,2016-04-14 05:00:00,0,73,5
8053475328,2016-04-14 06:00:00,0,73,6
8053475328,2016-04-14 07:00:00,0,73,7
8053475328,2016-04-14 08:00:00,0,73,8
8053475328,2016-04-14 09:00:00,0,73,9
8053475328,2016-04-14 10:00:00,452,124,10
8053475328,2016-04-14 11:00:00,957,159,11
8053475328,2016-04-14 12:00:00,799,153,12
8053475328,2016-04-14 13:00:00,1777,211,13
8053475328,2016-04-14 14:00:00,2559,275,14
8053475328,2016-04-14 15:00:00,18,79,15
8053475328,2016-04-14 16:00:00,386,114,16
8053475328,2016-04-14 17:00:00,430,119,17
8053475328,2016-04-14 18:00:00,3243,338,18
8053475328,2016-04-14 19:00:00,5883,505,19
8053475328,2016-04-14 20:00:00,2708,258,20
8053475328,2016-04-14 21:00:00,118,85,21
8053475328,2016-04-14 22:00:00,236,104,22
8053475328,2016-04-14 23:00:00,406,133,23
8053475328,2016-04-15 00:00:00,179,92,0
8053475328,2016-04-15 01:00:00,64,83,1
8053475328,2016-04-15 02:00:00,53,79,2
8053475328,2016-04-15 03:00:00,0,73,3
8053475328,2016-04-15 04:00:00,0,73,4
8053475328,2016-04-15 05:00:00,0,73,5
8053475328,2016-04-15 06:00:00,0,73,6
8053475328,2016-04-15 07:00:00,0,73,7
8053475328,2016-04-15 08:00:00,0,73,8
8053475328,2016-04-15 09:00:00,0,73,9
8053475328,2016-04-15 10:00:00,0,73,10
8053475328,2016-04-15 11:00:00,216,98,11
8053475328,2016-04-15 12:00:00,176,93,12
8053475328,2016-04-15 13:00:00,2600,278,13
8053475328,2016-04-15 14:00:00,2025,229,14
8053475328,2016-04-15 15:00:00,193,94,15
8053475328,2016-04-15 16:00:00,349,112,16
8053475328,2016-04-15 17:00:00,563,139,17
8053475328,2016-04-15 18:00:00,3542,353,18
8053475328,2016-04-15 19:00:00,6834,563,19
8053475328,2016-04-15 20:00:00,2967,276,20
8053475328,2016-04-15 21:00:00,138,95,21
8053475328,2016-04-15 22:00:00,770,169,22
8053475328,2016-04-15 23:00:00,0,73,23
8053475328,2016-04-16 00:00:00,0,73,0
8053475328,2016-04-16 01:00:00,0,73,1
8053475328,2016-04-16 02:00:00,0,73,2
8053475328,2016-04-16 03:00:00,58,77,3
8053475328,2016-04-16 04:00:00,0,73,4
8053475328,2016-04-16 05:00:00,0,73,5
8053475328,2016-04-16 06:00:00,0,73,6
8053475328,2016-04-16 07:00:00,0,73,7
8053475328,2016-04-16 08:00:00,0,73,8
8053475328,2016-04-16 09:00:00,0,73,9
8053475328,2016-04-16 10:00:00,0,73,10
8053475328,2016-04-16 11:00:00,290,97,11
8053475328,2016-04-16 12:00:00,186,90,12
8053475328,2016-04-16 13:00:00,4316,384,13
8053475328,2016-04-16 14:00:00,80,82,14
8053475328,2016-04-16 15:00:00,94,83,15
8053475328,2016-04-16 16:00:00,44,81,16
8053475328,2016-04-16 17:00:00,109,89,17
8053475328,2016-04-16 18:00:00,275,111,18
8053475328,2016-04-16 19:00:00,7529,612,19
8053475328,2016-04-16 20:00:00,1195,163,20
8053475328,2016-04-16 21:00:00,147,90,21
8053475328,2016-04-16 22:00:00,226,106,22
8053475328,2016-04-16 23:00:00,0,73,23
8053475328,2016-04-17 00:00:00,0,73,0
8053475328,2016-04-17 01:00:00,0,73,1
8053475328,2016-04-17 02:00:00,0,73,2
8053475328,2016-04-17 03:00:00,0,73,3
8053475328,2016-04-17 04:00:00,53,78,4
8053475328,2016-04-17 05:00:00,0,73,5
8053475328,2016-04-17 06:00:00,0,73,6
8053475328,2016-04-17 07:00:00,0,73,7
8053475328,2016-04-17 08:00:00,0,73,8
8053475328,2016-04-17 09:00:00,0,73,9
8053475328,2016-04-17 10:00:00,0,73,10
8053475328,2016-04-17 11:00:00,0,73,11
8053475328,2016-04-17 12:00:00,0,73,12
8053475328,2016-04-17 13:00:00,172,93,13
8053475328,2016-04-17 14:00:00,2835,281,14
8053475328,2016-04-17 15:00:00,2362,242,15
8053475328,2016-04-17 16:00:00,189,97,16
8053475328,2016-04-17 17:00:00,657,150,17
8053475328,2016-04-17 18:00:00,770,154,18
8053475328,2016-04-17 19:00:00,4570,388,19
8053475328,2016-04-17 20:00:00,513,131,20
8053475328,2016-04-17 21:00:00,1789,210,21
8053475328,2016-04-17 22:00:00,3463,326,22
8053475328,2016-04-17 23:00:00,1454,185,23
8053475328,2016-04-18 00:00:00,43,80,0
8053475328,2016-04-18 01:00:00,309,101,1
8053475328,2016-04-18 02:00:00,49,76,2
8053475328,2016-04-18 03:00:00,0,73,3
8053475328,2016-04-18 04:00:00,0,73,4
8053475328,2016-04-18 05:00:00,0,73,5
8053475328,2016-04-18 06:00:00,0,73,6
8053475328,2016-04-18 07:00:00,0,73,7
8053475328,2016-04-18 08:00:00,0,73,8
8053475328,2016-04-18 09:00:00,0,73,9
8053475328,2016-04-18 10:00:00,0,73,10
8053475328,2016-04-18 11:00:00,542,132,11
8053475328,2016-04-18 12:00:00,445,133,12
8053475328,2016-04-18 13:00:00,4134,367,13
8053475328,2016-04-18 14:00:00,280,98,14
8053475328,2016-04-18 15:00:00,244,104,15
8053475328,2016-04-18 16:00:00,0,76,16
8053475328,2016-04-18 17:00:00,444,125,17
8053475328,2016-04-18 18:00:00,639,150,18
8053475328,2016-04-18 19:00:00,4554,386,19
8053475328,2016-04-18 20:00:00,24,80,20
8053475328,2016-04-18 21:00:00,1169,195,21
8053475328,2016-04-18 22:00:00,3973,354,22
8053475328,2016-04-18 23:00:00,227,93,23
8053475328,2016-04-19 00:00:00,158,88,0
8053475328,2016-04-19 01:00:00,203,99,1
8053475328,2016-04-19 02:00:00,0,73,2
8053475328,2016-04-19 03:00:00,0,73,3
8053475328,2016-04-19 04:00:00,0,73,4
8053475328,2016-04-19 05:00:00,0,73,5
8053475328,2016-04-19 06:00:00,0,73,6
8053475328,2016-04-19 07:00:00,0,73,7
8053475328,2016-04-19 08:00:00,0,73,8
8053475328,2016-04-19 09:00:00,0,73,9
8053475328,2016-04-19 10:00:00,0,73,10
8053475328,2016-04-19 11:00:00,269,107,11
8053475328,2016-04-19 12:00:00,463,129,12
8053475328,2016-04-19 13:00:00,194,104,13
8053475328,2016-04-19 14:00:00,133,99,14
8053475328,2016-04-19 15:00:00,1293,187,15
8053475328,2016-04-19 16:00:00,3116,321,16
8053475328,2016-04-19 17:00:00,14,82,17
8053475328,2016-04-19 18:00:00,645,145,18
8053475328,2016-04-19 19:00:00,4177,382,19
8053475328,2016-04-19 20:00:00,7,77,20
8053475328,2016-04-19 21:00:00,1511,215,21
8053475328,2016-04-19 22:00:00,3619,328,22
8053475328,2016-04-19 23:00:00,127,92,23
8053475328,2016-04-20 00:00:00,15,77,0
8053475328,2016-04-20 01:00:00,100,87,1
8053475328,2016-04-20 02:00:00,51,81,2
8053475328,2016-04-20 03:00:00,0,73,3
8053475328,2016-04-20 04:00:00,0,73,4
8053475328,2016-04-20 05:00:00,0,73,5
8053475328,2016-04-20 06:00:00,0,73,6
8053475328,2016-04-20 07:00:00,0,73,7
8053475328,2016-04-20 08:00:00,0,73,8
8053475328,2016-04-20 09:00:00,0,73,9
8053475328,2016-04-20 10:00:00,104,84,10
8053475328,2016-04-20 11:00:00,307,106,11
8053475328,2016-04-20 12:00:00,17,80,12
8053475328,2016-04-20 13:00:00,344,111,13
8053475328,2016-04-20 14:00:00,3875,380,14
8053475328,2016-04-20 15:00:00,239,98,15
8053475328,2016-04-20 16:00:00,158,91,16
8053475328,2016-04-20 17:00:00,433,125,17
8053475328,2016-04-20 18:00:00,1144,164,18
8053475328,2016-04-20 19:00:00,3166,324,19
8053475328,2016-04-20 20:00:00,13,81,20
8053475328,2016-04-20 21:00:00,775,174,21
8053475328,2016-04-20 22:00:00,4206,372,22
8053475328,2016-04-20 23:00:00,161,98,23
8053475328,2016-04-21 00:00:00,0,75,0
8053475328,2016-04-21 01:00:00,186,93,1
8053475328,2016-04-21 02:00:00,82,81,2
8053475328,2016-04-21 03:00:00,0,73,3
8053475328,2016-04-21 04:00:00,0,73,4
8053475328,2016-04-21 05:00:00,0,73,5
8053475328,2016-04-21 06:00:00,0,73,6
8053475328,2016-04-21 07:00:00,0,73,7
8053475328,2016-04-21 08:00:00,0,73,8
8053475328,2016-04-21 09:00:00,0,73,9
8053475328,2016-04-21 10:00:00,224,109,10
8053475328,2016-04-21 11:00:00,194,103,11
8053475328,2016-04-21 12:00:00,246,106,12
8053475328,2016-04-21 13:00:00,815,140,13
8053475328,2016-04-21 14:00:00,3411,342,14
8053475328,2016-04-21 15:00:00,126,89,15
8053475328,2016-04-21 16:00:00,190,95,16
8053475328,2016-04-21 17:00:00,531,130,17
8053475328,2016-04-21 18:00:00,602,142,18
8053475328,2016-04-21 19:00:00,4308,372,19
8053475328,2016-04-21 20:00:00,0,75,20
8053475328,2016-04-21 21:00:00,625,156,21
8053475328,2016-04-21 22:00:00,4407,396,22
8053475328,2016-04-21 23:00:00,102,88,23
8053475328,2016-04-22 00:00:00,18,79,0
8053475328,2016-04-22 01:00:00,50,79,1
8053475328,2016-04-22 02:00:00,142,88,2
8053475328,2016-04-22 03:00:00,0,73,3
8053475328,2016-04-22 04:00:00,0,73,4
8053475328,2016-04-22 05:00:00,0,73,5
8053475328,2016-04-22 06:00:00,0,73,6
8053475328,2016-04-22 07:00:00,0,73,7
8053475328,2016-04-22 08:00:00,0,73,8
8053475328,2016-04-22 09:00:00,0,73,9
8053475328,2016-04-22 10:00:00,0,73,10
8053475328,2016-04-22 11:00:00,111,84,11
8053475328,2016-04-22 12:00:00,34,80,12
8053475328,2016-04-22 13:00:00,4019,370,13
8053475328,2016-04-22 14:00:00,14,81,14
8053475328,2016-04-22 15:00:00,171,89,15
8053475328,2016-04-22 16:00:00,216,97,16
8053475328,2016-04-22 17:00:00,109,93,17
8053475328,2016-04-22 18:00:00,112,88,18
8053475328,2016-04-22 19:00:00,396,123,19
8053475328,2016-04-22 20:00:00,4147,389,20
8053475328,2016-04-22 21:00:00,0,74,21
8053475328,2016-04-22 22:00:00,696,158,22
8053475328,2016-04-22 23:00:00,285,99,23
8053475328,2016-04-23 00:00:00,68,85,0
8053475328,2016-04-23 01:00:00,0,74,1
8053475328,2016-04-23 02:00:00,0,74,2
8053475328,2016-04-23 03:00:00,212,96,3
8053475328,2016-04-23 04:00:00,0,73,4
8053475328,2016-04-23 05:00:00,0,73,5
8053475328,2016-04-23 06:00:00,0,73,6
8053475328,2016-04-23 07:00:00,0,73,7
8053475328,2016-04-23 08:00:00,0,73,8
8053475328,2016-04-23 09:00:00,0,73,9
8053475328,2016-04-23 10:00:00,0,73,10
8053475328,2016-04-23 11:00:00,0,73,11
8053475328,2016-04-23 12:00:00,171,92,12
8053475328,2016-04-23 13:00:00,4083,368,13
8053475328,2016-04-23 14:00:00,4669,415,14
8053475328,2016-04-23 15:00:00,181,95,15
8053475328,2016-04-23 16:00:00,430,118,16
8053475328,2016-04-23 17:00:00,1272,197,17
8053475328,2016-04-23 18:00:00,969,172,18
8053475328,2016-04-23 19:00:00,4550,411,19
8053475328,2016-04-23 20:00:00,500,124,20
8053475328,2016-04-23 21:00:00,869,174,21
8053475328,2016-04-23 22:00:00,4214,378,22
8053475328,2016-04-23 23:00:00,171,98,23
8053475328,2016-04-24 00:00:00,4,77,0
8053475328,2016-04-24 01:00:00,101,89,1
8053475328,2016-04-24 02:00:00,139,86,2
8053475328,2016-04-24 03:00:00,0,73,3
8053475328,2016-04-24 04:00:00,0,73,4
8053475328,2016-04-24 05:00:00,0,73,5
8053475328,2016-04-24 06:00:00,0,73,6
8053475328,2016-04-24 07:00:00,0,73,7
8053475328,2016-04-24 08:00:00,0,73,8
8053475328,2016-04-24 09:00:00,0,73,9
8053475328,2016-04-24 10:00:00,0,73,10
8053475328,2016-04-24 11:00:00,0,73,11
8053475328,2016-04-24 12:00:00,0,73,12
8053475328,2016-04-24 13:00:00,539,133,13
8053475328,2016-04-24 14:00:00,5689,489,14
8053475328,2016-04-24 15:00:00,3604,343,15
8053475328,2016-04-24 16:00:00,2777,281,16
8053475328,2016-04-24 17:00:00,804,167,17
8053475328,2016-04-24 18:00:00,4340,405,18
8053475328,2016-04-24 19:00:00,310,110,19
8053475328,2016-04-24 20:00:00,135,94,20
8053475328,2016-04-24 21:00:00,4400,405,21
8053475328,2016-04-24 22:00:00,134,90,22
8053475328,2016-04-24 23:00:00,12,76,23
8053475328,2016-04-25 00:00:00,0,73,0
8053475328,2016-04-25 01:00:00,108,82,1
8053475328,2016-04-25 02:00:00,0,73,2
8053475328,2016-04-25 03:00:00,0,73,3
8053475328,2016-04-25 04:00:00,0,73,4
8053475328,2016-04-25 05:00:00,0,73,5
8053475328,2016-04-25 06:00:00,0,73,6
8053475328,2016-04-25 07:00:00,0,73,7
8053475328,2016-04-25 08:00:00,0,73,8
8053475328,2016-04-25 09:00:00,0,73,9
8053475328,2016-04-25 10:00:00,602,130,10
8053475328,2016-04-25 11:00:00,945,174,11
8053475328,2016-04-25 12:00:00,265,104,12
8053475328,2016-04-25 13:00:00,1893,221,13
8053475328,2016-04-25 14:00:00,2517,263,14
8053475328,2016-04-25 15:00:00,89,86,15
8053475328,2016-04-25 16:00:00,398,116,16
8053475328,2016-04-25 17:00:00,2945,279,17
8053475328,2016-04-25 18:00:00,1289,184,18
8053475328,2016-04-25 19:00:00,4219,386,19
8053475328,2016-04-25 20:00:00,253,103,20
8053475328,2016-04-25 21:00:00,3034,320,21
8053475328,2016-04-25 22:00:00,1936,219,22
8053475328,2016-04-25 23:00:00,7,78,23
8053475328,2016-04-26 00:00:00,95,91,0
8053475328,2016-04-26 01:00:00,146,97,1
8053475328,2016-04-26 02:00:00,140,87,2
8053475328,2016-04-26 03:00:00,0,73,3
8053475328,2016-04-26 04:00:00,0,73,4
8053475328,2016-04-26 05:00:00,0,73,5
8053475328,2016-04-26 06:00:00,0,73,6
8053475328,2016-04-26 07:00:00,0,73,7
8053475328,2016-04-26 08:00:00,0,73,8
8053475328,2016-04-26 09:00:00,0,73,9
8053475328,2016-04-26 10:00:00,321,107,10
8053475328,2016-04-26 11:00:00,210,99,11
8053475328,2016-04-26 12:00:00,1042,162,12
8053475328,2016-04-26 13:00:00,4083,361,13
8053475328,2016-04-26 14:00:00,127,95,14
8053475328,2016-04-26 15:00:00,430,109,15
8053475328,2016-04-26 16:00:00,128,91,16
8053475328,2016-04-26 17:00:00,318,108,17
8053475328,2016-04-26 18:00:00,3864,374,18
8053475328,2016-04-26 19:00:00,421,107,19
8053475328,2016-04-26 20:00:00,9,78,20
8053475328,2016-04-26 21:00:00,566,136,21
8053475328,2016-04-26 22:00:00,514,129,22
8053475328,2016-04-26 23:00:00,271,104,23
8053475328,2016-04-27 00:00:00,0,73,0
8053475328,2016-04-27 01:00:00,74,84,1
8053475328,2016-04-27 02:00:00,276,96,2
8053475328,2016-04-27 03:00:00,0,73,3
8053475328,2016-04-27 04:00:00,0,73,4
8053475328,2016-04-27 05:00:00,0,73,5
8053475328,2016-04-27 06:00:00,0,73,6
8053475328,2016-04-27 07:00:00,0,73,7
8053475328,2016-04-27 08:00:00,0,73,8
8053475328,2016-04-27 09:00:00,0,73,9
8053475328,2016-04-27 10:00:00,44,78,10
8053475328,2016-04-27 11:00:00,399,114,11
8053475328,2016-04-27 12:00:00,457,135,12
8053475328,2016-04-27 13:00:00,2681,281,13
8053475328,2016-04-27 14:00:00,1643,200,14
8053475328,2016-04-27 15:00:00,0,73,15
8053475328,2016-04-27 16:00:00,81,85,16
8053475328,2016-04-27 17:00:00,571,129,17
8053475328,2016-04-27 18:00:00,224,118,18
8053475328,2016-04-27 19:00:00,4195,381,19
8053475328,2016-04-27 20:00:00,0,75,20
8053475328,2016-04-27 21:00:00,885,173,21
8053475328,2016-04-27 22:00:00,387,118,22
8053475328,2016-04-27 23:00:00,505,126,23
8053475328,2016-04-28 00:00:00,0,73,0
8053475328,2016-04-28 01:00:00,0,73,1
8053475328,2016-04-28 02:00:00,0,73,2
8053475328,2016-04-28 03:00:00,0,73,3
8053475328,2016-04-28 04:00:00,0,73,4
8053475328,2016-04-28 05:00:00,0,73,5
8053475328,2016-04-28 06:00:00,0,73,6
8053475328,2016-04-28 07:00:00,0,73,7
8053475328,2016-04-28 08:00:00,0,73,8
8053475328,2016-04-28 09:00:00,0,73,9
8053475328,2016-04-28 10:00:00,0,73,10
8053475328,2016-04-28 11:00:00,229,108,11
8053475328,2016-04-28 12:00:00,825,154,12
8053475328,2016-04-28 13:00:00,1413,186,13
8053475328,2016-04-28 14:00:00,2896,301,14
8053475328,2016-04-28 15:00:00,116,89,15
8053475328,2016-04-28 16:00:00,319,106,16
8053475328,2016-04-28 17:00:00,138,93,17
8053475328,2016-04-28 18:00:00,316,121,18
8053475328,2016-04-28 19:00:00,4134,392,19
8053475328,2016-04-28 20:00:00,9,78,20
8053475328,2016-04-28 21:00:00,646,156,21
8053475328,2016-04-28 22:00:00,4183,377,22
8053475328,2016-04-28 23:00:00,223,98,23
8053475328,2016-04-29 00:00:00,81,82,0
8053475328,2016-04-29 01:00:00,0,74,1
8053475328,2016-04-29 02:00:00,261,101,2
8053475328,2016-04-29 03:00:00,0,73,3
8053475328,2016-04-29 04:00:00,0,73,4
8053475328,2016-04-29 05:00:00,0,73,5
8053475328,2016-04-29 06:00:00,0,73,6
8053475328,2016-04-29 07:00:00,0,73,7
8053475328,2016-04-29 08:00:00,0,73,8
8053475328,2016-04-29 09:00:00,0,73,9
8053475328,2016-04-29 10:00:00,0,73,10
8053475328,2016-04-29 11:00:00,237,92,11
8053475328,2016-04-29 12:00:00,636,125,12
8053475328,2016-04-29 13:00:00,231,99,13
8053475328,2016-04-29 14:00:00,4316,396,14
8053475328,2016-04-29 15:00:00,175,91,15
8053475328,2016-04-29 16:00:00,210,95,16
8053475328,2016-04-29 17:00:00,627,139,17
8053475328,2016-04-29 18:00:00,2405,259,18
8053475328,2016-04-29 19:00:00,1968,227,19
8053475328,2016-04-29 20:00:00,162,97,20
8053475328,2016-04-29 21:00:00,662,140,21
8053475328,2016-04-29 22:00:00,265,103,22
8053475328,2016-04-29 23:00:00,79,89,23
8053475328,2016-04-30 00:00:00,39,83,0
8053475328,2016-04-30 01:00:00,255,106,1
8053475328,2016-04-30 02:00:00,5,77,2
8053475328,2016-04-30 03:00:00,0,74,3
8053475328,2016-04-30 04:00:00,290,102,4
8053475328,2016-04-30 05:00:00,0,73,5
8053475328,2016-04-30 06:00:00,0,73,6
8053475328,2016-04-30 07:00:00,0,73,7
8053475328,2016-04-30 08:00:00,0,73,8
8053475328,2016-04-30 09:00:00,0,73,9
8053475328,2016-04-30 10:00:00,0,73,10
8053475328,2016-04-30 11:00:00,0,73,11
8053475328,2016-04-30 12:00:00,313,103,12
8053475328,2016-04-30 13:00:00,0,76,13
8053475328,2016-04-30 14:00:00,7,77,14
8053475328,2016-04-30 15:00:00,3851,369,15
8053475328,2016-04-30 16:00:00,1153,168,16
8053475328,2016-04-30 17:00:00,813,155,17
8053475328,2016-04-30 18:00:00,25,79,18
8053475328,2016-04-30 19:00:00,174,93,19
8053475328,2016-04-30 20:00:00,64,82,20
8053475328,2016-04-30 21:00:00,14,80,21
8053475328,2016-04-30 22:00:00,112,94,22
8053475328,2016-04-30 23:00:00,20,79,23
8053475328,2016-05-01 00:00:00,0,73,0
8053475328,2016-05-01 01:00:00,0,73,1
8053475328,2016-05-01 02:00:00,0,73,2
8053475328,2016-05-01 03:00:00,0,73,3
8053475328,2016-05-01 04:00:00,0,73,4
8053475328,2016-05-01 05:00:00,0,73,5
8053475328,2016-05-01 06:00:00,0,73,6
8053475328,2016-05-01 07:00:00,202,95,7
8053475328,2016-05-01 08:00:00,0,73,8
8053475328,2016-05-01 09:00:00,0,73,9
8053475328,2016-05-01 10:00:00,0,73,10
8053475328,2016-05-01 11:00:00,0,73,11
8053475328,2016-05-01 12:00:00,0,73,12
8053475328,2016-05-01 13:00:00,176,96,13
8053475328,2016-05-01 14:00:00,382,125,14
8053475328,2016-05-01 15:00:00,410,109,15
8053475328,2016-05-01 16:00:00,0,73,16
8053475328,2016-05-01 17:00:00,0,73,17
8053475328,2016-05-01 18:00:00,0,73,18
8053475328,2016-05-01 19:00:00,0,73,19
8053475328,2016-05-01 20:00:00,0,73,20
8053475328,2016-05-01 21:00:00,0,73,21
8053475328,2016-05-01 22:00:00,0,73,22
8053475328,2016-05-01 23:00:00,0,73,23
8053475328,2016-05-02 00:00:00,0,73,0
8053475328,2016-05-02 01:00:00,0,73,1
8053475328,2016-05-02 02:00:00,0,73,2
8053475328,2016-05-02 03:00:00,0,73,3
8053475328,2016-05-02 04:00:00,0,73,4
8053475328,2016-05-02 05:00:00,0,73,5
8053475328,2016-05-02 06:00:00,124,83,6
8053475328,2016-05-02 07:00:00,0,73,7
8053475328,2016-05-02 08:00:00,0,73,8
8053475328,2016-05-02 09:00:00,0,73,9
8053475328,2016-05-02 10:00:00,0,73,10
8053475328,2016-05-02 11:00:00,0,73,11
8053475328,2016-05-02 12:00:00,0,73,12
8053475328,2016-05-02 13:00:00,0,73,13
8053475328,2016-05-02 14:00:00,0,73,14
8053475328,2016-05-02 15:00:00,0,73,15
8053475328,2016-05-02 16:00:00,0,73,16
8053475328,2016-05-02 17:00:00,87,83,17
8053475328,2016-05-02 18:00:00,663,155,18
8053475328,2016-05-02 19:00:00,721,148,19
8053475328,2016-05-02 20:00:00,49,86,20
8053475328,2016-05-02 21:00:00,58,82,21
8053475328,2016-05-02 22:00:00,147,96,22
8053475328,2016-05-02 23:00:00,120,91,23
8053475328,2016-05-03 00:00:00,316,104,0
8053475328,2016-05-03 01:00:00,147,88,1
8053475328,2016-05-03 02:00:00,0,73,2
8053475328,2016-05-03 03:00:00,0,73,3
8053475328,2016-05-03 04:00:00,0,73,4
8053475328,2016-05-03 05:00:00,0,73,5
8053475328,2016-05-03 06:00:00,0,73,6
8053475328,2016-05-03 07:00:00,0,73,7
8053475328,2016-05-03 08:00:00,0,73,8
8053475328,2016-05-03 09:00:00,0,73,9
8053475328,2016-05-03 10:00:00,0,73,10
8053475328,2016-05-03 11:00:00,0,73,11
8053475328,2016-05-03 12:00:00,273,112,12
8053475328,2016-05-03 13:00:00,156,95,13
8053475328,2016-05-03 14:00:00,4407,414,14
8053475328,2016-05-03 15:00:00,359,113,15
8053475328,2016-05-03 16:00:00,509,120,16
8053475328,2016-05-03 17:00:00,3934,357,17
8053475328,2016-05-03 18:00:00,502,128,18
8053475328,2016-05-03 19:00:00,3641,341,19
8053475328,2016-05-03 20:00:00,601,117,20
8053475328,2016-05-03 21:00:00,383,128,21
8053475328,2016-05-03 22:00:00,256,100,22
8053475328,2016-05-03 23:00:00,0,75,23
8053475328,2016-05-04 00:00:00,66,89,0
8053475328,2016-05-04 01:00:00,0,75,1
8053475328,2016-05-04 02:00:00,180,95,2
8053475328,2016-05-04 03:00:00,0,73,3
8053475328,2016-05-04 04:00:00,0,73,4
8053475328,2016-05-04 05:00:00,0,73,5
8053475328,2016-05-04 06:00:00,0,73,6
8053475328,2016-05-04 07:00:00,0,73,7
8053475328,2016-05-04 08:00:00,0,73,8
8053475328,2016-05-04 09:00:00,0,73,9
8053475328,2016-05-04 10:00:00,0,73,10
8053475328,2016-05-04 11:00:00,0,73,11
8053475328,2016-05-04 12:00:00,395,121,12
8053475328,2016-05-04 13:00:00,138,93,13
8053475328,2016-05-04 14:00:00,4075,370,14
8053475328,2016-05-04 15:00:00,159,95,15
8053475328,2016-05-04 16:00:00,354,104,16
8053475328,2016-05-04 17:00:00,20,82,17
8053475328,2016-05-04 18:00:00,127,94,18
8053475328,2016-05-04 19:00:00,3961,355,19
8053475328,2016-05-04 20:00:00,37,76,20
8053475328,2016-05-04 21:00:00,2853,298,21
8053475328,2016-05-04 22:00:00,2135,229,22
8053475328,2016-05-04 23:00:00,63,83,23
8053475328,2016-05-05 00:00:00,25,79,0
8053475328,2016-05-05 01:00:00,0,76,1
8053475328,2016-05-05 02:00:00,59,79,2
8053475328,2016-05-05 03:00:00,0,73,3
8053475328,2016-05-05 04:00:00,0,73,4
8053475328,2016-05-05 05:00:00,0,73,5
8053475328,2016-05-05 06:00:00,0,73,6
8053475328,2016-05-05 07:00:00,0,73,7
8053475328,2016-05-05 08:00:00,0,73,8
8053475328,2016-05-05 09:00:00,0,73,9
8053475328,2016-05-05 10:00:00,0,73,10
8053475328,2016-05-05 11:00:00,143,91,11
8053475328,2016-05-05 12:00:00,532,132,12
8053475328,2016-05-05 13:00:00,222,93,13
8053475328,2016-05-05 14:00:00,3848,348,14
8053475328,2016-05-05 15:00:00,175,91,15
8053475328,2016-05-05 16:00:00,67,81,16
8053475328,2016-05-05 17:00:00,270,108,17
8053475328,2016-05-05 18:00:00,576,144,18
8053475328,2016-05-05 19:00:00,4501,383,19
8053475328,2016-05-05 20:00:00,13,78,20
8053475328,2016-05-05 21:00:00,4119,405,21
8053475328,2016-05-05 22:00:00,440,107,22
8053475328,2016-05-05 23:00:00,0,75,23
8053475328,2016-05-06 00:00:00,64,82,0
8053475328,2016-05-06 01:00:00,77,83,1
8053475328,2016-05-06 02:00:00,82,80,2
8053475328,2016-05-06 03:00:00,0,73,3
8053475328,2016-05-06 04:00:00,0,73,4
8053475328,2016-05-06 05:00:00,0,73,5
8053475328,2016-05-06 06:00:00,0,73,6
8053475328,2016-05-06 07:00:00,0,73,7
8053475328,2016-05-06 08:00:00,0,73,8
8053475328,2016-05-06 09:00:00,0,73,9
8053475328,2016-05-06 10:00:00,0,73,10
8053475328,2016-05-06 11:00:00,0,73,11
8053475328,2016-05-06 12:00:00,0,73,12
8053475328,2016-05-06 13:00:00,240,103,13
8053475328,2016-05-06 14:00:00,4251,400,14
8053475328,2016-05-06 15:00:00,0,73,15
8053475328,2016-05-06 16:00:00,0,73,16
8053475328,2016-05-06 17:00:00,81,86,17
8053475328,2016-05-06 18:00:00,184,104,18
8053475328,2016-05-06 19:00:00,4010,379,19
8053475328,2016-05-06 20:00:00,0,73,20
8053475328,2016-05-06 21:00:00,1532,211,21
8053475328,2016-05-06 22:00:00,3395,305,22
8053475328,2016-05-06 23:00:00,37,82,23
8053475328,2016-05-07 00:00:00,80,86,0
8053475328,2016-05-07 01:00:00,0,73,1
8053475328,2016-05-07 02:00:00,0,73,2
8053475328,2016-05-07 03:00:00,0,73,3
8053475328,2016-05-07 04:00:00,58,78,4
8053475328,2016-05-07 05:00:00,0,73,5
8053475328,2016-05-07 06:00:00,0,73,6
8053475328,2016-05-07 07:00:00,0,73,7
8053475328,2016-05-07 08:00:00,0,73,8
8053475328,2016-05-07 09:00:00,0,73,9
8053475328,2016-05-07 10:00:00,0,73,10
8053475328,2016-05-07 11:00:00,0,73,11
8053475328,2016-05-07 12:00:00,0,73,12
8053475328,2016-05-07 13:00:00,179,97,13
8053475328,2016-05-07 14:00:00,3349,313,14
8053475328,2016-05-07 15:00:00,980,153,15
8053475328,2016-05-07 16:00:00,4746,424,16
8053475328,2016-05-07 17:00:00,2344,270,17
8053475328,2016-05-07 18:00:00,606,154,18
8053475328,2016-05-07 19:00:00,4255,402,19
8053475328,2016-05-07 20:00:00,0,73,20
8053475328,2016-05-07 21:00:00,970,163,21
8053475328,2016-05-07 22:00:00,2070,225,22
8053475328,2016-05-07 23:00:00,132,91,23
8053475328,2016-05-08 00:00:00,230,100,0
8053475328,2016-05-08 01:00:00,8,76,1
8053475328,2016-05-08 02:00:00,87,82,2
8053475328,2016-05-08 03:00:00,19,79,3
8053475328,2016-05-08 04:00:00,157,89,4
8053475328,2016-05-08 05:00:00,0,73,5
8053475328,2016-05-08 06:00:00,0,73,6
8053475328,2016-05-08 07:00:00,0,73,7
8053475328,2016-05-08 08:00:00,0,73,8
8053475328,2016-05-08 09:00:00,0,73,9
8053475328,2016-05-08 10:00:00,0,73,10
8053475328,2016-05-08 11:00:00,0,73,11
8053475328,2016-05-08 12:00:00,177,93,12
8053475328,2016-05-08 13:00:00,6,78,13
8053475328,2016-05-08 14:00:00,4214,391,14
8053475328,2016-05-08 15:00:00,575,135,15
8053475328,2016-05-08 16:00:00,919,167,16
8053475328,2016-05-08 17:00:00,1310,199,17
8053475328,2016-05-08 18:00:00,910,175,18
8053475328,2016-05-08 19:00:00,4336,413,19
8053475328,2016-05-08 20:00:00,143,96,20
8053475328,2016-05-08 21:00:00,7617,649,21
8053475328,2016-05-08 22:00:00,1255,172,22
8053475328,2016-05-08 23:00:00,63,86,23
8053475328,2016-05-09 00:00:00,0,75,0
8053475328,2016-05-09 01:00:00,50,80,1
8053475328,2016-05-09 02:00:00,0,73,2
8053475328,2016-05-09 03:00:00,34,76,3
8053475328,2016-05-09 04:00:00,0,73,4
8053475328,2016-05-09 05:00:00,0,73,5
8053475328,2016-05-09 06:00:00,0,73,6
8053475328,2016-05-09 07:00:00,0,73,7
8053475328,2016-05-09 08:00:00,0,73,8
8053475328,2016-05-09 09:00:00,0,73,9
8053475328,2016-05-09 10:00:00,0,73,10
8053475328,2016-05-09 11:00:00,0,73,11
8053475328,2016-05-09 12:00:00,532,128,12
8053475328,2016-05-09 13:00:00,1580,210,13
8053475328,2016-05-09 14:00:00,4983,415,14
8053475328,2016-05-09 15:00:00,81,87,15
8053475328,2016-05-09 16:00:00,140,87,16
8053475328,2016-05-09 17:00:00,198,108,17
8053475328,2016-05-09 18:00:00,4074,376,18
8053475328,2016-05-09 19:00:00,15,80,19
8053475328,2016-05-09 20:00:00,7,77,20
8053475328,2016-05-09 21:00:00,693,151,21
8053475328,2016-05-09 22:00:00,25,77,22
8053475328,2016-05-09 23:00:00,53,83,23
8053475328,2016-05-10 00:00:00,20,79,0
8053475328,2016-05-10 01:00:00,0,75,1
8053475328,2016-05-10 02:00:00,162,88,2
8053475328,2016-05-10 03:00:00,0,73,3
8053475328,2016-05-10 04:00:00,0,73,4
8053475328,2016-05-10 05:00:00,0,73,5
8053475328,2016-05-10 06:00:00,0,73,6
8053475328,2016-05-10 07:00:00,0,73,7
8053475328,2016-05-10 08:00:00,0,73,8
8053475328,2016-05-10 09:00:00,0,73,9
8053475328,2016-05-10 10:00:00,0,73,10
8053475328,2016-05-10 11:00:00,115,83,11
8053475328,2016-05-10 12:00:00,71,85,12
8053475328,2016-05-10 13:00:00,3485,339,13
8053475328,2016-05-10 14:00:00,666,129,14
8053475328,2016-05-10 15:00:00,234,101,15
8053475328,2016-05-10 16:00:00,349,105,16
8053475328,2016-05-10 17:00:00,4496,381,17
8053475328,2016-05-10 18:00:00,1641,214,18
8053475328,2016-05-10 19:00:00,2755,278,19
8053475328,2016-05-10 20:00:00,4,77,20
8053475328,2016-05-10 21:00:00,545,128,21
8053475328,2016-05-10 22:00:00,126,88,22
8053475328,2016-05-10 23:00:00,141,94,23
8053475328,2016-05-11 00:00:00,55,81,0
8053475328,2016-05-11 01:00:00,5,76,1
8053475328,2016-05-11 02:00:00,11,79,2
8053475328,2016-05-11 03:00:00,8,76,3
8053475328,2016-05-11 04:00:00,98,84,4
8053475328,2016-05-11 05:00:00,0,73,5
8053475328,2016-05-11 06:00:00,0,73,6
8053475328,2016-05-11 07:00:00,0,73,7
8053475328,2016-05-11 08:00:00,0,73,8
8053475328,2016-05-11 09:00:00,0,73,9
8053475328,2016-05-11 10:00:00,0,73,10
8053475328,2016-05-11 11:00:00,44,80,11
8053475328,2016-05-11 12:00:00,662,146,12
8053475328,2016-05-11 13:00:00,309,114,13
8053475328,2016-05-11 14:00:00,2789,288,14
8053475328,2016-05-11 15:00:00,1699,202,15
8053475328,2016-05-11 16:00:00,770,157,16
8053475328,2016-05-11 17:00:00,730,145,17
8053475328,2016-05-11 18:00:00,3960,356,18
8053475328,2016-05-11 19:00:00,8,77,19
8053475328,2016-05-11 20:00:00,0,75,20
8053475328,2016-05-11 21:00:00,896,164,21
8053475328,2016-05-11 22:00:00,49,82,22
8053475328,2016-05-11 23:00:00,116,91,23
8053475328,2016-05-12 00:00:00,33,80,0
8053475328,2016-05-12 01:00:00,0,73,1
8053475328,2016-05-12 02:00:00,109,81,2
8053475328,2016-05-12 03:00:00,0,73,3
8053475328,2016-05-12 04:00:00,0,73,4
8053475328,2016-05-12 05:00:00,0,73,5
8053475328,2016-05-12 06:00:00,0,73,6
8053475328,2016-05-12 07:00:00,0,73,7
8053475328,2016-05-12 08:00:00,0,73,8
8053475328,2016-05-12 09:00:00,0,73,9
8053475328,2016-05-12 10:00:00,0,73,10
8053475328,2016-05-12 11:00:00,0,73,11
8053475328,2016-05-12 12:00:00,487,131,12
8053475328,2016-05-12 13:00:00,0,77,13
8053475328,2016-05-12 14:00:00,4266,388,14
8253242879,2016-04-12 00:00:00,0,59,0
8253242879,2016-04-12 01:00:00,0,59,1
8253242879,2016-04-12 02:00:00,0,59,2
8253242879,2016-04-12 03:00:00,0,59,3
8253242879,2016-04-12 04:00:00,0,59,4
8253242879,2016-04-12 05:00:00,0,59,5
8253242879,2016-04-12 06:00:00,0,59,6
8253242879,2016-04-12 07:00:00,0,59,7
8253242879,2016-04-12 08:00:00,0,59,8
8253242879,2016-04-12 09:00:00,0,59,9
8253242879,2016-04-12 10:00:00,5007,320,10
8253242879,2016-04-12 11:00:00,1791,157,11
8253242879,2016-04-12 12:00:00,463,105,12
8253242879,2016-04-12 13:00:00,64,71,13
8253242879,2016-04-12 14:00:00,332,92,14
8253242879,2016-04-12 15:00:00,32,68,15
8253242879,2016-04-12 16:00:00,266,104,16
8253242879,2016-04-12 17:00:00,269,88,17
8253242879,2016-04-12 18:00:00,126,74,18
8253242879,2016-04-12 19:00:00,105,77,19
8253242879,2016-04-12 20:00:00,142,67,20
8253242879,2016-04-12 21:00:00,106,69,21
8253242879,2016-04-12 22:00:00,167,82,22
8253242879,2016-04-12 23:00:00,163,75,23
8253242879,2016-04-13 00:00:00,0,59,0
8253242879,2016-04-13 01:00:00,0,59,1
8253242879,2016-04-13 02:00:00,0,59,2
8253242879,2016-04-13 03:00:00,0,59,3
8253242879,2016-04-13 04:00:00,0,59,4
8253242879,2016-04-13 05:00:00,0,59,5
8253242879,2016-04-13 06:00:00,0,59,6
8253242879,2016-04-13 07:00:00,0,59,7
8253242879,2016-04-13 08:00:00,0,59,8
8253242879,2016-04-13 09:00:00,0,59,9
8253242879,2016-04-13 10:00:00,0,59,10
8253242879,2016-04-13 11:00:00,52,66,11
8253242879,2016-04-13 12:00:00,6291,400,12
8253242879,2016-04-13 13:00:00,367,93,13
8253242879,2016-04-13 14:00:00,177,78,14
8253242879,2016-04-13 15:00:00,317,83,15
8253242879,2016-04-13 16:00:00,13,64,16
8253242879,2016-04-13 17:00:00,207,77,17
8253242879,2016-04-13 18:00:00,0,61,18
8253242879,2016-04-13 19:00:00,22,63,19
8253242879,2016-04-13 20:00:00,142,70,20
8253242879,2016-04-13 21:00:00,204,74,21
8253242879,2016-04-13 22:00:00,98,77,22
8253242879,2016-04-13 23:00:00,163,75,23
8253242879,2016-04-14 00:00:00,0,59,0
8253242879,2016-04-14 01:00:00,0,59,1
8253242879,2016-04-14 02:00:00,0,59,2
8253242879,2016-04-14 03:00:00,0,59,3
8253242879,2016-04-14 04:00:00,0,59,4
8253242879,2016-04-14 05:00:00,0,59,5
8253242879,2016-04-14 06:00:00,0,59,6
8253242879,2016-04-14 07:00:00,0,59,7
8253242879,2016-04-14 08:00:00,0,59,8
8253242879,2016-04-14 09:00:00,0,59,9
8253242879,2016-04-14 10:00:00,3181,220,10
8253242879,2016-04-14 11:00:00,1929,159,11
8253242879,2016-04-14 12:00:00,99,73,12
8253242879,2016-04-14 13:00:00,25,63,13
8253242879,2016-04-14 14:00:00,0,59,14
8253242879,2016-04-14 15:00:00,0,59,15
8253242879,2016-04-14 16:00:00,0,59,16
8253242879,2016-04-14 17:00:00,0,59,17
8253242879,2016-04-14 18:00:00,0,59,18
8253242879,2016-04-14 19:00:00,0,59,19
8253242879,2016-04-14 20:00:00,0,59,20
8253242879,2016-04-14 21:00:00,0,59,21
8253242879,2016-04-14 22:00:00,0,59,22
8253242879,2016-04-14 23:00:00,0,59,23
8253242879,2016-04-15 00:00:00,0,59,0
8253242879,2016-04-15 01:00:00,0,59,1
8253242879,2016-04-15 02:00:00,0,59,2
8253242879,2016-04-15 03:00:00,0,59,3
8253242879,2016-04-15 04:00:00,0,59,4
8253242879,2016-04-15 05:00:00,0,59,5
8253242879,2016-04-15 06:00:00,0,59,6
8253242879,2016-04-15 07:00:00,0,59,7
8253242879,2016-04-15 08:00:00,0,59,8
8253242879,2016-04-15 09:00:00,0,59,9
8253242879,2016-04-15 10:00:00,0,59,10
8253242879,2016-04-15 11:00:00,0,59,11
8253242879,2016-04-15 12:00:00,174,75,12
8253242879,2016-04-15 13:00:00,631,98,13
8253242879,2016-04-15 14:00:00,85,68,14
8253242879,2016-04-15 15:00:00,0,64,15
8253242879,2016-04-15 16:00:00,177,75,16
8253242879,2016-04-15 17:00:00,779,109,17
8253242879,2016-04-15 18:00:00,207,78,18
8253242879,2016-04-15 19:00:00,76,64,19
8253242879,2016-04-15 20:00:00,175,73,20
8253242879,2016-04-15 21:00:00,74,66,21
8253242879,2016-04-15 22:00:00,119,70,22
8253242879,2016-04-15 23:00:00,175,78,23
8253242879,2016-04-16 00:00:00,0,61,0
8253242879,2016-04-16 01:00:00,0,59,1
8253242879,2016-04-16 02:00:00,0,59,2
8253242879,2016-04-16 03:00:00,0,59,3
8253242879,2016-04-16 04:00:00,0,59,4
8253242879,2016-04-16 05:00:00,0,59,5
8253242879,2016-04-16 06:00:00,0,59,6
8253242879,2016-04-16 07:00:00,0,59,7
8253242879,2016-04-16 08:00:00,0,59,8
8253242879,2016-04-16 09:00:00,0,59,9
8253242879,2016-04-16 10:00:00,505,102,10
8253242879,2016-04-16 11:00:00,0,66,11
8253242879,2016-04-16 12:00:00,3318,178,12
8253242879,2016-04-16 13:00:00,3676,195,13
8253242879,2016-04-16 14:00:00,450,91,14
8253242879,2016-04-16 15:00:00,103,70,15
8253242879,2016-04-16 16:00:00,67,68,16
8253242879,2016-04-16 17:00:00,7,61,17
8253242879,2016-04-16 18:00:00,11,61,18
8253242879,2016-04-16 19:00:00,0,63,19
8253242879,2016-04-16 20:00:00,176,71,20
8253242879,2016-04-16 21:00:00,270,80,21
8253242879,2016-04-16 22:00:00,532,104,22
8253242879,2016-04-16 23:00:00,141,74,23
8253242879,2016-04-17 00:00:00,0,59,0
8253242879,2016-04-17 01:00:00,0,59,1
8253242879,2016-04-17 02:00:00,0,59,2
8253242879,2016-04-17 03:00:00,0,59,3
8253242879,2016-04-17 04:00:00,0,59,4
8253242879,2016-04-17 05:00:00,0,59,5
8253242879,2016-04-17 06:00:00,0,59,6
8253242879,2016-04-17 07:00:00,0,59,7
8253242879,2016-04-17 08:00:00,0,59,8
8253242879,2016-04-17 09:00:00,161,78,9
8253242879,2016-04-17 10:00:00,6715,429,10
8253242879,2016-04-17 11:00:00,411,102,11
8253242879,2016-04-17 12:00:00,261,80,12
8253242879,2016-04-17 13:00:00,0,59,13
8253242879,2016-04-17 14:00:00,601,108,14
8253242879,2016-04-17 15:00:00,71,64,15
8253242879,2016-04-17 16:00:00,390,92,16
8253242879,2016-04-17 17:00:00,1005,148,17
8253242879,2016-04-17 18:00:00,199,76,18
8253242879,2016-04-17 19:00:00,173,74,19
8253242879,2016-04-17 20:00:00,66,66,20
8253242879,2016-04-17 21:00:00,55,73,21
8253242879,2016-04-17 22:00:00,96,69,22
8253242879,2016-04-17 23:00:00,0,59,23
8253242879,2016-04-18 00:00:00,0,59,0
8253242879,2016-04-18 01:00:00,0,59,1
8253242879,2016-04-18 02:00:00,0,59,2
8253242879,2016-04-18 03:00:00,0,59,3
8253242879,2016-04-18 04:00:00,0,59,4
8253242879,2016-04-18 05:00:00,0,59,5
8253242879,2016-04-18 06:00:00,0,59,6
8253242879,2016-04-18 07:00:00,0,59,7
8253242879,2016-04-18 08:00:00,0,59,8
8253242879,2016-04-18 09:00:00,971,125,9
8253242879,2016-04-18 10:00:00,1832,203,10
8253242879,2016-04-18 11:00:00,271,87,11
8253242879,2016-04-18 12:00:00,304,81,12
8253242879,2016-04-18 13:00:00,0,59,13
8253242879,2016-04-18 14:00:00,446,90,14
8253242879,2016-04-18 15:00:00,491,99,15
8253242879,2016-04-18 16:00:00,448,92,16
8253242879,2016-04-18 17:00:00,0,59,17
8253242879,2016-04-18 18:00:00,124,72,18
8253242879,2016-04-18 19:00:00,80,69,19
8253242879,2016-04-18 20:00:00,77,66,20
8253242879,2016-04-18 21:00:00,0,61,21
8253242879,2016-04-18 22:00:00,58,63,22
8253242879,2016-04-18 23:00:00,49,67,23
8253242879,2016-04-19 00:00:00,0,59,0
8253242879,2016-04-19 01:00:00,0,59,1
8253242879,2016-04-19 02:00:00,0,59,2
8253242879,2016-04-19 03:00:00,0,59,3
8253242879,2016-04-19 04:00:00,0,59,4
8253242879,2016-04-19 05:00:00,0,59,5
8253242879,2016-04-19 06:00:00,0,59,6
8253242879,2016-04-19 07:00:00,0,59,7
8253242879,2016-04-19 08:00:00,0,59,8
8253242879,2016-04-19 09:00:00,272,79,9
8253242879,2016-04-19 10:00:00,401,90,10
8253242879,2016-04-19 11:00:00,0,61,11
8253242879,2016-04-19 12:00:00,136,77,12
8253242879,2016-04-19 13:00:00,649,101,13
8253242879,2016-04-19 14:00:00,878,123,14
8253242879,2016-04-19 15:00:00,181,71,15
8253242879,2016-04-19 16:00:00,450,92,16
8253242879,2016-04-19 17:00:00,360,90,17
8253242879,2016-04-19 18:00:00,46,67,18
8253242879,2016-04-19 19:00:00,128,76,19
8253242879,2016-04-19 20:00:00,21,64,20
8253242879,2016-04-19 21:00:00,283,81,21
8253242879,2016-04-19 22:00:00,108,71,22
8253242879,2016-04-19 23:00:00,299,86,23
8253242879,2016-04-20 00:00:00,0,59,0
8253242879,2016-04-20 01:00:00,0,59,1
8253242879,2016-04-20 02:00:00,0,59,2
8253242879,2016-04-20 03:00:00,0,59,3
8253242879,2016-04-20 04:00:00,0,59,4
8253242879,2016-04-20 05:00:00,0,59,5
8253242879,2016-04-20 06:00:00,0,59,6
8253242879,2016-04-20 07:00:00,429,100,7
8253242879,2016-04-20 08:00:00,119,93,8
8253242879,2016-04-20 09:00:00,72,63,9
8253242879,2016-04-20 10:00:00,512,106,10
8253242879,2016-04-20 11:00:00,708,103,11
8253242879,2016-04-20 12:00:00,709,117,12
8253242879,2016-04-20 13:00:00,1253,131,13
8253242879,2016-04-20 14:00:00,126,81,14
8253242879,2016-04-20 15:00:00,7,61,15
8253242879,2016-04-20 16:00:00,233,78,16
8253242879,2016-04-20 17:00:00,874,111,17
8253242879,2016-04-20 18:00:00,679,100,18
8253242879,2016-04-20 19:00:00,274,83,19
8253242879,2016-04-20 20:00:00,0,61,20
8253242879,2016-04-20 21:00:00,93,66,21
8253242879,2016-04-20 22:00:00,319,93,22
8253242879,2016-04-20 23:00:00,59,67,23
8253242879,2016-04-21 00:00:00,0,59,0
8253242879,2016-04-21 01:00:00,0,59,1
8253242879,2016-04-21 02:00:00,0,59,2
8253242879,2016-04-21 03:00:00,0,59,3
8253242879,2016-04-21 04:00:00,0,59,4
8253242879,2016-04-21 05:00:00,0,59,5
8253242879,2016-04-21 06:00:00,0,59,6
8253242879,2016-04-21 07:00:00,0,59,7
8253242879,2016-04-21 08:00:00,524,111,8
8253242879,2016-04-21 09:00:00,135,69,9
8253242879,2016-04-21 10:00:00,0,59,10
8253242879,2016-04-21 11:00:00,7183,462,11
8253242879,2016-04-21 12:00:00,1139,117,12
8253242879,2016-04-21 13:00:00,58,64,13
8253242879,2016-04-21 14:00:00,241,110,14
8253242879,2016-04-21 15:00:00,199,80,15
8253242879,2016-04-21 16:00:00,430,100,16
8253242879,2016-04-21 17:00:00,165,81,17
8253242879,2016-04-21 18:00:00,138,73,18
8253242879,2016-04-21 19:00:00,134,73,19
8253242879,2016-04-21 20:00:00,325,91,20
8253242879,2016-04-21 21:00:00,238,81,21
8253242879,2016-04-21 22:00:00,221,98,22
8253242879,2016-04-21 23:00:00,138,73,23
8253242879,2016-04-22 00:00:00,0,59,0
8253242879,2016-04-22 01:00:00,0,59,1
8253242879,2016-04-22 02:00:00,0,59,2
8253242879,2016-04-22 03:00:00,0,59,3
8253242879,2016-04-22 04:00:00,0,59,4
8253242879,2016-04-22 05:00:00,0,59,5
8253242879,2016-04-22 06:00:00,0,59,6
8253242879,2016-04-22 07:00:00,0,59,7
8253242879,2016-04-22 08:00:00,0,59,8
8253242879,2016-04-22 09:00:00,0,59,9
8253242879,2016-04-22 10:00:00,0,59,10
8253242879,2016-04-22 11:00:00,0,59,11
8253242879,2016-04-22 12:00:00,0,59,12
8253242879,2016-04-22 13:00:00,616,98,13
8253242879,2016-04-22 14:00:00,341,89,14
8253242879,2016-04-22 15:00:00,120,70,15
8253242879,2016-04-22 16:00:00,58,69,16
8253242879,2016-04-22 17:00:00,587,110,17
8253242879,2016-04-22 18:00:00,177,72,18
8253242879,2016-04-22 19:00:00,149,69,19
8253242879,2016-04-22 20:00:00,304,79,20
8253242879,2016-04-22 21:00:00,123,73,21
8253242879,2016-04-22 22:00:00,186,75,22
8253242879,2016-04-22 23:00:00,163,73,23
8253242879,2016-04-23 00:00:00,0,59,0
8253242879,2016-04-23 01:00:00,0,59,1
8253242879,2016-04-23 02:00:00,0,59,2
8253242879,2016-04-23 03:00:00,0,59,3
8253242879,2016-04-23 04:00:00,0,59,4
8253242879,2016-04-23 05:00:00,0,59,5
8253242879,2016-04-23 06:00:00,0,59,6
8253242879,2016-04-23 07:00:00,0,59,7
8253242879,2016-04-23 08:00:00,0,59,8
8253242879,2016-04-23 09:00:00,584,96,9
8253242879,2016-04-23 10:00:00,162,72,10
8253242879,2016-04-23 11:00:00,3274,309,11
8253242879,2016-04-23 12:00:00,1695,152,12
8253242879,2016-04-23 13:00:00,293,82,13
8253242879,2016-04-23 14:00:00,479,93,14
8253242879,2016-04-23 15:00:00,215,79,15
8253242879,2016-04-23 16:00:00,790,123,16
8253242879,2016-04-23 17:00:00,203,94,17
8253242879,2016-04-23 18:00:00,620,105,18
8253242879,2016-04-23 19:00:00,515,98,19
8253242879,2016-04-23 20:00:00,93,70,20
8253242879,2016-04-23 21:00:00,0,59,21
8253242879,2016-04-23 22:00:00,144,88,22
8253242879,2016-04-23 23:00:00,215,78,23
8253242879,2016-04-24 00:00:00,0,59,0
8253242879,2016-04-24 01:00:00,0,59,1
8253242879,2016-04-24 02:00:00,0,59,2
8253242879,2016-04-24 03:00:00,0,59,3
8253242879,2016-04-24 04:00:00,0,59,4
8253242879,2016-04-24 05:00:00,0,59,5
8253242879,2016-04-24 06:00:00,0,59,6
8253242879,2016-04-24 07:00:00,0,59,7
8253242879,2016-04-24 08:00:00,0,59,8
8253242879,2016-04-24 09:00:00,210,76,9
8253242879,2016-04-24 10:00:00,165,74,10
8253242879,2016-04-24 11:00:00,5348,355,11
8253242879,2016-04-24 12:00:00,1613,149,12
8253242879,2016-04-24 13:00:00,399,101,13
8253242879,2016-04-24 14:00:00,173,70,14
8253242879,2016-04-24 15:00:00,66,67,15
8253242879,2016-04-24 16:00:00,0,59,16
8253242879,2016-04-24 17:00:00,184,69,17
8253242879,2016-04-24 18:00:00,418,88,18
8253242879,2016-04-24 19:00:00,151,75,19
8253242879,2016-04-24 20:00:00,0,61,20
8253242879,2016-04-24 21:00:00,87,66,21
8253242879,2016-04-24 22:00:00,0,61,22
8253242879,2016-04-24 23:00:00,91,70,23
8253242879,2016-04-25 00:00:00,0,61,0
8253242879,2016-04-25 01:00:00,0,59,1
8253242879,2016-04-25 02:00:00,0,59,2
8253242879,2016-04-25 03:00:00,0,59,3
8253242879,2016-04-25 04:00:00,0,61,4
8253242879,2016-04-25 05:00:00,0,59,5
8253242879,2016-04-25 06:00:00,0,59,6
8253242879,2016-04-25 07:00:00,0,61,7
8253242879,2016-04-25 08:00:00,686,113,8
8253242879,2016-04-25 09:00:00,320,92,9
8253242879,2016-04-25 10:00:00,0,59,10
8253242879,2016-04-25 11:00:00,13,63,11
8253242879,2016-04-25 12:00:00,34,67,12
8253242879,2016-04-25 13:00:00,632,104,13
8253242879,2016-04-25 14:00:00,643,122,14
8253242879,2016-04-25 15:00:00,2308,204,15
8253242879,2016-04-25 16:00:00,2167,184,16
8253242879,2016-04-25 17:00:00,26,63,17
8253242879,2016-04-25 18:00:00,0,59,18
8253242879,2016-04-25 19:00:00,0,59,19
8253242879,2016-04-25 20:00:00,0,59,20
8253242879,2016-04-25 21:00:00,0,59,21
8253242879,2016-04-25 22:00:00,0,59,22
8253242879,2016-04-25 23:00:00,0,59,23
8253242879,2016-04-26 00:00:00,0,59,0
8253242879,2016-04-26 01:00:00,0,59,1
8253242879,2016-04-26 02:00:00,0,59,2
8253242879,2016-04-26 03:00:00,0,59,3
8253242879,2016-04-26 04:00:00,0,59,4
8253242879,2016-04-26 05:00:00,0,59,5
8253242879,2016-04-26 06:00:00,0,59,6
8253242879,2016-04-26 07:00:00,0,59,7
8253242879,2016-04-26 08:00:00,0,61,8
8253242879,2016-04-26 09:00:00,0,59,9
8253242879,2016-04-26 10:00:00,0,59,10
8253242879,2016-04-26 11:00:00,56,63,11
8253242879,2016-04-26 12:00:00,2762,269,12
8253242879,2016-04-26 13:00:00,347,95,13
8253242879,2016-04-26 14:00:00,194,77,14
8253242879,2016-04-26 15:00:00,14,63,15
8253242879,2016-04-26 16:00:00,155,74,16
8253242879,2016-04-26 17:00:00,234,81,17
8253242879,2016-04-26 18:00:00,81,66,18
8253242879,2016-04-26 19:00:00,99,69,19
8253242879,2016-04-26 20:00:00,0,65,20
8253242879,2016-04-26 21:00:00,223,75,21
8253242879,2016-04-26 22:00:00,194,81,22
8253242879,2016-04-26 23:00:00,203,80,23
8253242879,2016-04-27 00:00:00,0,59,0
8253242879,2016-04-27 01:00:00,0,59,1
8253242879,2016-04-27 02:00:00,0,59,2
8253242879,2016-04-27 03:00:00,0,59,3
8253242879,2016-04-27 04:00:00,0,59,4
8253242879,2016-04-27 05:00:00,0,59,5
8253242879,2016-04-27 06:00:00,0,59,6
8253242879,2016-04-27 07:00:00,0,59,7
8253242879,2016-04-27 08:00:00,0,59,8
8253242879,2016-04-27 09:00:00,0,59,9
8253242879,2016-04-27 10:00:00,0,62,10
8253242879,2016-04-27 11:00:00,7652,428,11
8253242879,2016-04-27 12:00:00,249,82,12
8253242879,2016-04-27 13:00:00,385,93,13
8253242879,2016-04-27 14:00:00,412,106,14
8253242879,2016-04-27 15:00:00,0,61,15
8253242879,2016-04-27 16:00:00,82,68,16
8253242879,2016-04-27 17:00:00,240,74,17
8253242879,2016-04-27 18:00:00,40,66,18
8253242879,2016-04-27 19:00:00,76,64,19
8253242879,2016-04-27 20:00:00,162,68,20
8253242879,2016-04-27 21:00:00,80,67,21
8253242879,2016-04-27 22:00:00,193,79,22
8253242879,2016-04-27 23:00:00,661,97,23
8253242879,2016-04-28 00:00:00,0,59,0
8253242879,2016-04-28 01:00:00,0,59,1
8253242879,2016-04-28 02:00:00,0,59,2
8253242879,2016-04-28 03:00:00,0,59,3
8253242879,2016-04-28 04:00:00,0,59,4
8253242879,2016-04-28 05:00:00,0,59,5
8253242879,2016-04-28 06:00:00,0,59,6
8253242879,2016-04-28 07:00:00,0,59,7
8253242879,2016-04-28 08:00:00,0,59,8
8253242879,2016-04-28 09:00:00,0,59,9
8253242879,2016-04-28 10:00:00,0,59,10
8253242879,2016-04-28 11:00:00,0,59,11
8253242879,2016-04-28 12:00:00,2557,198,12
8253242879,2016-04-28 13:00:00,161,74,13
8253242879,2016-04-28 14:00:00,0,59,14
8253242879,2016-04-28 15:00:00,0,59,15
8253242879,2016-04-28 16:00:00,0,59,16
8253242879,2016-04-28 17:00:00,0,59,17
8253242879,2016-04-28 18:00:00,0,59,18
8253242879,2016-04-28 19:00:00,0,59,19
8253242879,2016-04-28 20:00:00,0,59,20
8253242879,2016-04-28 21:00:00,0,59,21
8253242879,2016-04-28 22:00:00,0,59,22
8253242879,2016-04-28 23:00:00,0,59,23
8253242879,2016-04-29 00:00:00,0,59,0
8253242879,2016-04-29 01:00:00,0,59,1
8253242879,2016-04-29 02:00:00,0,59,2
8253242879,2016-04-29 03:00:00,0,59,3
8253242879,2016-04-29 04:00:00,0,59,4
8253242879,2016-04-29 05:00:00,0,59,5
8253242879,2016-04-29 06:00:00,0,59,6
8253242879,2016-04-29 07:00:00,0,59,7
8253242879,2016-04-29 08:00:00,0,59,8
8253242879,2016-04-29 09:00:00,28,63,9
8253242879,2016-04-29 10:00:00,0,59,10
8253242879,2016-04-29 11:00:00,0,59,11
8253242879,2016-04-29 12:00:00,3232,256,12
8253242879,2016-04-29 13:00:00,491,89,13
8253242879,2016-04-29 14:00:00,91,74,14
8253242879,2016-04-29 15:00:00,230,81,15
8253242879,2016-04-29 16:00:00,544,96,16
8253242879,2016-04-29 17:00:00,103,72,17
8253242879,2016-04-29 18:00:00,33,64,18
8253242879,2016-04-29 19:00:00,89,71,19
8253242879,2016-04-29 20:00:00,469,95,20
8253242879,2016-04-29 21:00:00,362,91,21
8253242879,2016-04-29 22:00:00,265,80,22
8378563200,2016-04-12 00:00:00,0,91,0
8378563200,2016-04-12 01:00:00,51,100,1
8378563200,2016-04-12 02:00:00,0,90,2
8378563200,2016-04-12 03:00:00,0,91,3
8378563200,2016-04-12 04:00:00,289,124,4
8378563200,2016-04-12 05:00:00,0,669,5
8378563200,2016-04-12 06:00:00,322,129,6
8378563200,2016-04-12 07:00:00,735,174,7
8378563200,2016-04-12 08:00:00,1513,236,8
8378563200,2016-04-12 09:00:00,61,113,9
8378563200,2016-04-12 10:00:00,304,126,10
8378563200,2016-04-12 11:00:00,521,150,11
8378563200,2016-04-12 12:00:00,199,115,12
8378563200,2016-04-12 13:00:00,987,191,13
8378563200,2016-04-12 14:00:00,618,157,14
8378563200,2016-04-12 15:00:00,298,126,15
8378563200,2016-04-12 16:00:00,745,171,16
8378563200,2016-04-12 17:00:00,192,126,17
8378563200,2016-04-12 18:00:00,90,113,18
8378563200,2016-04-12 19:00:00,659,163,19
8378563200,2016-04-12 20:00:00,23,100,20
8378563200,2016-04-12 21:00:00,8,95,21
8378563200,2016-04-12 22:00:00,0,90,22
8378563200,2016-04-12 23:00:00,11,96,23
8378563200,2016-04-13 00:00:00,0,91,0
8378563200,2016-04-13 01:00:00,0,91,1
8378563200,2016-04-13 02:00:00,89,102,2
8378563200,2016-04-13 03:00:00,0,91,3
8378563200,2016-04-13 04:00:00,306,126,4
8378563200,2016-04-13 05:00:00,0,669,5
8378563200,2016-04-13 06:00:00,175,117,6
8378563200,2016-04-13 07:00:00,387,149,7
8378563200,2016-04-13 08:00:00,3712,407,8
8378563200,2016-04-13 09:00:00,416,138,9
8378563200,2016-04-13 10:00:00,592,156,10
8378563200,2016-04-13 11:00:00,1178,203,11
8378563200,2016-04-13 12:00:00,2736,330,12
8378563200,2016-04-13 13:00:00,584,161,13
8378563200,2016-04-13 14:00:00,114,126,14
8378563200,2016-04-13 15:00:00,591,162,15
8378563200,2016-04-13 16:00:00,712,172,16
8378563200,2016-04-13 17:00:00,115,119,17
8378563200,2016-04-13 18:00:00,281,139,18
8378563200,2016-04-13 19:00:00,151,129,19
8378563200,2016-04-13 20:00:00,233,123,20
8378563200,2016-04-13 21:00:00,0,91,21
8378563200,2016-04-13 22:00:00,14,96,22
8378563200,2016-04-13 23:00:00,0,92,23
8378563200,2016-04-14 00:00:00,57,100,0
8378563200,2016-04-14 01:00:00,11,94,1
8378563200,2016-04-14 02:00:00,0,91,2
8378563200,2016-04-14 03:00:00,5,94,3
8378563200,2016-04-14 04:00:00,254,126,4
8378563200,2016-04-14 05:00:00,0,616,5
8378563200,2016-04-14 06:00:00,164,164,6
8378563200,2016-04-14 07:00:00,500,157,7
8378563200,2016-04-14 08:00:00,2367,298,8
8378563200,2016-04-14 09:00:00,1820,261,9
8378563200,2016-04-14 10:00:00,422,164,10
8378563200,2016-04-14 11:00:00,347,141,11
8378563200,2016-04-14 12:00:00,4741,493,12
8378563200,2016-04-14 13:00:00,470,148,13
8378563200,2016-04-14 14:00:00,589,157,14
8378563200,2016-04-14 15:00:00,875,183,15
8378563200,2016-04-14 16:00:00,96,115,16
8378563200,2016-04-14 17:00:00,121,121,17
8378563200,2016-04-14 18:00:00,129,113,18
8378563200,2016-04-14 19:00:00,125,123,19
8378563200,2016-04-14 20:00:00,186,123,20
8378563200,2016-04-14 21:00:00,39,99,21
8378563200,2016-04-14 22:00:00,0,92,22
8378563200,2016-04-14 23:00:00,0,91,23
8378563200,2016-04-15 00:00:00,13,94,0
8378563200,2016-04-15 01:00:00,0,91,1
8378563200,2016-04-15 02:00:00,0,91,2
8378563200,2016-04-15 03:00:00,7,93,3
8378563200,2016-04-15 04:00:00,54,99,4
8378563200,2016-04-15 05:00:00,0,91,5
8378563200,2016-04-15 06:00:00,319,130,6
8378563200,2016-04-15 07:00:00,482,153,7
8378563200,2016-04-15 08:00:00,3512,395,8
8378563200,2016-04-15 09:00:00,1847,256,9
8378563200,2016-04-15 10:00:00,702,175,10
8378563200,2016-04-15 11:00:00,2618,322,11
8378563200,2016-04-15 12:00:00,655,161,12
8378563200,2016-04-15 13:00:00,309,130,13
8378563200,2016-04-15 14:00:00,669,157,14
8378563200,2016-04-15 15:00:00,923,192,15
8378563200,2016-04-15 16:00:00,170,120,16
8378563200,2016-04-15 17:00:00,281,139,17
8378563200,2016-04-15 18:00:00,919,194,18
8378563200,2016-04-15 19:00:00,72,101,19
8378563200,2016-04-15 20:00:00,7,96,20
8378563200,2016-04-15 21:00:00,45,101,21
8378563200,2016-04-15 22:00:00,857,183,22
8378563200,2016-04-15 23:00:00,0,91,23
8378563200,2016-04-16 00:00:00,0,92,0
8378563200,2016-04-16 01:00:00,7,92,1
8378563200,2016-04-16 02:00:00,8,93,2
8378563200,2016-04-16 03:00:00,75,101,3
8378563200,2016-04-16 04:00:00,14,95,4
8378563200,2016-04-16 05:00:00,0,92,5
8378563200,2016-04-16 06:00:00,0,91,6
8378563200,2016-04-16 07:00:00,74,103,7
8378563200,2016-04-16 08:00:00,269,133,8
8378563200,2016-04-16 09:00:00,104,117,9
8378563200,2016-04-16 10:00:00,280,137,10
8378563200,2016-04-16 11:00:00,106,122,11
8378563200,2016-04-16 12:00:00,254,123,12
8378563200,2016-04-16 13:00:00,620,158,13
8378563200,2016-04-16 14:00:00,3376,393,14
8378563200,2016-04-16 15:00:00,5112,519,15
8378563200,2016-04-16 16:00:00,122,117,16
8378563200,2016-04-16 17:00:00,46,102,17
8378563200,2016-04-16 18:00:00,243,129,18
8378563200,2016-04-16 19:00:00,173,131,19
8378563200,2016-04-16 20:00:00,242,130,20
8378563200,2016-04-16 21:00:00,6,96,21
8378563200,2016-04-16 22:00:00,11,95,22
8378563200,2016-04-16 23:00:00,54,101,23
8378563200,2016-04-17 00:00:00,0,91,0
8378563200,2016-04-17 01:00:00,0,91,1
8378563200,2016-04-17 02:00:00,0,91,2
8378563200,2016-04-17 03:00:00,0,91,3
8378563200,2016-04-17 04:00:00,0,92,4
8378563200,2016-04-17 05:00:00,0,91,5
8378563200,2016-04-17 06:00:00,85,105,6
8378563200,2016-04-17 07:00:00,104,119,7
8378563200,2016-04-17 08:00:00,246,134,8
8378563200,2016-04-17 09:00:00,34,110,9
8378563200,2016-04-17 10:00:00,146,121,10
8378563200,2016-04-17 11:00:00,191,120,11
8378563200,2016-04-17 12:00:00,172,114,12
8378563200,2016-04-17 13:00:00,66,112,13
8378563200,2016-04-17 14:00:00,0,93,14
8378563200,2016-04-17 15:00:00,26,104,15
8378563200,2016-04-17 16:00:00,106,109,16
8378563200,2016-04-17 17:00:00,94,114,17
8378563200,2016-04-17 18:00:00,547,158,18
8378563200,2016-04-17 19:00:00,53,103,19
8378563200,2016-04-17 20:00:00,181,120,20
8378563200,2016-04-17 21:00:00,20,98,21
8378563200,2016-04-17 22:00:00,0,90,22
8378563200,2016-04-17 23:00:00,61,100,23
8378563200,2016-04-18 00:00:00,0,92,0
8378563200,2016-04-18 01:00:00,0,92,1
8378563200,2016-04-18 02:00:00,6,93,2
8378563200,2016-04-18 03:00:00,0,91,3
8378563200,2016-04-18 04:00:00,270,124,4
8378563200,2016-04-18 05:00:00,0,669,5
8378563200,2016-04-18 06:00:00,187,117,6
8378563200,2016-04-18 07:00:00,317,141,7
8378563200,2016-04-18 08:00:00,3525,391,8
8378563200,2016-04-18 09:00:00,549,150,9
8378563200,2016-04-18 10:00:00,330,135,10
8378563200,2016-04-18 11:00:00,280,135,11
8378563200,2016-04-18 12:00:00,3869,419,12
8378563200,2016-04-18 13:00:00,336,127,13
8378563200,2016-04-18 14:00:00,628,156,14
8378563200,2016-04-18 15:00:00,1094,198,15
8378563200,2016-04-18 16:00:00,199,129,16
8378563200,2016-04-18 17:00:00,189,129,17
8378563200,2016-04-18 18:00:00,809,179,18
8378563200,2016-04-18 19:00:00,534,151,19
8378563200,2016-04-18 20:00:00,428,149,20
8378563200,2016-04-18 21:00:00,4,97,21
8378563200,2016-04-18 22:00:00,65,101,22
8378563200,2016-04-18 23:00:00,11,94,23
8378563200,2016-04-19 00:00:00,0,91,0
8378563200,2016-04-19 01:00:00,0,91,1
8378563200,2016-04-19 02:00:00,68,100,2
8378563200,2016-04-19 03:00:00,0,91,3
8378563200,2016-04-19 04:00:00,231,118,4
8378563200,2016-04-19 05:00:00,0,669,5
8378563200,2016-04-19 06:00:00,197,119,6
8378563200,2016-04-19 07:00:00,442,147,7
8378563200,2016-04-19 08:00:00,3665,405,8
8378563200,2016-04-19 09:00:00,319,127,9
8378563200,2016-04-19 10:00:00,324,134,10
8378563200,2016-04-19 11:00:00,250,136,11
8378563200,2016-04-19 12:00:00,3870,418,12
8378563200,2016-04-19 13:00:00,430,136,13
8378563200,2016-04-19 14:00:00,327,128,14
8378563200,2016-04-19 15:00:00,38,110,15
8378563200,2016-04-19 16:00:00,1025,195,16
8378563200,2016-04-19 17:00:00,256,132,17
8378563200,2016-04-19 18:00:00,292,132,18
8378563200,2016-04-19 19:00:00,288,132,19
8378563200,2016-04-19 20:00:00,845,178,20
8378563200,2016-04-19 21:00:00,199,117,21
8378563200,2016-04-19 22:00:00,4,94,22
8378563200,2016-04-19 23:00:00,0,91,23
8378563200,2016-04-20 00:00:00,14,95,0
8378563200,2016-04-20 01:00:00,7,93,1
8378563200,2016-04-20 02:00:00,0,92,2
8378563200,2016-04-20 03:00:00,0,92,3
8378563200,2016-04-20 04:00:00,227,117,4
8378563200,2016-04-20 05:00:00,0,669,5
8378563200,2016-04-20 06:00:00,290,130,6
8378563200,2016-04-20 07:00:00,562,162,7
8378563200,2016-04-20 08:00:00,1138,199,8
8378563200,2016-04-20 09:00:00,280,126,9
8378563200,2016-04-20 10:00:00,654,170,10
8378563200,2016-04-20 11:00:00,1141,201,11
8378563200,2016-04-20 12:00:00,1742,244,12
8378563200,2016-04-20 13:00:00,297,127,13
8378563200,2016-04-20 14:00:00,413,134,14
8378563200,2016-04-20 15:00:00,1159,200,15
8378563200,2016-04-20 16:00:00,367,142,16
8378563200,2016-04-20 17:00:00,207,121,17
8378563200,2016-04-20 18:00:00,367,140,18
8378563200,2016-04-20 19:00:00,86,110,19
8378563200,2016-04-20 20:00:00,419,145,20
8378563200,2016-04-20 21:00:00,18,96,21
8378563200,2016-04-20 22:00:00,0,90,22
8378563200,2016-04-20 23:00:00,0,92,23
8378563200,2016-04-21 00:00:00,0,91,0
8378563200,2016-04-21 01:00:00,65,101,1
8378563200,2016-04-21 02:00:00,0,91,2
8378563200,2016-04-21 03:00:00,0,91,3
8378563200,2016-04-21 04:00:00,247,122,4
8378563200,2016-04-21 05:00:00,0,669,5
8378563200,2016-04-21 06:00:00,197,118,6
8378563200,2016-04-21 07:00:00,432,149,7
8378563200,2016-04-21 08:00:00,2392,300,8
8378563200,2016-04-21 09:00:00,2226,282,9
8378563200,2016-04-21 10:00:00,778,171,10
8378563200,2016-04-21 11:00:00,1212,208,11
8378563200,2016-04-21 12:00:00,4373,461,12
8378563200,2016-04-21 13:00:00,652,160,13
8378563200,2016-04-21 14:00:00,452,140,14
8378563200,2016-04-21 15:00:00,1202,205,15
8378563200,2016-04-21 16:00:00,220,126,16
8378563200,2016-04-21 17:00:00,178,123,17
8378563200,2016-04-21 18:00:00,131,114,18
8378563200,2016-04-21 19:00:00,372,145,19
8378563200,2016-04-21 20:00:00,19,98,20
8378563200,2016-04-21 21:00:00,0,91,21
8378563200,2016-04-21 22:00:00,0,91,22
8378563200,2016-04-21 23:00:00,0,91,23
8378563200,2016-04-22 00:00:00,75,102,0
8378563200,2016-04-22 01:00:00,0,92,1
8378563200,2016-04-22 02:00:00,0,91,2
8378563200,2016-04-22 03:00:00,0,92,3
8378563200,2016-04-22 04:00:00,341,129,4
8378563200,2016-04-22 05:00:00,0,669,5
8378563200,2016-04-22 06:00:00,132,114,6
8378563200,2016-04-22 07:00:00,498,162,7
8378563200,2016-04-22 08:00:00,4242,450,8
8378563200,2016-04-22 09:00:00,1652,241,9
8378563200,2016-04-22 10:00:00,599,161,10
8378563200,2016-04-22 11:00:00,896,190,11
8378563200,2016-04-22 12:00:00,1162,204,12
8378563200,2016-04-22 13:00:00,327,129,13
8378563200,2016-04-22 14:00:00,337,129,14
8378563200,2016-04-22 15:00:00,320,128,15
8378563200,2016-04-22 16:00:00,953,188,16
8378563200,2016-04-22 17:00:00,140,120,17
8378563200,2016-04-22 18:00:00,31,106,18
8378563200,2016-04-22 19:00:00,102,116,19
8378563200,2016-04-22 20:00:00,161,126,20
8378563200,2016-04-22 21:00:00,209,122,21
8378563200,2016-04-22 22:00:00,23,94,22
8378563200,2016-04-22 23:00:00,0,91,23
8378563200,2016-04-23 00:00:00,0,92,0
8378563200,2016-04-23 01:00:00,0,91,1
8378563200,2016-04-23 02:00:00,49,97,2
8378563200,2016-04-23 03:00:00,0,92,3
8378563200,2016-04-23 04:00:00,0,91,4
8378563200,2016-04-23 05:00:00,53,98,5
8378563200,2016-04-23 06:00:00,10,93,6
8378563200,2016-04-23 07:00:00,88,99,7
8378563200,2016-04-23 08:00:00,279,145,8
8378563200,2016-04-23 09:00:00,39,108,9
8378563200,2016-04-23 10:00:00,0,98,10
8378563200,2016-04-23 11:00:00,120,119,11
8378563200,2016-04-23 12:00:00,355,144,12
8378563200,2016-04-23 13:00:00,518,164,13
8378563200,2016-04-23 14:00:00,2945,352,14
8378563200,2016-04-23 15:00:00,230,120,15
8378563200,2016-04-23 16:00:00,362,137,16
8378563200,2016-04-23 17:00:00,4,100,17
8378563200,2016-04-23 18:00:00,169,123,18
8378563200,2016-04-23 19:00:00,79,117,19
8378563200,2016-04-23 20:00:00,83,111,20
8378563200,2016-04-23 21:00:00,301,123,21
8378563200,2016-04-23 22:00:00,20,102,22
8378563200,2016-04-23 23:00:00,5,94,23
8378563200,2016-04-24 00:00:00,0,92,0
8378563200,2016-04-24 01:00:00,56,100,1
8378563200,2016-04-24 02:00:00,13,95,2
8378563200,2016-04-24 03:00:00,0,91,3
8378563200,2016-04-24 04:00:00,0,92,4
8378563200,2016-04-24 05:00:00,0,91,5
8378563200,2016-04-24 06:00:00,0,92,6
8378563200,2016-04-24 07:00:00,298,135,7
8378563200,2016-04-24 08:00:00,140,124,8
8378563200,2016-04-24 09:00:00,27,112,9
8378563200,2016-04-24 10:00:00,481,144,10
8378563200,2016-04-24 11:00:00,328,129,11
8378563200,2016-04-24 12:00:00,330,142,12
8378563200,2016-04-24 13:00:00,438,139,13
8378563200,2016-04-24 14:00:00,63,104,14
8378563200,2016-04-24 15:00:00,623,168,15
8378563200,2016-04-24 16:00:00,254,128,16
8378563200,2016-04-24 17:00:00,197,121,17
8378563200,2016-04-24 18:00:00,23,106,18
8378563200,2016-04-24 19:00:00,34,108,19
8378563200,2016-04-24 20:00:00,195,122,20
8378563200,2016-04-24 21:00:00,203,126,21
8378563200,2016-04-24 22:00:00,0,91,22
8378563200,2016-04-24 23:00:00,0,91,23
8378563200,2016-04-25 00:00:00,0,91,0
8378563200,2016-04-25 01:00:00,0,91,1
8378563200,2016-04-25 02:00:00,4,93,2
8378563200,2016-04-25 03:00:00,0,91,3
8378563200,2016-04-25 04:00:00,243,122,4
8378563200,2016-04-25 05:00:00,0,669,5
8378563200,2016-04-25 06:00:00,240,123,6
8378563200,2016-04-25 07:00:00,459,155,7
8378563200,2016-04-25 08:00:00,1377,222,8
8378563200,2016-04-25 09:00:00,353,132,9
8378563200,2016-04-25 10:00:00,597,150,10
8378563200,2016-04-25 11:00:00,2494,308,11
8378563200,2016-04-25 12:00:00,3811,416,12
8378563200,2016-04-25 13:00:00,433,144,13
8378563200,2016-04-25 14:00:00,450,143,14
8378563200,2016-04-25 15:00:00,1075,193,15
8378563200,2016-04-25 16:00:00,107,112,16
8378563200,2016-04-25 17:00:00,142,114,17
8378563200,2016-04-25 18:00:00,235,129,18
8378563200,2016-04-25 19:00:00,307,131,19
8378563200,2016-04-25 20:00:00,0,94,20
8378563200,2016-04-25 21:00:00,7,94,21
8378563200,2016-04-25 22:00:00,0,91,22
8378563200,2016-04-25 23:00:00,71,101,23
8378563200,2016-04-26 00:00:00,0,92,0
8378563200,2016-04-26 01:00:00,0,92,1
8378563200,2016-04-26 02:00:00,0,90,2
8378563200,2016-04-26 03:00:00,0,91,3
8378563200,2016-04-26 04:00:00,47,97,4
8378563200,2016-04-26 05:00:00,14,94,5
8378563200,2016-04-26 06:00:00,242,123,6
8378563200,2016-04-26 07:00:00,494,155,7
8378563200,2016-04-26 08:00:00,4168,443,8
8378563200,2016-04-26 09:00:00,855,181,9
8378563200,2016-04-26 10:00:00,521,158,10
8378563200,2016-04-26 11:00:00,2816,334,11
8378563200,2016-04-26 12:00:00,3512,386,12
8378563200,2016-04-26 13:00:00,478,141,13
8378563200,2016-04-26 14:00:00,857,177,14
8378563200,2016-04-26 15:00:00,1138,208,15
8378563200,2016-04-26 16:00:00,78,107,16
8378563200,2016-04-26 17:00:00,195,120,17
8378563200,2016-04-26 18:00:00,144,123,18
8378563200,2016-04-26 19:00:00,356,140,19
8378563200,2016-04-26 20:00:00,203,127,20
8378563200,2016-04-26 21:00:00,6,94,21
8378563200,2016-04-26 22:00:00,0,91,22
8378563200,2016-04-26 23:00:00,84,101,23
8378563200,2016-04-27 00:00:00,0,91,0
8378563200,2016-04-27 01:00:00,61,100,1
8378563200,2016-04-27 02:00:00,0,91,2
8378563200,2016-04-27 03:00:00,47,98,3
8378563200,2016-04-27 04:00:00,0,91,4
8378563200,2016-04-27 05:00:00,0,93,5
8378563200,2016-04-27 06:00:00,268,121,6
8378563200,2016-04-27 07:00:00,440,152,7
8378563200,2016-04-27 08:00:00,1040,201,8
8378563200,2016-04-27 09:00:00,416,146,9
8378563200,2016-04-27 10:00:00,673,159,10
8378563200,2016-04-27 11:00:00,225,128,11
8378563200,2016-04-27 12:00:00,590,153,12
8378563200,2016-04-27 13:00:00,292,138,13
8378563200,2016-04-27 14:00:00,154,118,14
8378563200,2016-04-27 15:00:00,69,110,15
8378563200,2016-04-27 16:00:00,244,123,16
8378563200,2016-04-27 17:00:00,864,184,17
8378563200,2016-04-27 18:00:00,604,155,18
8378563200,2016-04-27 19:00:00,324,131,19
8378563200,2016-04-27 20:00:00,907,186,20
8378563200,2016-04-27 21:00:00,10,96,21
8378563200,2016-04-27 22:00:00,74,98,22
8378563200,2016-04-27 23:00:00,57,98,23
8378563200,2016-04-28 00:00:00,0,92,0
8378563200,2016-04-28 01:00:00,7,93,1
8378563200,2016-04-28 02:00:00,0,91,2
8378563200,2016-04-28 03:00:00,0,91,3
8378563200,2016-04-28 04:00:00,54,99,4
8378563200,2016-04-28 05:00:00,7,93,5
8378563200,2016-04-28 06:00:00,179,107,6
8378563200,2016-04-28 07:00:00,275,127,7
8378563200,2016-04-28 08:00:00,117,110,8
8378563200,2016-04-28 09:00:00,380,144,9
8378563200,2016-04-28 10:00:00,755,173,10
8378563200,2016-04-28 11:00:00,293,131,11
8378563200,2016-04-28 12:00:00,272,122,12
8378563200,2016-04-28 13:00:00,340,144,13
8378563200,2016-04-28 14:00:00,260,129,14
8378563200,2016-04-28 15:00:00,236,131,15
8378563200,2016-04-28 16:00:00,1030,192,16
8378563200,2016-04-28 17:00:00,556,164,17
8378563200,2016-04-28 18:00:00,155,118,18
8378563200,2016-04-28 19:00:00,95,113,19
8378563200,2016-04-28 20:00:00,379,141,20
8378563200,2016-04-28 21:00:00,0,91,21
8378563200,2016-04-28 22:00:00,27,97,22
8378563200,2016-04-28 23:00:00,0,91,23
8378563200,2016-04-29 00:00:00,0,92,0
8378563200,2016-04-29 01:00:00,0,91,1
8378563200,2016-04-29 02:00:00,0,92,2
8378563200,2016-04-29 03:00:00,0,91,3
8378563200,2016-04-29 04:00:00,50,97,4
8378563200,2016-04-29 05:00:00,0,91,5
8378563200,2016-04-29 06:00:00,272,120,6
8378563200,2016-04-29 07:00:00,542,153,7
8378563200,2016-04-29 08:00:00,1071,202,8
8378563200,2016-04-29 09:00:00,494,149,9
8378563200,2016-04-29 10:00:00,516,147,10
8378563200,2016-04-29 11:00:00,462,148,11
8378563200,2016-04-29 12:00:00,45,113,12
8378563200,2016-04-29 13:00:00,602,157,13
8378563200,2016-04-29 14:00:00,142,118,14
8378563200,2016-04-29 15:00:00,37,110,15
8378563200,2016-04-29 16:00:00,682,169,16
8378563200,2016-04-29 17:00:00,202,144,17
8378563200,2016-04-29 18:00:00,441,151,18
8378563200,2016-04-29 19:00:00,169,121,19
8378563200,2016-04-29 20:00:00,101,115,20
8378563200,2016-04-29 21:00:00,291,124,21
8378563200,2016-04-29 22:00:00,9,94,22
8378563200,2016-04-29 23:00:00,19,93,23
8378563200,2016-04-30 00:00:00,28,95,0
8378563200,2016-04-30 01:00:00,65,102,1
8378563200,2016-04-30 02:00:00,0,92,2
8378563200,2016-04-30 03:00:00,0,92,3
8378563200,2016-04-30 04:00:00,0,92,4
8378563200,2016-04-30 05:00:00,73,102,5
8378563200,2016-04-30 06:00:00,0,94,6
8378563200,2016-04-30 07:00:00,269,129,7
8378563200,2016-04-30 08:00:00,74,114,8
8378563200,2016-04-30 09:00:00,88,105,9
8378563200,2016-04-30 10:00:00,364,132,10
8378563200,2016-04-30 11:00:00,59,105,11
8378563200,2016-04-30 12:00:00,554,151,12
8378563200,2016-04-30 13:00:00,307,140,13
8378563200,2016-04-30 14:00:00,142,121,14
8378563200,2016-04-30 15:00:00,7,97,15
8378563200,2016-04-30 16:00:00,102,106,16
8378563200,2016-04-30 17:00:00,86,108,17
8378563200,2016-04-30 18:00:00,150,125,18
8378563200,2016-04-30 19:00:00,131,117,19
8378563200,2016-04-30 20:00:00,28,105,20
8378563200,2016-04-30 21:00:00,248,128,21
8378563200,2016-04-30 22:00:00,55,104,22
8378563200,2016-04-30 23:00:00,116,104,23
8378563200,2016-05-01 00:00:00,0,91,0
8378563200,2016-05-01 01:00:00,47,98,1
8378563200,2016-05-01 02:00:00,0,93,2
8378563200,2016-05-01 03:00:00,0,91,3
8378563200,2016-05-01 04:00:00,0,91,4
8378563200,2016-05-01 05:00:00,70,98,5
8378563200,2016-05-01 06:00:00,0,91,6
8378563200,2016-05-01 07:00:00,231,124,7
8378563200,2016-05-01 08:00:00,165,123,8
8378563200,2016-05-01 09:00:00,58,113,9
8378563200,2016-05-01 10:00:00,35,111,10
8378563200,2016-05-01 11:00:00,447,144,11
8378563200,2016-05-01 12:00:00,362,141,12
8378563200,2016-05-01 13:00:00,197,126,13
8378563200,2016-05-01 14:00:00,166,113,14
8378563200,2016-05-01 15:00:00,180,128,15
8378563200,2016-05-01 16:00:00,3244,374,16
8378563200,2016-05-01 17:00:00,5661,567,17
8378563200,2016-05-01 18:00:00,147,120,18
8378563200,2016-05-01 19:00:00,70,108,19
8378563200,2016-05-01 20:00:00,227,123,20
8378563200,2016-05-01 21:00:00,91,112,21
8378563200,2016-05-01 22:00:00,0,92,22
8378563200,2016-05-01 23:00:00,21,98,23
8378563200,2016-05-02 00:00:00,0,92,0
8378563200,2016-05-02 01:00:00,7,95,1
8378563200,2016-05-02 02:00:00,0,91,2
8378563200,2016-05-02 03:00:00,0,91,3
8378563200,2016-05-02 04:00:00,281,125,4
8378563200,2016-05-02 05:00:00,0,669,5
8378563200,2016-05-02 06:00:00,150,112,6
8378563200,2016-05-02 07:00:00,371,144,7
8378563200,2016-05-02 08:00:00,1209,204,8
8378563200,2016-05-02 09:00:00,40,103,9
8378563200,2016-05-02 10:00:00,454,138,10
8378563200,2016-05-02 11:00:00,86,117,11
8378563200,2016-05-02 12:00:00,601,151,12
8378563200,2016-05-02 13:00:00,329,135,13
8378563200,2016-05-02 14:00:00,431,135,14
8378563200,2016-05-02 15:00:00,372,133,15
8378563200,2016-05-02 16:00:00,581,154,16
8378563200,2016-05-02 17:00:00,589,159,17
8378563200,2016-05-02 18:00:00,177,125,18
8378563200,2016-05-02 19:00:00,153,116,19
8378563200,2016-05-02 20:00:00,233,128,20
8378563200,2016-05-02 21:00:00,0,92,21
8378563200,2016-05-02 22:00:00,0,92,22
8378563200,2016-05-02 23:00:00,0,90,23
8378563200,2016-05-03 00:00:00,0,91,0
8378563200,2016-05-03 01:00:00,47,98,1
8378563200,2016-05-03 02:00:00,0,91,2
8378563200,2016-05-03 03:00:00,0,91,3
8378563200,2016-05-03 04:00:00,259,121,4
8378563200,2016-05-03 05:00:00,0,669,5
8378563200,2016-05-03 06:00:00,173,117,6
8378563200,2016-05-03 07:00:00,491,156,7
8378563200,2016-05-03 08:00:00,1421,228,8
8378563200,2016-05-03 09:00:00,578,156,9
8378563200,2016-05-03 10:00:00,408,135,10
8378563200,2016-05-03 11:00:00,244,126,11
8378563200,2016-05-03 12:00:00,371,134,12
8378563200,2016-05-03 13:00:00,115,117,13
8378563200,2016-05-03 14:00:00,318,134,14
8378563200,2016-05-03 15:00:00,482,148,15
8378563200,2016-05-03 16:00:00,294,130,16
8378563200,2016-05-03 17:00:00,1574,240,17
8378563200,2016-05-03 18:00:00,436,147,18
8378563200,2016-05-03 19:00:00,323,144,19
8378563200,2016-05-03 20:00:00,762,180,20
8378563200,2016-05-03 21:00:00,197,122,21
8378563200,2016-05-03 22:00:00,215,117,22
8378563200,2016-05-03 23:00:00,4,94,23
8378563200,2016-05-04 00:00:00,0,90,0
8378563200,2016-05-04 01:00:00,51,100,1
8378563200,2016-05-04 02:00:00,0,90,2
8378563200,2016-05-04 03:00:00,0,91,3
8378563200,2016-05-04 04:00:00,52,98,4
8378563200,2016-05-04 05:00:00,0,92,5
8378563200,2016-05-04 06:00:00,236,117,6
8378563200,2016-05-04 07:00:00,589,158,7
8378563200,2016-05-04 08:00:00,1417,222,8
8378563200,2016-05-04 09:00:00,820,186,9
8378563200,2016-05-04 10:00:00,407,138,10
8378563200,2016-05-04 11:00:00,628,161,11
8378563200,2016-05-04 12:00:00,346,137,12
8378563200,2016-05-04 13:00:00,200,122,13
8378563200,2016-05-04 14:00:00,412,145,14
8378563200,2016-05-04 15:00:00,292,133,15
8378563200,2016-05-04 16:00:00,1281,209,16
8378563200,2016-05-04 17:00:00,200,127,17
8378563200,2016-05-04 18:00:00,298,137,18
8378563200,2016-05-04 19:00:00,191,124,19
8378563200,2016-05-04 20:00:00,237,126,20
8378563200,2016-05-04 21:00:00,130,109,21
8378563200,2016-05-04 22:00:00,79,104,22
8378563200,2016-05-04 23:00:00,9,93,23
8378563200,2016-05-05 00:00:00,66,99,0
8378563200,2016-05-05 01:00:00,0,91,1
8378563200,2016-05-05 02:00:00,0,91,2
8378563200,2016-05-05 03:00:00,4,93,3
8378563200,2016-05-05 04:00:00,254,123,4
8378563200,2016-05-05 05:00:00,0,669,5
8378563200,2016-05-05 06:00:00,126,112,6
8378563200,2016-05-05 07:00:00,492,161,7
8378563200,2016-05-05 08:00:00,1398,218,8
8378563200,2016-05-05 09:00:00,363,132,9
8378563200,2016-05-05 10:00:00,416,144,10
8378563200,2016-05-05 11:00:00,252,130,11
8378563200,2016-05-05 12:00:00,461,142,12
8378563200,2016-05-05 13:00:00,467,153,13
8378563200,2016-05-05 14:00:00,336,132,14
8378563200,2016-05-05 15:00:00,420,144,15
8378563200,2016-05-05 16:00:00,731,160,16
8378563200,2016-05-05 17:00:00,248,133,17
8378563200,2016-05-05 18:00:00,769,181,18
8378563200,2016-05-05 19:00:00,100,120,19
8378563200,2016-05-05 20:00:00,975,196,20
8378563200,2016-05-05 21:00:00,504,157,21
8378563200,2016-05-05 22:00:00,0,91,22
8378563200,2016-05-05 23:00:00,185,113,23
8378563200,2016-05-06 00:00:00,0,90,0
8378563200,2016-05-06 01:00:00,0,92,1
8378563200,2016-05-06 02:00:00,0,91,2
8378563200,2016-05-06 03:00:00,7,93,3
8378563200,2016-05-06 04:00:00,303,130,4
8378563200,2016-05-06 05:00:00,0,669,5
8378563200,2016-05-06 06:00:00,266,123,6
8378563200,2016-05-06 07:00:00,492,150,7
8378563200,2016-05-06 08:00:00,1430,226,8
8378563200,2016-05-06 09:00:00,368,140,9
8378563200,2016-05-06 10:00:00,577,162,10
8378563200,2016-05-06 11:00:00,431,142,11
8378563200,2016-05-06 12:00:00,81,112,12
8378563200,2016-05-06 13:00:00,251,126,13
8378563200,2016-05-06 14:00:00,409,149,14
8378563200,2016-05-06 15:00:00,489,148,15
8378563200,2016-05-06 16:00:00,1064,201,16
8378563200,2016-05-06 17:00:00,245,136,17
8378563200,2016-05-06 18:00:00,99,117,18
8378563200,2016-05-06 19:00:00,97,114,19
8378563200,2016-05-06 20:00:00,81,114,20
8378563200,2016-05-06 21:00:00,291,129,21
8378563200,2016-05-06 22:00:00,0,92,22
8378563200,2016-05-06 23:00:00,64,99,23
8378563200,2016-05-07 00:00:00,13,94,0
8378563200,2016-05-07 01:00:00,0,92,1
8378563200,2016-05-07 02:00:00,0,91,2
8378563200,2016-05-07 03:00:00,0,90,3
8378563200,2016-05-07 04:00:00,6,93,4
8378563200,2016-05-07 05:00:00,61,107,5
8378563200,2016-05-07 06:00:00,0,90,6
8378563200,2016-05-07 07:00:00,122,103,7
8378563200,2016-05-07 08:00:00,208,111,8
8378563200,2016-05-07 09:00:00,61,104,9
8378563200,2016-05-07 10:00:00,51,107,10
8378563200,2016-05-07 11:00:00,92,113,11
8378563200,2016-05-07 12:00:00,461,148,12
8378563200,2016-05-07 13:00:00,1112,208,13
8378563200,2016-05-07 14:00:00,749,171,14
8378563200,2016-05-07 15:00:00,480,161,15
8378563200,2016-05-07 16:00:00,299,132,16
8378563200,2016-05-07 17:00:00,0,101,17
8378563200,2016-05-07 18:00:00,121,112,18
8378563200,2016-05-07 19:00:00,211,128,19
8378563200,2016-05-07 20:00:00,27,105,20
8378563200,2016-05-07 21:00:00,171,119,21
8378563200,2016-05-07 22:00:00,223,125,22
8378563200,2016-05-07 23:00:00,0,95,23
8378563200,2016-05-08 00:00:00,14,95,0
8378563200,2016-05-08 01:00:00,0,91,1
8378563200,2016-05-08 02:00:00,49,99,2
8378563200,2016-05-08 03:00:00,12,93,3
8378563200,2016-05-08 04:00:00,0,91,4
8378563200,2016-05-08 05:00:00,0,91,5
8378563200,2016-05-08 06:00:00,0,91,6
8378563200,2016-05-08 07:00:00,74,108,7
8378563200,2016-05-08 08:00:00,0,91,8
8378563200,2016-05-08 09:00:00,247,129,9
8378563200,2016-05-08 10:00:00,157,112,10
8378563200,2016-05-08 11:00:00,111,116,11
8378563200,2016-05-08 12:00:00,496,161,12
8378563200,2016-05-08 13:00:00,204,122,13
8378563200,2016-05-08 14:00:00,107,118,14
8378563200,2016-05-08 15:00:00,506,166,15
8378563200,2016-05-08 16:00:00,139,117,16
8378563200,2016-05-08 17:00:00,215,129,17
8378563200,2016-05-08 18:00:00,28,108,18
8378563200,2016-05-08 19:00:00,110,111,19
8378563200,2016-05-08 20:00:00,204,131,20
8378563200,2016-05-08 21:00:00,256,130,21
8378563200,2016-05-08 22:00:00,0,91,22
8378563200,2016-05-08 23:00:00,14,93,23
8378563200,2016-05-09 00:00:00,54,100,0
8378563200,2016-05-09 01:00:00,55,101,1
8378563200,2016-05-09 02:00:00,0,91,2
8378563200,2016-05-09 03:00:00,0,91,3
8378563200,2016-05-09 04:00:00,255,121,4
8378563200,2016-05-09 05:00:00,0,669,5
8378563200,2016-05-09 06:00:00,244,122,6
8378563200,2016-05-09 07:00:00,431,146,7
8378563200,2016-05-09 08:00:00,1539,233,8
8378563200,2016-05-09 09:00:00,448,144,9
8378563200,2016-05-09 10:00:00,1180,213,10
8378563200,2016-05-09 11:00:00,585,154,11
8378563200,2016-05-09 12:00:00,408,136,12
8378563200,2016-05-09 13:00:00,590,156,13
8378563200,2016-05-09 14:00:00,177,115,14
8378563200,2016-05-09 15:00:00,355,135,15
8378563200,2016-05-09 16:00:00,271,130,16
8378563200,2016-05-09 17:00:00,689,162,17
8378563200,2016-05-09 18:00:00,222,125,18
8378563200,2016-05-09 19:00:00,173,121,19
8378563200,2016-05-09 20:00:00,413,147,20
8378563200,2016-05-09 21:00:00,205,115,21
8378563200,2016-05-09 22:00:00,88,103,22
8378563200,2016-05-09 23:00:00,0,91,23
8378563200,2016-05-10 00:00:00,0,91,0
8378563200,2016-05-10 01:00:00,0,92,1
8378563200,2016-05-10 02:00:00,0,91,2
8378563200,2016-05-10 03:00:00,0,91,3
8378563200,2016-05-10 04:00:00,361,131,4
8378563200,2016-05-10 05:00:00,0,669,5
8378563200,2016-05-10 06:00:00,151,116,6
8378563200,2016-05-10 07:00:00,570,155,7
8378563200,2016-05-10 08:00:00,1199,201,8
8378563200,2016-05-10 09:00:00,327,141,9
8378563200,2016-05-10 10:00:00,383,140,10
8378563200,2016-05-10 11:00:00,43,108,11
8378563200,2016-05-10 12:00:00,562,152,12
8378563200,2016-05-10 13:00:00,115,121,13
8378563200,2016-05-10 14:00:00,424,142,14
8378563200,2016-05-10 15:00:00,244,132,15
8378563200,2016-05-10 16:00:00,909,182,16
8378563200,2016-05-10 17:00:00,310,138,17
8378563200,2016-05-10 18:00:00,53,105,18
8378563200,2016-05-10 19:00:00,310,139,19
8378563200,2016-05-10 20:00:00,176,127,20
8378563200,2016-05-10 21:00:00,445,142,21
8378563200,2016-05-10 22:00:00,0,91,22
8378563200,2016-05-10 23:00:00,0,91,23
8378563200,2016-05-11 00:00:00,0,91,0
8378563200,2016-05-11 01:00:00,0,91,1
8378563200,2016-05-11 02:00:00,0,90,2
8378563200,2016-05-11 03:00:00,12,94,3
8378563200,2016-05-11 04:00:00,313,130,4
8378563200,2016-05-11 05:00:00,0,669,5
8378563200,2016-05-11 06:00:00,212,121,6
8378563200,2016-05-11 07:00:00,402,145,7
8378563200,2016-05-11 08:00:00,1396,216,8
8378563200,2016-05-11 09:00:00,440,145,9
8378563200,2016-05-11 10:00:00,1108,199,10
8378563200,2016-05-11 11:00:00,1302,218,11
8378563200,2016-05-11 12:00:00,870,185,12
8378563200,2016-05-11 13:00:00,488,142,13
8378563200,2016-05-11 14:00:00,439,144,14
8378563200,2016-05-11 15:00:00,319,129,15
8378563200,2016-05-11 16:00:00,162,112,16
8378563200,2016-05-11 17:00:00,926,181,17
8378563200,2016-05-11 18:00:00,207,132,18
8378563200,2016-05-11 19:00:00,71,117,19
8378563200,2016-05-11 20:00:00,252,129,20
8378563200,2016-05-11 21:00:00,136,115,21
8378563200,2016-05-11 22:00:00,0,91,22
8378563200,2016-05-11 23:00:00,88,102,23
8378563200,2016-05-12 00:00:00,0,91,0
8378563200,2016-05-12 01:00:00,17,98,1
8378563200,2016-05-12 02:00:00,8,93,2
8378563200,2016-05-12 03:00:00,0,91,3
8378563200,2016-05-12 04:00:00,49,98,4
8378563200,2016-05-12 05:00:00,0,91,5
8378563200,2016-05-12 06:00:00,236,129,6
8378563200,2016-05-12 07:00:00,498,152,7
8378563200,2016-05-12 08:00:00,1173,199,8
8378563200,2016-05-12 09:00:00,542,160,9
8378563200,2016-05-12 10:00:00,643,163,10
8378563200,2016-05-12 11:00:00,386,138,11
8378563200,2016-05-12 12:00:00,22,105,12
8378563200,2016-05-12 13:00:00,436,142,13
8378563200,2016-05-12 14:00:00,46,107,14
8583815059,2016-04-12 00:00:00,0,84,0
8583815059,2016-04-12 01:00:00,0,84,1
8583815059,2016-04-12 02:00:00,0,84,2
8583815059,2016-04-12 03:00:00,0,84,3
8583815059,2016-04-12 04:00:00,0,84,4
8583815059,2016-04-12 05:00:00,0,84,5
8583815059,2016-04-12 06:00:00,0,84,6
8583815059,2016-04-12 07:00:00,0,84,7
8583815059,2016-04-12 08:00:00,0,84,8
8583815059,2016-04-12 09:00:00,55,92,9
8583815059,2016-04-12 10:00:00,0,88,10
8583815059,2016-04-12 11:00:00,35,94,11
8583815059,2016-04-12 12:00:00,327,136,12
8583815059,2016-04-12 13:00:00,807,180,13
8583815059,2016-04-12 14:00:00,250,118,14
8583815059,2016-04-12 15:00:00,265,122,15
8583815059,2016-04-12 16:00:00,731,154,16
8583815059,2016-04-12 17:00:00,962,194,17
8583815059,2016-04-12 18:00:00,175,121,18
8583815059,2016-04-12 19:00:00,987,195,19
8583815059,2016-04-12 20:00:00,30,93,20
8583815059,2016-04-12 21:00:00,63,97,21
8583815059,2016-04-12 22:00:00,63,96,22
8583815059,2016-04-12 23:00:00,264,114,23
8583815059,2016-04-13 00:00:00,0,84,0
8583815059,2016-04-13 01:00:00,0,84,1
8583815059,2016-04-13 02:00:00,0,84,2
8583815059,2016-04-13 03:00:00,0,84,3
8583815059,2016-04-13 04:00:00,0,84,4
8583815059,2016-04-13 05:00:00,0,84,5
8583815059,2016-04-13 06:00:00,0,84,6
8583815059,2016-04-13 07:00:00,0,84,7
8583815059,2016-04-13 08:00:00,0,84,8
8583815059,2016-04-13 09:00:00,105,99,9
8583815059,2016-04-13 10:00:00,562,151,10
8583815059,2016-04-13 11:00:00,1559,234,11
8583815059,2016-04-13 12:00:00,2351,300,12
8583815059,2016-04-13 13:00:00,212,121,13
8583815059,2016-04-13 14:00:00,0,87,14
8583815059,2016-04-13 15:00:00,14,91,15
8583815059,2016-04-13 16:00:00,8,89,16
8583815059,2016-04-13 17:00:00,338,129,17
8583815059,2016-04-13 18:00:00,46,92,18
8583815059,2016-04-13 19:00:00,13,89,19
8583815059,2016-04-13 20:00:00,123,108,20
8583815059,2016-04-13 21:00:00,83,104,21
8583815059,2016-04-13 22:00:00,114,109,22
8583815059,2016-04-13 23:00:00,43,94,23
8583815059,2016-04-14 00:00:00,113,101,0
8583815059,2016-04-14 01:00:00,0,84,1
8583815059,2016-04-14 02:00:00,0,84,2
8583815059,2016-04-14 03:00:00,0,84,3
8583815059,2016-04-14 04:00:00,0,84,4
8583815059,2016-04-14 05:00:00,0,84,5
8583815059,2016-04-14 06:00:00,0,84,6
8583815059,2016-04-14 07:00:00,0,84,7
8583815059,2016-04-14 08:00:00,0,84,8
8583815059,2016-04-14 09:00:00,131,97,9
8583815059,2016-04-14 10:00:00,201,112,10
8583815059,2016-04-14 11:00:00,53,96,11
8583815059,2016-04-14 12:00:00,75,99,12
8583815059,2016-04-14 13:00:00,110,106,13
8583815059,2016-04-14 14:00:00,180,111,14
8583815059,2016-04-14 15:00:00,84,103,15
8583815059,2016-04-14 16:00:00,388,134,16
8583815059,2016-04-14 17:00:00,1225,209,17
8583815059,2016-04-14 18:00:00,170,109,18
8583815059,2016-04-14 19:00:00,108,100,19
8583815059,2016-04-14 20:00:00,43,94,20
8583815059,2016-04-14 21:00:00,93,103,21
8583815059,2016-04-14 22:00:00,112,107,22
8583815059,2016-04-14 23:00:00,32,89,23
8583815059,2016-04-15 00:00:00,134,106,0
8583815059,2016-04-15 01:00:00,0,84,1
8583815059,2016-04-15 02:00:00,0,84,2
8583815059,2016-04-15 03:00:00,0,84,3
8583815059,2016-04-15 04:00:00,0,84,4
8583815059,2016-04-15 05:00:00,0,84,5
8583815059,2016-04-15 06:00:00,0,84,6
8583815059,2016-04-15 07:00:00,0,84,7
8583815059,2016-04-15 08:00:00,0,84,8
8583815059,2016-04-15 09:00:00,89,97,9
8583815059,2016-04-15 10:00:00,4,89,10
8583815059,2016-04-15 11:00:00,27,92,11
8583815059,2016-04-15 12:00:00,141,108,12
8583815059,2016-04-15 13:00:00,120,96,13
8583815059,2016-04-15 14:00:00,162,114,14
8583815059,2016-04-15 15:00:00,376,144,15
8583815059,2016-04-15 16:00:00,105,101,16
8583815059,2016-04-15 17:00:00,0,84,17
8583815059,2016-04-15 18:00:00,0,84,18
8583815059,2016-04-15 19:00:00,0,84,19
8583815059,2016-04-15 20:00:00,0,84,20
8583815059,2016-04-15 21:00:00,0,84,21
8583815059,2016-04-15 22:00:00,0,84,22
8583815059,2016-04-15 23:00:00,0,84,23
8583815059,2016-04-16 00:00:00,0,84,0
8583815059,2016-04-16 01:00:00,0,84,1
8583815059,2016-04-16 02:00:00,0,84,2
8583815059,2016-04-16 03:00:00,0,84,3
8583815059,2016-04-16 04:00:00,0,84,4
8583815059,2016-04-16 05:00:00,0,84,5
8583815059,2016-04-16 06:00:00,0,84,6
8583815059,2016-04-16 07:00:00,0,84,7
8583815059,2016-04-16 08:00:00,0,84,8
8583815059,2016-04-16 09:00:00,0,84,9
8583815059,2016-04-16 10:00:00,0,84,10
8583815059,2016-04-16 11:00:00,0,84,11
8583815059,2016-04-16 12:00:00,0,84,12
8583815059,2016-04-16 13:00:00,0,84,13
8583815059,2016-04-16 14:00:00,0,84,14
8583815059,2016-04-16 15:00:00,0,84,15
8583815059,2016-04-16 16:00:00,0,84,16
8583815059,2016-04-16 17:00:00,0,84,17
8583815059,2016-04-16 18:00:00,0,84,18
8583815059,2016-04-16 19:00:00,0,84,19
8583815059,2016-04-16 20:00:00,0,84,20
8583815059,2016-04-16 21:00:00,0,84,21
8583815059,2016-04-16 22:00:00,0,84,22
8583815059,2016-04-16 23:00:00,0,84,23
8583815059,2016-04-17 00:00:00,0,84,0
8583815059,2016-04-17 01:00:00,0,84,1
8583815059,2016-04-17 02:00:00,0,84,2
8583815059,2016-04-17 03:00:00,0,84,3
8583815059,2016-04-17 04:00:00,0,84,4
8583815059,2016-04-17 05:00:00,0,84,5
8583815059,2016-04-17 06:00:00,0,84,6
8583815059,2016-04-17 07:00:00,0,84,7
8583815059,2016-04-17 08:00:00,0,84,8
8583815059,2016-04-17 09:00:00,0,84,9
8583815059,2016-04-17 10:00:00,0,84,10
8583815059,2016-04-17 11:00:00,0,84,11
8583815059,2016-04-17 12:00:00,0,84,12
8583815059,2016-04-17 13:00:00,0,84,13
8583815059,2016-04-17 14:00:00,0,84,14
8583815059,2016-04-17 15:00:00,0,84,15
8583815059,2016-04-17 16:00:00,0,84,16
8583815059,2016-04-17 17:00:00,0,84,17
8583815059,2016-04-17 18:00:00,0,84,18
8583815059,2016-04-17 19:00:00,0,84,19
8583815059,2016-04-17 20:00:00,0,84,20
8583815059,2016-04-17 21:00:00,0,84,21
8583815059,2016-04-17 22:00:00,0,84,22
8583815059,2016-04-17 23:00:00,0,84,23
8583815059,2016-04-18 00:00:00,0,84,0
8583815059,2016-04-18 01:00:00,0,84,1
8583815059,2016-04-18 02:00:00,0,84,2
8583815059,2016-04-18 03:00:00,0,84,3
8583815059,2016-04-18 04:00:00,0,84,4
8583815059,2016-04-18 05:00:00,0,84,5
8583815059,2016-04-18 06:00:00,0,84,6
8583815059,2016-04-18 07:00:00,0,84,7
8583815059,2016-04-18 08:00:00,624,164,8
8583815059,2016-04-18 09:00:00,0,90,9
8583815059,2016-04-18 10:00:00,2096,263,10
8583815059,2016-04-18 11:00:00,5,93,11
8583815059,2016-04-18 12:00:00,19,95,12
8583815059,2016-04-18 13:00:00,56,107,13
8583815059,2016-04-18 14:00:00,11,95,14
8583815059,2016-04-18 15:00:00,78,105,15
8583815059,2016-04-18 16:00:00,37,96,16
8583815059,2016-04-18 17:00:00,38,100,17
8583815059,2016-04-18 18:00:00,29,98,18
8583815059,2016-04-18 19:00:00,132,108,19
8583815059,2016-04-18 20:00:00,59,95,20
8583815059,2016-04-18 21:00:00,165,119,21
8583815059,2016-04-18 22:00:00,29,92,22
8583815059,2016-04-18 23:00:00,103,104,23
8583815059,2016-04-19 00:00:00,0,84,0
8583815059,2016-04-19 01:00:00,0,84,1
8583815059,2016-04-19 02:00:00,0,84,2
8583815059,2016-04-19 03:00:00,0,84,3
8583815059,2016-04-19 04:00:00,0,84,4
8583815059,2016-04-19 05:00:00,0,84,5
8583815059,2016-04-19 06:00:00,0,84,6
8583815059,2016-04-19 07:00:00,0,84,7
8583815059,2016-04-19 08:00:00,0,84,8
8583815059,2016-04-19 09:00:00,0,84,9
8583815059,2016-04-19 10:00:00,90,106,10
8583815059,2016-04-19 11:00:00,433,135,11
8583815059,2016-04-19 12:00:00,1471,215,12
8583815059,2016-04-19 13:00:00,1404,227,13
8583815059,2016-04-19 14:00:00,941,180,14
8583815059,2016-04-19 15:00:00,40,98,15
8583815059,2016-04-19 16:00:00,0,88,16
8583815059,2016-04-19 17:00:00,462,143,17
8583815059,2016-04-19 18:00:00,350,123,18
8583815059,2016-04-19 19:00:00,70,99,19
8583815059,2016-04-19 20:00:00,106,104,20
8583815059,2016-04-19 21:00:00,61,98,21
8583815059,2016-04-19 22:00:00,140,107,22
8583815059,2016-04-19 23:00:00,129,105,23
8583815059,2016-04-20 00:00:00,0,84,0
8583815059,2016-04-20 01:00:00,0,84,1
8583815059,2016-04-20 02:00:00,0,84,2
8583815059,2016-04-20 03:00:00,0,84,3
8583815059,2016-04-20 04:00:00,0,84,4
8583815059,2016-04-20 05:00:00,0,84,5
8583815059,2016-04-20 06:00:00,0,84,6
8583815059,2016-04-20 07:00:00,0,84,7
8583815059,2016-04-20 08:00:00,0,84,8
8583815059,2016-04-20 09:00:00,0,84,9
8583815059,2016-04-20 10:00:00,168,118,10
8583815059,2016-04-20 11:00:00,241,109,11
8583815059,2016-04-20 12:00:00,242,123,12
8583815059,2016-04-20 13:00:00,808,171,13
8583815059,2016-04-20 14:00:00,1653,251,14
8583815059,2016-04-20 15:00:00,842,167,15
8583815059,2016-04-20 16:00:00,452,139,16
8583815059,2016-04-20 17:00:00,60,91,17
8583815059,2016-04-20 18:00:00,359,143,18
8583815059,2016-04-20 19:00:00,8,91,19
8583815059,2016-04-20 20:00:00,183,111,20
8583815059,2016-04-20 21:00:00,178,113,21
8583815059,2016-04-20 22:00:00,79,94,22
8583815059,2016-04-20 23:00:00,0,86,23
8583815059,2016-04-21 00:00:00,77,99,0
8583815059,2016-04-21 01:00:00,0,84,1
8583815059,2016-04-21 02:00:00,0,84,2
8583815059,2016-04-21 03:00:00,0,84,3
8583815059,2016-04-21 04:00:00,0,84,4
8583815059,2016-04-21 05:00:00,0,84,5
8583815059,2016-04-21 06:00:00,0,84,6
8583815059,2016-04-21 07:00:00,0,84,7
8583815059,2016-04-21 08:00:00,0,84,8
8583815059,2016-04-21 09:00:00,76,93,9
8583815059,2016-04-21 10:00:00,414,133,10
8583815059,2016-04-21 11:00:00,71,97,11
8583815059,2016-04-21 12:00:00,450,141,12
8583815059,2016-04-21 13:00:00,140,102,13
8583815059,2016-04-21 14:00:00,2063,259,14
8583815059,2016-04-21 15:00:00,3092,329,15
8583815059,2016-04-21 16:00:00,202,115,16
8583815059,2016-04-21 17:00:00,105,101,17
8583815059,2016-04-21 18:00:00,520,140,18
8583815059,2016-04-21 19:00:00,776,176,19
8583815059,2016-04-21 20:00:00,145,108,20
8583815059,2016-04-21 21:00:00,383,140,21
8583815059,2016-04-21 22:00:00,0,87,22
8583815059,2016-04-21 23:00:00,24,91,23
8583815059,2016-04-22 00:00:00,96,102,0
8583815059,2016-04-22 01:00:00,0,84,1
8583815059,2016-04-22 02:00:00,0,84,2
8583815059,2016-04-22 03:00:00,0,84,3
8583815059,2016-04-22 04:00:00,0,84,4
8583815059,2016-04-22 05:00:00,0,84,5
8583815059,2016-04-22 06:00:00,0,84,6
8583815059,2016-04-22 07:00:00,0,84,7
8583815059,2016-04-22 08:00:00,0,84,8
8583815059,2016-04-22 09:00:00,146,104,9
8583815059,2016-04-22 10:00:00,441,140,10
8583815059,2016-04-22 11:00:00,1655,236,11
8583815059,2016-04-22 12:00:00,1690,237,12
8583815059,2016-04-22 13:00:00,2228,288,13
8583815059,2016-04-22 14:00:00,616,153,14
8583815059,2016-04-22 15:00:00,30,90,15
8583815059,2016-04-22 16:00:00,269,126,16
8583815059,2016-04-22 17:00:00,604,145,17
8583815059,2016-04-22 18:00:00,298,133,18
8583815059,2016-04-22 19:00:00,207,118,19
8583815059,2016-04-22 20:00:00,20,90,20
8583815059,2016-04-22 21:00:00,67,98,21
8583815059,2016-04-22 22:00:00,54,95,22
8583815059,2016-04-22 23:00:00,266,117,23
8583815059,2016-04-23 00:00:00,0,84,0
8583815059,2016-04-23 01:00:00,0,84,1
8583815059,2016-04-23 02:00:00,0,84,2
8583815059,2016-04-23 03:00:00,0,84,3
8583815059,2016-04-23 04:00:00,0,84,4
8583815059,2016-04-23 05:00:00,0,84,5
8583815059,2016-04-23 06:00:00,0,84,6
8583815059,2016-04-23 07:00:00,0,84,7
8583815059,2016-04-23 08:00:00,0,84,8
8583815059,2016-04-23 09:00:00,398,127,9
8583815059,2016-04-23 10:00:00,2575,307,10
8583815059,2016-04-23 11:00:00,1914,265,11
8583815059,2016-04-23 12:00:00,1443,215,12
8583815059,2016-04-23 13:00:00,516,150,13
8583815059,2016-04-23 14:00:00,176,115,14
8583815059,2016-04-23 15:00:00,418,134,15
8583815059,2016-04-23 16:00:00,555,150,16
8583815059,2016-04-23 17:00:00,111,99,17
8583815059,2016-04-23 18:00:00,125,110,18
8583815059,2016-04-23 19:00:00,423,143,19
8583815059,2016-04-23 20:00:00,411,143,20
8583815059,2016-04-23 21:00:00,51,93,21
8583815059,2016-04-23 22:00:00,171,104,22
8583815059,2016-04-23 23:00:00,94,100,23
8583815059,2016-04-24 00:00:00,267,124,0
8583815059,2016-04-24 01:00:00,0,84,1
8583815059,2016-04-24 02:00:00,0,84,2
8583815059,2016-04-24 03:00:00,0,84,3
8583815059,2016-04-24 04:00:00,0,84,4
8583815059,2016-04-24 05:00:00,0,84,5
8583815059,2016-04-24 06:00:00,0,84,6
8583815059,2016-04-24 07:00:00,0,84,7
8583815059,2016-04-24 08:00:00,0,84,8
8583815059,2016-04-24 09:00:00,0,84,9
8583815059,2016-04-24 10:00:00,110,104,10
8583815059,2016-04-24 11:00:00,51,96,11
8583815059,2016-04-24 12:00:00,215,107,12
8583815059,2016-04-24 13:00:00,615,157,13
8583815059,2016-04-24 14:00:00,1612,227,14
8583815059,2016-04-24 15:00:00,1888,263,15
8583815059,2016-04-24 16:00:00,1632,233,16
8583815059,2016-04-24 17:00:00,1241,212,17
8583815059,2016-04-24 18:00:00,31,90,18
8583815059,2016-04-24 19:00:00,338,135,19
8583815059,2016-04-24 20:00:00,20,88,20
8583815059,2016-04-24 21:00:00,25,93,21
8583815059,2016-04-24 22:00:00,65,96,22
8583815059,2016-04-24 23:00:00,176,106,23
8583815059,2016-04-25 00:00:00,0,84,0
8583815059,2016-04-25 01:00:00,0,84,1
8583815059,2016-04-25 02:00:00,0,84,2
8583815059,2016-04-25 03:00:00,0,84,3
8583815059,2016-04-25 04:00:00,0,84,4
8583815059,2016-04-25 05:00:00,0,84,5
8583815059,2016-04-25 06:00:00,0,84,6
8583815059,2016-04-25 07:00:00,0,84,7
8583815059,2016-04-25 08:00:00,0,84,8
8583815059,2016-04-25 09:00:00,995,172,9
8583815059,2016-04-25 10:00:00,1447,208,10
8583815059,2016-04-25 11:00:00,158,112,11
8583815059,2016-04-25 12:00:00,96,106,12
8583815059,2016-04-25 13:00:00,184,116,13
8583815059,2016-04-25 14:00:00,0,87,14
8583815059,2016-04-25 15:00:00,420,142,15
8583815059,2016-04-25 16:00:00,533,145,16
8583815059,2016-04-25 17:00:00,32,92,17
8583815059,2016-04-25 18:00:00,40,91,18
8583815059,2016-04-25 19:00:00,76,99,19
8583815059,2016-04-25 20:00:00,154,114,20
8583815059,2016-04-25 21:00:00,30,94,21
8583815059,2016-04-25 22:00:00,106,103,22
8583815059,2016-04-25 23:00:00,232,110,23
8583815059,2016-04-26 00:00:00,0,84,0
8583815059,2016-04-26 01:00:00,0,84,1
8583815059,2016-04-26 02:00:00,0,84,2
8583815059,2016-04-26 03:00:00,0,84,3
8583815059,2016-04-26 04:00:00,0,84,4
8583815059,2016-04-26 05:00:00,0,84,5
8583815059,2016-04-26 06:00:00,0,84,6
8583815059,2016-04-26 07:00:00,0,84,7
8583815059,2016-04-26 08:00:00,0,84,8
8583815059,2016-04-26 09:00:00,90,94,9
8583815059,2016-04-26 10:00:00,526,148,10
8583815059,2016-04-26 11:00:00,1346,217,11
8583815059,2016-04-26 12:00:00,1403,230,12
8583815059,2016-04-26 13:00:00,804,172,13
8583815059,2016-04-26 14:00:00,1093,177,14
8583815059,2016-04-26 15:00:00,2940,325,15
8583815059,2016-04-26 16:00:00,1020,189,16
8583815059,2016-04-26 17:00:00,379,140,17
8583815059,2016-04-26 18:00:00,185,111,18
8583815059,2016-04-26 19:00:00,466,150,19
8583815059,2016-04-26 20:00:00,183,112,20
8583815059,2016-04-26 21:00:00,51,95,21
8583815059,2016-04-26 22:00:00,13,88,22
8583815059,2016-04-26 23:00:00,0,88,23
8583815059,2016-04-27 00:00:00,98,98,0
8583815059,2016-04-27 01:00:00,0,84,1
8583815059,2016-04-27 02:00:00,0,84,2
8583815059,2016-04-27 03:00:00,0,84,3
8583815059,2016-04-27 04:00:00,0,84,4
8583815059,2016-04-27 05:00:00,0,84,5
8583815059,2016-04-27 06:00:00,0,84,6
8583815059,2016-04-27 07:00:00,0,84,7
8583815059,2016-04-27 08:00:00,0,84,8
8583815059,2016-04-27 09:00:00,0,84,9
8583815059,2016-04-27 10:00:00,29,91,10
8583815059,2016-04-27 11:00:00,87,96,11
8583815059,2016-04-27 12:00:00,224,115,12
8583815059,2016-04-27 13:00:00,2401,293,13
8583815059,2016-04-27 14:00:00,1652,237,14
8583815059,2016-04-27 15:00:00,6503,592,15
8583815059,2016-04-27 16:00:00,934,177,16
8583815059,2016-04-27 17:00:00,77,96,17
8583815059,2016-04-27 18:00:00,52,91,18
8583815059,2016-04-27 19:00:00,76,96,19
8583815059,2016-04-27 20:00:00,35,96,20
8583815059,2016-04-27 21:00:00,99,107,21
8583815059,2016-04-27 22:00:00,44,94,22
8583815059,2016-04-27 23:00:00,163,105,23
8583815059,2016-04-28 00:00:00,0,84,0
8583815059,2016-04-28 01:00:00,0,84,1
8583815059,2016-04-28 02:00:00,0,84,2
8583815059,2016-04-28 03:00:00,0,84,3
8583815059,2016-04-28 04:00:00,0,84,4
8583815059,2016-04-28 05:00:00,0,84,5
8583815059,2016-04-28 06:00:00,0,84,6
8583815059,2016-04-28 07:00:00,0,84,7
8583815059,2016-04-28 08:00:00,0,84,8
8583815059,2016-04-28 09:00:00,401,143,9
8583815059,2016-04-28 10:00:00,11,90,10
8583815059,2016-04-28 11:00:00,100,104,11
8583815059,2016-04-28 12:00:00,712,167,12
8583815059,2016-04-28 13:00:00,1867,267,13
8583815059,2016-04-28 14:00:00,1474,222,14
8583815059,2016-04-28 15:00:00,351,128,15
8583815059,2016-04-28 16:00:00,219,118,16
8583815059,2016-04-28 17:00:00,159,111,17
8583815059,2016-04-28 18:00:00,134,102,18
8583815059,2016-04-28 19:00:00,177,113,19
8583815059,2016-04-28 20:00:00,251,119,20
8583815059,2016-04-28 21:00:00,112,109,21
8583815059,2016-04-28 22:00:00,66,99,22
8583815059,2016-04-28 23:00:00,140,108,23
8583815059,2016-04-29 00:00:00,0,84,0
8583815059,2016-04-29 01:00:00,0,84,1
8583815059,2016-04-29 02:00:00,0,84,2
8583815059,2016-04-29 03:00:00,0,84,3
8583815059,2016-04-29 04:00:00,0,84,4
8583815059,2016-04-29 05:00:00,0,84,5
8583815059,2016-04-29 06:00:00,0,84,6
8583815059,2016-04-29 07:00:00,149,108,7
8583815059,2016-04-29 08:00:00,3955,408,8
8583815059,2016-04-29 09:00:00,87,98,9
8583815059,2016-04-29 10:00:00,256,124,10
8583815059,2016-04-29 11:00:00,284,135,11
8583815059,2016-04-29 12:00:00,663,158,12
8583815059,2016-04-29 13:00:00,1905,258,13
8583815059,2016-04-29 14:00:00,2483,308,14
8583815059,2016-04-29 15:00:00,3085,336,15
8583815059,2016-04-29 16:00:00,1061,197,16
8583815059,2016-04-29 17:00:00,364,125,17
8583815059,2016-04-29 18:00:00,313,136,18
8583815059,2016-04-29 19:00:00,103,105,19
8583815059,2016-04-29 20:00:00,39,97,20
8583815059,2016-04-29 21:00:00,149,116,21
8583815059,2016-04-29 22:00:00,173,116,22
8583815059,2016-04-29 23:00:00,87,95,23
8583815059,2016-04-30 00:00:00,166,103,0
8583815059,2016-04-30 01:00:00,0,84,1
8583815059,2016-04-30 02:00:00,0,84,2
8583815059,2016-04-30 03:00:00,0,84,3
8583815059,2016-04-30 04:00:00,0,84,4
8583815059,2016-04-30 05:00:00,0,84,5
8583815059,2016-04-30 06:00:00,0,84,6
8583815059,2016-04-30 07:00:00,0,84,7
8583815059,2016-04-30 08:00:00,0,84,8
8583815059,2016-04-30 09:00:00,45,88,9
8583815059,2016-04-30 10:00:00,468,147,10
8583815059,2016-04-30 11:00:00,656,156,11
8583815059,2016-04-30 12:00:00,1823,253,12
8583815059,2016-04-30 13:00:00,1651,248,13
8583815059,2016-04-30 14:00:00,728,161,14
8583815059,2016-04-30 15:00:00,1327,214,15
8583815059,2016-04-30 16:00:00,556,148,16
8583815059,2016-04-30 17:00:00,498,154,17
8583815059,2016-04-30 18:00:00,343,136,18
8583815059,2016-04-30 19:00:00,169,120,19
8583815059,2016-04-30 20:00:00,279,134,20
8583815059,2016-04-30 21:00:00,228,126,21
8583815059,2016-04-30 22:00:00,860,168,22
8583815059,2016-04-30 23:00:00,288,135,23
8583815059,2016-05-01 00:00:00,1361,226,0
8583815059,2016-05-01 01:00:00,67,98,1
8583815059,2016-05-01 02:00:00,0,84,2
8583815059,2016-05-01 03:00:00,0,84,3
8583815059,2016-05-01 04:00:00,0,84,4
8583815059,2016-05-01 05:00:00,0,84,5
8583815059,2016-05-01 06:00:00,0,84,6
8583815059,2016-05-01 07:00:00,0,84,7
8583815059,2016-05-01 08:00:00,0,84,8
8583815059,2016-05-01 09:00:00,0,84,9
8583815059,2016-05-01 10:00:00,624,153,10
8583815059,2016-05-01 11:00:00,1179,209,11
8583815059,2016-05-01 12:00:00,460,152,12
8583815059,2016-05-01 13:00:00,0,86,13
8583815059,2016-05-01 14:00:00,6,89,14
8583815059,2016-05-01 15:00:00,0,87,15
8583815059,2016-05-01 16:00:00,76,99,16
8583815059,2016-05-01 17:00:00,0,87,17
8583815059,2016-05-01 18:00:00,0,85,18
8583815059,2016-05-01 19:00:00,0,84,19
8583815059,2016-05-01 20:00:00,0,84,20
8583815059,2016-05-01 21:00:00,0,84,21
8583815059,2016-05-01 22:00:00,0,84,22
8583815059,2016-05-01 23:00:00,0,84,23
8583815059,2016-05-02 00:00:00,0,84,0
8583815059,2016-05-02 01:00:00,0,84,1
8583815059,2016-05-02 02:00:00,0,84,2
8583815059,2016-05-02 03:00:00,0,84,3
8583815059,2016-05-02 04:00:00,0,84,4
8583815059,2016-05-02 05:00:00,0,84,5
8583815059,2016-05-02 06:00:00,0,84,6
8583815059,2016-05-02 07:00:00,0,84,7
8583815059,2016-05-02 08:00:00,0,84,8
8583815059,2016-05-02 09:00:00,0,84,9
8583815059,2016-05-02 10:00:00,0,84,10
8583815059,2016-05-02 11:00:00,0,84,11
8583815059,2016-05-02 12:00:00,0,84,12
8583815059,2016-05-02 13:00:00,0,84,13
8583815059,2016-05-02 14:00:00,0,84,14
8583815059,2016-05-02 15:00:00,0,84,15
8583815059,2016-05-02 16:00:00,0,84,16
8583815059,2016-05-02 17:00:00,0,84,17
8583815059,2016-05-02 18:00:00,0,84,18
8583815059,2016-05-02 19:00:00,0,84,19
8583815059,2016-05-02 20:00:00,0,84,20
8583815059,2016-05-02 21:00:00,0,84,21
8583815059,2016-05-02 22:00:00,0,84,22
8583815059,2016-05-02 23:00:00,0,84,23
8583815059,2016-05-03 00:00:00,0,84,0
8583815059,2016-05-03 01:00:00,0,84,1
8583815059,2016-05-03 02:00:00,0,84,2
8583815059,2016-05-03 03:00:00,0,84,3
8583815059,2016-05-03 04:00:00,0,84,4
8583815059,2016-05-03 05:00:00,0,84,5
8583815059,2016-05-03 06:00:00,0,84,6
8583815059,2016-05-03 07:00:00,0,84,7
8583815059,2016-05-03 08:00:00,0,84,8
8583815059,2016-05-03 09:00:00,0,84,9
8583815059,2016-05-03 10:00:00,0,84,10
8583815059,2016-05-03 11:00:00,0,84,11
8583815059,2016-05-03 12:00:00,0,84,12
8583815059,2016-05-03 13:00:00,0,84,13
8583815059,2016-05-03 14:00:00,0,84,14
8583815059,2016-05-03 15:00:00,0,84,15
8583815059,2016-05-03 16:00:00,0,84,16
8583815059,2016-05-03 17:00:00,0,84,17
8583815059,2016-05-03 18:00:00,0,84,18
8583815059,2016-05-03 19:00:00,0,84,19
8583815059,2016-05-03 20:00:00,0,84,20
8583815059,2016-05-03 21:00:00,0,84,21
8583815059,2016-05-03 22:00:00,0,84,22
8583815059,2016-05-03 23:00:00,0,84,23
8583815059,2016-05-04 00:00:00,0,84,0
8583815059,2016-05-04 01:00:00,0,84,1
8583815059,2016-05-04 02:00:00,0,84,2
8583815059,2016-05-04 03:00:00,0,84,3
8583815059,2016-05-04 04:00:00,0,84,4
8583815059,2016-05-04 05:00:00,0,84,5
8583815059,2016-05-04 06:00:00,0,84,6
8583815059,2016-05-04 07:00:00,0,84,7
8583815059,2016-05-04 08:00:00,0,84,8
8583815059,2016-05-04 09:00:00,0,84,9
8583815059,2016-05-04 10:00:00,0,84,10
8583815059,2016-05-04 11:00:00,0,84,11
8583815059,2016-05-04 12:00:00,0,84,12
8583815059,2016-05-04 13:00:00,0,84,13
8583815059,2016-05-04 14:00:00,0,84,14
8583815059,2016-05-04 15:00:00,0,84,15
8583815059,2016-05-04 16:00:00,0,84,16
8583815059,2016-05-04 17:00:00,0,84,17
8583815059,2016-05-04 18:00:00,0,84,18
8583815059,2016-05-04 19:00:00,0,84,19
8583815059,2016-05-04 20:00:00,0,84,20
8583815059,2016-05-04 21:00:00,0,84,21
8583815059,2016-05-04 22:00:00,0,84,22
8583815059,2016-05-04 23:00:00,0,84,23
8583815059,2016-05-05 00:00:00,0,84,0
8583815059,2016-05-05 01:00:00,0,84,1
8583815059,2016-05-05 02:00:00,0,84,2
8583815059,2016-05-05 03:00:00,0,84,3
8583815059,2016-05-05 04:00:00,0,84,4
8583815059,2016-05-05 05:00:00,0,84,5
8583815059,2016-05-05 06:00:00,0,84,6
8583815059,2016-05-05 07:00:00,0,84,7
8583815059,2016-05-05 08:00:00,0,84,8
8583815059,2016-05-05 09:00:00,0,84,9
8583815059,2016-05-05 10:00:00,0,84,10
8583815059,2016-05-05 11:00:00,0,84,11
8583815059,2016-05-05 12:00:00,0,84,12
8583815059,2016-05-05 13:00:00,0,84,13
8583815059,2016-05-05 14:00:00,0,84,14
8583815059,2016-05-05 15:00:00,0,84,15
8583815059,2016-05-05 16:00:00,0,84,16
8583815059,2016-05-05 17:00:00,0,84,17
8583815059,2016-05-05 18:00:00,776,165,18
8583815059,2016-05-05 19:00:00,184,118,19
8583815059,2016-05-05 20:00:00,206,122,20
8583815059,2016-05-05 21:00:00,88,103,21
8583815059,2016-05-05 22:00:00,201,115,22
8583815059,2016-05-05 23:00:00,52,95,23
8583815059,2016-05-06 00:00:00,8,87,0
8583815059,2016-05-06 01:00:00,0,84,1
8583815059,2016-05-06 02:00:00,0,84,2
8583815059,2016-05-06 03:00:00,0,84,3
8583815059,2016-05-06 04:00:00,0,84,4
8583815059,2016-05-06 05:00:00,0,84,5
8583815059,2016-05-06 06:00:00,0,84,6
8583815059,2016-05-06 07:00:00,0,84,7
8583815059,2016-05-06 08:00:00,0,84,8
8583815059,2016-05-06 09:00:00,0,84,9
8583815059,2016-05-06 10:00:00,53,97,10
8583815059,2016-05-06 11:00:00,579,147,11
8583815059,2016-05-06 12:00:00,1460,221,12
8583815059,2016-05-06 13:00:00,1608,234,13
8583815059,2016-05-06 14:00:00,395,127,14
8583815059,2016-05-06 15:00:00,4,89,15
8583815059,2016-05-06 16:00:00,13,89,16
8583815059,2016-05-06 17:00:00,64,94,17
8583815059,2016-05-06 18:00:00,0,84,18
8583815059,2016-05-06 19:00:00,700,173,19
8583815059,2016-05-06 20:00:00,745,169,20
8583815059,2016-05-06 21:00:00,45,100,21
8583815059,2016-05-06 22:00:00,72,109,22
8583815059,2016-05-06 23:00:00,97,105,23
8583815059,2016-05-07 00:00:00,76,97,0
8583815059,2016-05-07 01:00:00,0,84,1
8583815059,2016-05-07 02:00:00,0,84,2
8583815059,2016-05-07 03:00:00,0,84,3
8583815059,2016-05-07 04:00:00,0,84,4
8583815059,2016-05-07 05:00:00,0,84,5
8583815059,2016-05-07 06:00:00,0,84,6
8583815059,2016-05-07 07:00:00,0,84,7
8583815059,2016-05-07 08:00:00,0,84,8
8583815059,2016-05-07 09:00:00,424,137,9
8583815059,2016-05-07 10:00:00,232,116,10
8583815059,2016-05-07 11:00:00,709,151,11
8583815059,2016-05-07 12:00:00,634,154,12
8583815059,2016-05-07 13:00:00,474,146,13
8583815059,2016-05-07 14:00:00,448,145,14
8583815059,2016-05-07 15:00:00,449,148,15
8583815059,2016-05-07 16:00:00,132,104,16
8583815059,2016-05-07 17:00:00,115,102,17
8583815059,2016-05-07 18:00:00,589,151,18
8583815059,2016-05-07 19:00:00,889,175,19
8583815059,2016-05-07 20:00:00,379,144,20
8583815059,2016-05-07 21:00:00,299,143,21
8583815059,2016-05-07 22:00:00,117,111,22
8583815059,2016-05-07 23:00:00,151,113,23
8583815059,2016-05-08 00:00:00,56,100,0
8583815059,2016-05-08 01:00:00,148,106,1
8583815059,2016-05-08 02:00:00,0,84,2
8583815059,2016-05-08 03:00:00,0,84,3
8583815059,2016-05-08 04:00:00,0,84,4
8583815059,2016-05-08 05:00:00,0,84,5
8583815059,2016-05-08 06:00:00,0,84,6
8583815059,2016-05-08 07:00:00,0,84,7
8583815059,2016-05-08 08:00:00,0,84,8
8583815059,2016-05-08 09:00:00,0,84,9
8583815059,2016-05-08 10:00:00,108,102,10
8583815059,2016-05-08 11:00:00,401,132,11
8583815059,2016-05-08 12:00:00,2484,296,12
8583815059,2016-05-08 13:00:00,2457,303,13
8583815059,2016-05-08 14:00:00,1787,250,14
8583815059,2016-05-08 15:00:00,304,120,15
8583815059,2016-05-08 16:00:00,52,90,16
8583815059,2016-05-08 17:00:00,0,84,17
8583815059,2016-05-08 18:00:00,175,110,18
8583815059,2016-05-08 19:00:00,962,186,19
8583815059,2016-05-08 20:00:00,225,119,20
8583815059,2016-05-08 21:00:00,0,86,21
8583815059,2016-05-08 22:00:00,16,88,22
8583815059,2016-05-08 23:00:00,42,95,23
8583815059,2016-05-09 00:00:00,0,84,0
8583815059,2016-05-09 01:00:00,0,84,1
8583815059,2016-05-09 02:00:00,0,84,2
8583815059,2016-05-09 03:00:00,0,84,3
8583815059,2016-05-09 04:00:00,0,84,4
8583815059,2016-05-09 05:00:00,0,84,5
8583815059,2016-05-09 06:00:00,0,84,6
8583815059,2016-05-09 07:00:00,0,84,7
8583815059,2016-05-09 08:00:00,0,84,8
8583815059,2016-05-09 09:00:00,122,100,9
8583815059,2016-05-09 10:00:00,0,86,10
8583815059,2016-05-09 11:00:00,75,99,11
8583815059,2016-05-09 12:00:00,28,93,12
8583815059,2016-05-09 13:00:00,0,86,13
8583815059,2016-05-09 14:00:00,547,153,14
8583815059,2016-05-09 15:00:00,6554,597,15
8583815059,2016-05-09 16:00:00,1066,172,16
8583815059,2016-05-09 17:00:00,0,87,17
8583815059,2016-05-09 18:00:00,11,89,18
8583815059,2016-05-09 19:00:00,570,162,19
8583815059,2016-05-09 20:00:00,483,154,20
8583815059,2016-05-09 21:00:00,99,105,21
8583815059,2016-05-09 22:00:00,274,112,22
8583815059,2016-05-09 23:00:00,5,87,23
8583815059,2016-05-10 00:00:00,194,113,0
8583815059,2016-05-10 01:00:00,0,84,1
8583815059,2016-05-10 02:00:00,0,84,2
8583815059,2016-05-10 03:00:00,0,84,3
8583815059,2016-05-10 04:00:00,0,84,4
8583815059,2016-05-10 05:00:00,0,84,5
8583815059,2016-05-10 06:00:00,0,84,6
8583815059,2016-05-10 07:00:00,0,84,7
8583815059,2016-05-10 08:00:00,0,84,8
8583815059,2016-05-10 09:00:00,225,119,9
8583815059,2016-05-10 10:00:00,331,125,10
8583815059,2016-05-10 11:00:00,664,151,11
8583815059,2016-05-10 12:00:00,2631,312,12
8583815059,2016-05-10 13:00:00,2371,292,13
8583815059,2016-05-10 14:00:00,1049,180,14
8583815059,2016-05-10 15:00:00,0,85,15
8583815059,2016-05-10 16:00:00,69,95,16
8583815059,2016-05-10 17:00:00,7,87,17
8583815059,2016-05-10 18:00:00,55,97,18
8583815059,2016-05-10 19:00:00,298,125,19
8583815059,2016-05-10 20:00:00,127,103,20
8583815059,2016-05-10 21:00:00,108,99,21
8583815059,2016-05-10 22:00:00,54,91,22
8583815059,2016-05-10 23:00:00,34,93,23
8583815059,2016-05-11 00:00:00,175,103,0
8583815059,2016-05-11 01:00:00,0,84,1
8583815059,2016-05-11 02:00:00,0,84,2
8583815059,2016-05-11 03:00:00,0,84,3
8583815059,2016-05-11 04:00:00,0,84,4
8583815059,2016-05-11 05:00:00,0,84,5
8583815059,2016-05-11 06:00:00,0,84,6
8583815059,2016-05-11 07:00:00,0,84,7
8583815059,2016-05-11 08:00:00,0,84,8
8583815059,2016-05-11 09:00:00,79,96,9
8583815059,2016-05-11 10:00:00,0,85,10
8583815059,2016-05-11 11:00:00,105,100,11
8583815059,2016-05-11 12:00:00,473,147,12
8583815059,2016-05-11 13:00:00,2278,284,13
8583815059,2016-05-11 14:00:00,2751,320,14
8583815059,2016-05-11 15:00:00,552,138,15
8583815059,2016-05-11 16:00:00,1068,188,16
8583815059,2016-05-11 17:00:00,331,125,17
8583815059,2016-05-11 18:00:00,179,109,18
8583815059,2016-05-11 19:00:00,17,89,19
8583815059,2016-05-11 20:00:00,429,160,20
8583815059,2016-05-11 21:00:00,160,113,21
8792009665,2016-04-12 00:00:00,0,70,0
8792009665,2016-04-12 01:00:00,0,70,1
8792009665,2016-04-12 02:00:00,7,81,2
8792009665,2016-04-12 03:00:00,0,70,3
8792009665,2016-04-12 04:00:00,0,70,4
8792009665,2016-04-12 05:00:00,0,70,5
8792009665,2016-04-12 06:00:00,0,70,6
8792009665,2016-04-12 07:00:00,0,70,7
8792009665,2016-04-12 08:00:00,13,77,8
8792009665,2016-04-12 09:00:00,0,71,9
8792009665,2016-04-12 10:00:00,69,84,10
8792009665,2016-04-12 11:00:00,81,78,11
8792009665,2016-04-12 12:00:00,291,130,12
8792009665,2016-04-12 13:00:00,7,76,13
8792009665,2016-04-12 14:00:00,7,73,14
8792009665,2016-04-12 15:00:00,83,90,15
8792009665,2016-04-12 16:00:00,135,90,16
8792009665,2016-04-12 17:00:00,23,74,17
8792009665,2016-04-12 18:00:00,781,144,18
8792009665,2016-04-12 19:00:00,700,150,19
8792009665,2016-04-12 20:00:00,119,83,20
8792009665,2016-04-12 21:00:00,16,74,21
8792009665,2016-04-12 22:00:00,32,78,22
8792009665,2016-04-12 23:00:00,192,97,23
8792009665,2016-04-13 00:00:00,162,101,0
8792009665,2016-04-13 01:00:00,19,77,1
8792009665,2016-04-13 02:00:00,9,72,2
8792009665,2016-04-13 03:00:00,0,70,3
8792009665,2016-04-13 04:00:00,0,71,4
8792009665,2016-04-13 05:00:00,0,71,5
8792009665,2016-04-13 06:00:00,8,73,6
8792009665,2016-04-13 07:00:00,62,78,7
8792009665,2016-04-13 08:00:00,0,71,8
8792009665,2016-04-13 09:00:00,0,70,9
8792009665,2016-04-13 10:00:00,91,81,10
8792009665,2016-04-13 11:00:00,113,91,11
8792009665,2016-04-13 12:00:00,10,77,12
8792009665,2016-04-13 13:00:00,187,97,13
8792009665,2016-04-13 14:00:00,0,71,14
8792009665,2016-04-13 15:00:00,49,80,15
8792009665,2016-04-13 16:00:00,15,73,16
8792009665,2016-04-13 17:00:00,96,82,17
8792009665,2016-04-13 18:00:00,83,88,18
8792009665,2016-04-13 19:00:00,206,114,19
8792009665,2016-04-13 20:00:00,64,91,20
8792009665,2016-04-13 21:00:00,74,77,21
8792009665,2016-04-13 22:00:00,72,85,22
8792009665,2016-04-13 23:00:00,0,75,23
8792009665,2016-04-14 00:00:00,279,131,0
8792009665,2016-04-14 01:00:00,45,84,1
8792009665,2016-04-14 02:00:00,13,75,2
8792009665,2016-04-14 03:00:00,0,70,3
8792009665,2016-04-14 04:00:00,0,71,4
8792009665,2016-04-14 05:00:00,0,70,5
8792009665,2016-04-14 06:00:00,7,72,6
8792009665,2016-04-14 07:00:00,0,71,7
8792009665,2016-04-14 08:00:00,7,72,8
8792009665,2016-04-14 09:00:00,0,71,9
8792009665,2016-04-14 10:00:00,0,71,10
8792009665,2016-04-14 11:00:00,227,105,11
8792009665,2016-04-14 12:00:00,148,98,12
8792009665,2016-04-14 13:00:00,15,81,13
8792009665,2016-04-14 14:00:00,0,72,14
8792009665,2016-04-14 15:00:00,50,80,15
8792009665,2016-04-14 16:00:00,25,77,16
8792009665,2016-04-14 17:00:00,110,95,17
8792009665,2016-04-14 18:00:00,165,110,18
8792009665,2016-04-14 19:00:00,0,70,19
8792009665,2016-04-14 20:00:00,0,70,20
8792009665,2016-04-14 21:00:00,43,82,21
8792009665,2016-04-14 22:00:00,5,74,22
8792009665,2016-04-14 23:00:00,80,88,23
8792009665,2016-04-15 00:00:00,227,105,0
8792009665,2016-04-15 01:00:00,43,77,1
8792009665,2016-04-15 02:00:00,49,77,2
8792009665,2016-04-15 03:00:00,29,78,3
8792009665,2016-04-15 04:00:00,7,72,4
8792009665,2016-04-15 05:00:00,0,70,5
8792009665,2016-04-15 06:00:00,0,71,6
8792009665,2016-04-15 07:00:00,0,71,7
8792009665,2016-04-15 08:00:00,0,71,8
8792009665,2016-04-15 09:00:00,34,76,9
8792009665,2016-04-15 10:00:00,99,82,10
8792009665,2016-04-15 11:00:00,185,96,11
8792009665,2016-04-15 12:00:00,85,81,12
8792009665,2016-04-15 13:00:00,13,74,13
8792009665,2016-04-15 14:00:00,0,71,14
8792009665,2016-04-15 15:00:00,30,77,15
8792009665,2016-04-15 16:00:00,239,95,16
8792009665,2016-04-15 17:00:00,86,80,17
8792009665,2016-04-15 18:00:00,724,144,18
8792009665,2016-04-15 19:00:00,246,106,19
8792009665,2016-04-15 20:00:00,215,93,20
8792009665,2016-04-15 21:00:00,0,71,21
8792009665,2016-04-15 22:00:00,94,88,22
8792009665,2016-04-15 23:00:00,78,82,23
8792009665,2016-04-16 00:00:00,98,83,0
8792009665,2016-04-16 01:00:00,146,90,1
8792009665,2016-04-16 02:00:00,0,70,2
8792009665,2016-04-16 03:00:00,0,70,3
8792009665,2016-04-16 04:00:00,0,70,4
8792009665,2016-04-16 05:00:00,0,70,5
8792009665,2016-04-16 06:00:00,0,70,6
8792009665,2016-04-16 07:00:00,0,70,7
8792009665,2016-04-16 08:00:00,0,70,8
8792009665,2016-04-16 09:00:00,0,70,9
8792009665,2016-04-16 10:00:00,0,70,10
8792009665,2016-04-16 11:00:00,0,70,11
8792009665,2016-04-16 12:00:00,0,70,12
8792009665,2016-04-16 13:00:00,0,70,13
8792009665,2016-04-16 14:00:00,0,70,14
8792009665,2016-04-16 15:00:00,0,70,15
8792009665,2016-04-16 16:00:00,0,70,16
8792009665,2016-04-16 17:00:00,0,70,17
8792009665,2016-04-16 18:00:00,0,70,18
8792009665,2016-04-16 19:00:00,0,70,19
8792009665,2016-04-16 20:00:00,0,70,20
8792009665,2016-04-16 21:00:00,0,70,21
8792009665,2016-04-16 22:00:00,0,70,22
8792009665,2016-04-16 23:00:00,0,70,23
8792009665,2016-04-17 00:00:00,0,70,0
8792009665,2016-04-17 01:00:00,0,70,1
8792009665,2016-04-17 02:00:00,0,70,2
8792009665,2016-04-17 03:00:00,0,70,3
8792009665,2016-04-17 04:00:00,0,70,4
8792009665,2016-04-17 05:00:00,0,70,5
8792009665,2016-04-17 06:00:00,0,70,6
8792009665,2016-04-17 07:00:00,0,70,7
8792009665,2016-04-17 08:00:00,0,70,8
8792009665,2016-04-17 09:00:00,0,70,9
8792009665,2016-04-17 10:00:00,0,70,10
8792009665,2016-04-17 11:00:00,0,70,11
8792009665,2016-04-17 12:00:00,0,70,12
8792009665,2016-04-17 13:00:00,0,70,13
8792009665,2016-04-17 14:00:00,0,70,14
8792009665,2016-04-17 15:00:00,0,70,15
8792009665,2016-04-17 16:00:00,0,70,16
8792009665,2016-04-17 17:00:00,0,70,17
8792009665,2016-04-17 18:00:00,0,70,18
8792009665,2016-04-17 19:00:00,0,70,19
8792009665,2016-04-17 20:00:00,0,70,20
8792009665,2016-04-17 21:00:00,0,70,21
8792009665,2016-04-17 22:00:00,0,70,22
8792009665,2016-04-17 23:00:00,0,70,23
8792009665,2016-04-18 00:00:00,0,70,0
8792009665,2016-04-18 01:00:00,0,70,1
8792009665,2016-04-18 02:00:00,0,70,2
8792009665,2016-04-18 03:00:00,0,70,3
8792009665,2016-04-18 04:00:00,0,70,4
8792009665,2016-04-18 05:00:00,0,70,5
8792009665,2016-04-18 06:00:00,0,70,6
8792009665,2016-04-18 07:00:00,0,70,7
8792009665,2016-04-18 08:00:00,0,70,8
8792009665,2016-04-18 09:00:00,0,70,9
8792009665,2016-04-18 10:00:00,0,70,10
8792009665,2016-04-18 11:00:00,0,70,11
8792009665,2016-04-18 12:00:00,0,70,12
8792009665,2016-04-18 13:00:00,0,70,13
8792009665,2016-04-18 14:00:00,0,70,14
8792009665,2016-04-18 15:00:00,0,70,15
8792009665,2016-04-18 16:00:00,0,70,16
8792009665,2016-04-18 17:00:00,0,70,17
8792009665,2016-04-18 18:00:00,0,70,18
8792009665,2016-04-18 19:00:00,0,70,19
8792009665,2016-04-18 20:00:00,0,70,20
8792009665,2016-04-18 21:00:00,0,70,21
8792009665,2016-04-18 22:00:00,0,70,22
8792009665,2016-04-18 23:00:00,0,70,23
8792009665,2016-04-19 00:00:00,0,70,0
8792009665,2016-04-19 01:00:00,0,70,1
8792009665,2016-04-19 02:00:00,0,70,2
8792009665,2016-04-19 03:00:00,0,70,3
8792009665,2016-04-19 04:00:00,0,70,4
8792009665,2016-04-19 05:00:00,0,70,5
8792009665,2016-04-19 06:00:00,0,70,6
8792009665,2016-04-19 07:00:00,0,70,7
8792009665,2016-04-19 08:00:00,0,70,8
8792009665,2016-04-19 09:00:00,0,70,9
8792009665,2016-04-19 10:00:00,0,70,10
8792009665,2016-04-19 11:00:00,0,70,11
8792009665,2016-04-19 12:00:00,0,70,12
8792009665,2016-04-19 13:00:00,0,70,13
8792009665,2016-04-19 14:00:00,0,70,14
8792009665,2016-04-19 15:00:00,0,70,15
8792009665,2016-04-19 16:00:00,0,70,16
8792009665,2016-04-19 17:00:00,0,70,17
8792009665,2016-04-19 18:00:00,0,70,18
8792009665,2016-04-19 19:00:00,0,70,19
8792009665,2016-04-19 20:00:00,0,70,20
8792009665,2016-04-19 21:00:00,0,70,21
8792009665,2016-04-19 22:00:00,0,70,22
8792009665,2016-04-19 23:00:00,0,70,23
8792009665,2016-04-20 00:00:00,0,70,0
8792009665,2016-04-20 01:00:00,0,71,1
8792009665,2016-04-20 02:00:00,10,74,2
8792009665,2016-04-20 03:00:00,0,70,3
8792009665,2016-04-20 04:00:00,0,71,4
8792009665,2016-04-20 05:00:00,5,72,5
8792009665,2016-04-20 06:00:00,0,71,6
8792009665,2016-04-20 07:00:00,0,70,7
8792009665,2016-04-20 08:00:00,0,70,8
8792009665,2016-04-20 09:00:00,33,75,9
8792009665,2016-04-20 10:00:00,0,72,10
8792009665,2016-04-20 11:00:00,142,92,11
8792009665,2016-04-20 12:00:00,184,113,12
8792009665,2016-04-20 13:00:00,0,74,13
8792009665,2016-04-20 14:00:00,6,76,14
8792009665,2016-04-20 15:00:00,4,74,15
8792009665,2016-04-20 16:00:00,119,85,16
8792009665,2016-04-20 17:00:00,1125,221,17
8792009665,2016-04-20 18:00:00,116,101,18
8792009665,2016-04-20 19:00:00,220,110,19
8792009665,2016-04-20 20:00:00,698,170,20
8792009665,2016-04-20 21:00:00,327,118,21
8792009665,2016-04-20 22:00:00,151,91,22
8792009665,2016-04-20 23:00:00,7,78,23
8792009665,2016-04-21 00:00:00,144,102,0
8792009665,2016-04-21 01:00:00,0,70,1
8792009665,2016-04-21 02:00:00,0,70,2
8792009665,2016-04-21 03:00:00,0,70,3
8792009665,2016-04-21 04:00:00,0,70,4
8792009665,2016-04-21 05:00:00,0,70,5
8792009665,2016-04-21 06:00:00,0,70,6
8792009665,2016-04-21 07:00:00,0,70,7
8792009665,2016-04-21 08:00:00,0,70,8
8792009665,2016-04-21 09:00:00,0,70,9
8792009665,2016-04-21 10:00:00,0,70,10
8792009665,2016-04-21 11:00:00,0,70,11
8792009665,2016-04-21 12:00:00,0,70,12
8792009665,2016-04-21 13:00:00,0,70,13
8792009665,2016-04-21 14:00:00,0,70,14
8792009665,2016-04-21 15:00:00,0,70,15
8792009665,2016-04-21 16:00:00,0,70,16
8792009665,2016-04-21 17:00:00,0,70,17
8792009665,2016-04-21 18:00:00,0,70,18
8792009665,2016-04-21 19:00:00,0,70,19
8792009665,2016-04-21 20:00:00,0,70,20
8792009665,2016-04-21 21:00:00,0,70,21
8792009665,2016-04-21 22:00:00,0,70,22
8792009665,2016-04-21 23:00:00,0,70,23
8792009665,2016-04-22 00:00:00,17,78,0
8792009665,2016-04-22 01:00:00,16,89,1
8792009665,2016-04-22 02:00:00,18,76,2
8792009665,2016-04-22 03:00:00,0,71,3
8792009665,2016-04-22 04:00:00,0,70,4
8792009665,2016-04-22 05:00:00,0,71,5
8792009665,2016-04-22 06:00:00,0,70,6
8792009665,2016-04-22 07:00:00,7,72,7
8792009665,2016-04-22 08:00:00,32,85,8
8792009665,2016-04-22 09:00:00,117,86,9
8792009665,2016-04-22 10:00:00,88,85,10
8792009665,2016-04-22 11:00:00,257,112,11
8792009665,2016-04-22 12:00:00,165,96,12
8792009665,2016-04-22 13:00:00,23,78,13
8792009665,2016-04-22 14:00:00,0,71,14
8792009665,2016-04-22 15:00:00,16,74,15
8792009665,2016-04-22 16:00:00,1009,191,16
8792009665,2016-04-22 17:00:00,603,173,17
8792009665,2016-04-22 18:00:00,463,180,18
8792009665,2016-04-22 19:00:00,705,213,19
8792009665,2016-04-22 20:00:00,435,150,20
8792009665,2016-04-22 21:00:00,45,78,21
8792009665,2016-04-22 22:00:00,52,78,22
8792009665,2016-04-22 23:00:00,0,73,23
8792009665,2016-04-23 00:00:00,266,122,0
8792009665,2016-04-23 01:00:00,121,118,1
8792009665,2016-04-23 02:00:00,60,81,2
8792009665,2016-04-23 03:00:00,17,74,3
8792009665,2016-04-23 04:00:00,0,71,4
8792009665,2016-04-23 05:00:00,0,71,5
8792009665,2016-04-23 06:00:00,0,71,6
8792009665,2016-04-23 07:00:00,0,71,7
8792009665,2016-04-23 08:00:00,0,70,8
8792009665,2016-04-23 09:00:00,276,109,9
8792009665,2016-04-23 10:00:00,468,146,10
8792009665,2016-04-23 11:00:00,794,173,11
8792009665,2016-04-23 12:00:00,224,105,12
8792009665,2016-04-23 13:00:00,565,304,13
8792009665,2016-04-23 14:00:00,378,145,14
8792009665,2016-04-23 15:00:00,433,153,15
8792009665,2016-04-23 16:00:00,671,168,16
8792009665,2016-04-23 17:00:00,263,127,17
8792009665,2016-04-23 18:00:00,372,148,18
8792009665,2016-04-23 19:00:00,26,82,19
8792009665,2016-04-23 20:00:00,220,102,20
8792009665,2016-04-23 21:00:00,38,79,21
8792009665,2016-04-23 22:00:00,47,81,22
8792009665,2016-04-23 23:00:00,6,75,23
8792009665,2016-04-24 00:00:00,71,83,0
8792009665,2016-04-24 01:00:00,329,169,1
8792009665,2016-04-24 02:00:00,0,70,2
8792009665,2016-04-24 03:00:00,0,70,3
8792009665,2016-04-24 04:00:00,0,70,4
8792009665,2016-04-24 05:00:00,0,70,5
8792009665,2016-04-24 06:00:00,0,70,6
8792009665,2016-04-24 07:00:00,0,70,7
8792009665,2016-04-24 08:00:00,0,70,8
8792009665,2016-04-24 09:00:00,0,70,9
8792009665,2016-04-24 10:00:00,0,70,10
8792009665,2016-04-24 11:00:00,0,70,11
8792009665,2016-04-24 12:00:00,0,70,12
8792009665,2016-04-24 13:00:00,0,70,13
8792009665,2016-04-24 14:00:00,0,70,14
8792009665,2016-04-24 15:00:00,0,70,15
8792009665,2016-04-24 16:00:00,0,70,16
8792009665,2016-04-24 17:00:00,0,70,17
8792009665,2016-04-24 18:00:00,0,70,18
8792009665,2016-04-24 19:00:00,0,70,19
8792009665,2016-04-24 20:00:00,0,70,20
8792009665,2016-04-24 21:00:00,0,70,21
8792009665,2016-04-24 22:00:00,0,70,22
8792009665,2016-04-24 23:00:00,0,70,23
8792009665,2016-04-25 00:00:00,0,70,0
8792009665,2016-04-25 01:00:00,0,70,1
8792009665,2016-04-25 02:00:00,0,70,2
8792009665,2016-04-25 03:00:00,0,70,3
8792009665,2016-04-25 04:00:00,0,70,4
8792009665,2016-04-25 05:00:00,0,70,5
8792009665,2016-04-25 06:00:00,0,70,6
8792009665,2016-04-25 07:00:00,0,70,7
8792009665,2016-04-25 08:00:00,0,70,8
8792009665,2016-04-25 09:00:00,0,70,9
8792009665,2016-04-25 10:00:00,0,70,10
8792009665,2016-04-25 11:00:00,0,70,11
8792009665,2016-04-25 12:00:00,0,70,12
8792009665,2016-04-25 13:00:00,0,70,13
8792009665,2016-04-25 14:00:00,0,70,14
8792009665,2016-04-25 15:00:00,0,70,15
8792009665,2016-04-25 16:00:00,0,70,16
8792009665,2016-04-25 17:00:00,0,70,17
8792009665,2016-04-25 18:00:00,0,70,18
8792009665,2016-04-25 19:00:00,0,70,19
8792009665,2016-04-25 20:00:00,0,70,20
8792009665,2016-04-25 21:00:00,0,70,21
8792009665,2016-04-25 22:00:00,0,70,22
8792009665,2016-04-25 23:00:00,0,70,23
8792009665,2016-04-26 00:00:00,0,70,0
8792009665,2016-04-26 01:00:00,0,70,1
8792009665,2016-04-26 02:00:00,0,70,2
8792009665,2016-04-26 03:00:00,0,70,3
8792009665,2016-04-26 04:00:00,0,70,4
8792009665,2016-04-26 05:00:00,0,70,5
8792009665,2016-04-26 06:00:00,0,70,6
8792009665,2016-04-26 07:00:00,0,70,7
8792009665,2016-04-26 08:00:00,0,70,8
8792009665,2016-04-26 09:00:00,94,90,9
8792009665,2016-04-26 10:00:00,8,74,10
8792009665,2016-04-26 11:00:00,69,83,11
8792009665,2016-04-26 12:00:00,55,85,12
8792009665,2016-04-26 13:00:00,39,78,13
8792009665,2016-04-26 14:00:00,7,74,14
8792009665,2016-04-26 15:00:00,27,76,15
8792009665,2016-04-26 16:00:00,13,75,16
8792009665,2016-04-26 17:00:00,354,122,17
8792009665,2016-04-26 18:00:00,420,127,18
8792009665,2016-04-26 19:00:00,23,81,19
8792009665,2016-04-26 20:00:00,68,86,20
8792009665,2016-04-26 21:00:00,72,82,21
8792009665,2016-04-26 22:00:00,32,77,22
8792009665,2016-04-26 23:00:00,40,82,23
8792009665,2016-04-27 00:00:00,228,126,0
8792009665,2016-04-27 01:00:00,246,109,1
8792009665,2016-04-27 02:00:00,0,71,2
8792009665,2016-04-27 03:00:00,0,70,3
8792009665,2016-04-27 04:00:00,0,70,4
8792009665,2016-04-27 05:00:00,0,70,5
8792009665,2016-04-27 06:00:00,0,71,6
8792009665,2016-04-27 07:00:00,0,71,7
8792009665,2016-04-27 08:00:00,0,70,8
8792009665,2016-04-27 09:00:00,150,97,9
8792009665,2016-04-27 10:00:00,0,72,10
8792009665,2016-04-27 11:00:00,288,102,11
8792009665,2016-04-27 12:00:00,13,78,12
8792009665,2016-04-27 13:00:00,55,93,13
8792009665,2016-04-27 14:00:00,15,78,14
8792009665,2016-04-27 15:00:00,27,80,15
8792009665,2016-04-27 16:00:00,102,87,16
8792009665,2016-04-27 17:00:00,75,123,17
8792009665,2016-04-27 18:00:00,211,115,18
8792009665,2016-04-27 19:00:00,90,87,19
8792009665,2016-04-27 20:00:00,139,93,20
8792009665,2016-04-27 21:00:00,75,80,21
8792009665,2016-04-27 22:00:00,16,75,22
8792009665,2016-04-27 23:00:00,28,78,23
8792009665,2016-04-28 00:00:00,172,99,0
8792009665,2016-04-28 01:00:00,160,92,1
8792009665,2016-04-28 02:00:00,211,104,2
8792009665,2016-04-28 03:00:00,0,70,3
8792009665,2016-04-28 04:00:00,0,71,4
8792009665,2016-04-28 05:00:00,0,71,5
8792009665,2016-04-28 06:00:00,0,71,6
8792009665,2016-04-28 07:00:00,0,71,7
8792009665,2016-04-28 08:00:00,25,78,8
8792009665,2016-04-28 09:00:00,272,103,9
8792009665,2016-04-28 10:00:00,405,135,10
8792009665,2016-04-28 11:00:00,169,96,11
8792009665,2016-04-28 12:00:00,0,74,12
8792009665,2016-04-28 13:00:00,289,123,13
8792009665,2016-04-28 14:00:00,653,171,14
8792009665,2016-04-28 15:00:00,951,194,15
8792009665,2016-04-28 16:00:00,931,192,16
8792009665,2016-04-28 17:00:00,695,222,17
8792009665,2016-04-28 18:00:00,164,162,18
8792009665,2016-04-28 19:00:00,496,185,19
8792009665,2016-04-28 20:00:00,346,148,20
8792009665,2016-04-28 21:00:00,26,79,21
8792009665,2016-04-28 22:00:00,134,82,22
8792009665,2016-04-28 23:00:00,58,87,23
8792009665,2016-04-29 00:00:00,670,152,0
8792009665,2016-04-29 01:00:00,182,108,1
8792009665,2016-04-29 02:00:00,44,88,2
8792009665,2016-04-29 03:00:00,0,70,3
8792009665,2016-04-29 04:00:00,0,71,4
8792009665,2016-04-29 05:00:00,0,71,5
8792009665,2016-04-29 06:00:00,0,70,6
8792009665,2016-04-29 07:00:00,0,70,7
8792009665,2016-04-29 08:00:00,0,70,8
8792009665,2016-04-29 09:00:00,364,130,9
8792009665,2016-04-29 10:00:00,763,222,10
8792009665,2016-04-29 11:00:00,436,141,11
8792009665,2016-04-29 12:00:00,150,87,12
8792009665,2016-04-29 13:00:00,0,75,13
8792009665,2016-04-29 14:00:00,1332,277,14
8792009665,2016-04-29 15:00:00,675,182,15
8792009665,2016-04-29 16:00:00,407,198,16
8792009665,2016-04-29 17:00:00,678,202,17
8792009665,2016-04-29 18:00:00,690,178,18
8792009665,2016-04-29 19:00:00,637,161,19
8792009665,2016-04-29 20:00:00,1055,213,20
8792009665,2016-04-29 21:00:00,179,105,21
8792009665,2016-04-29 22:00:00,0,70,22
8792009665,2016-04-29 23:00:00,98,89,23
8792009665,2016-04-30 00:00:00,28,85,0
8792009665,2016-04-30 01:00:00,32,79,1
8792009665,2016-04-30 02:00:00,0,72,2
8792009665,2016-04-30 03:00:00,0,71,3
8792009665,2016-04-30 04:00:00,0,71,4
8792009665,2016-04-30 05:00:00,0,70,5
8792009665,2016-04-30 06:00:00,0,70,6
8792009665,2016-04-30 07:00:00,41,79,7
8792009665,2016-04-30 08:00:00,28,78,8
8792009665,2016-04-30 09:00:00,518,166,9
8792009665,2016-04-30 10:00:00,329,147,10
8792009665,2016-04-30 11:00:00,537,141,11
8792009665,2016-04-30 12:00:00,572,149,12
8792009665,2016-04-30 13:00:00,769,179,13
8792009665,2016-04-30 14:00:00,506,140,14
8792009665,2016-04-30 15:00:00,809,197,15
8792009665,2016-04-30 16:00:00,300,134,16
8792009665,2016-04-30 17:00:00,159,116,17
8792009665,2016-04-30 18:00:00,620,197,18
8792009665,2016-04-30 19:00:00,789,210,19
8792009665,2016-04-30 20:00:00,499,135,20
8792009665,2016-04-30 21:00:00,387,128,21
8792009665,2016-04-30 22:00:00,47,77,22
8792009665,2016-04-30 23:00:00,204,106,23
8792009665,2016-05-01 00:00:00,16,75,0
8792009665,2016-05-01 01:00:00,0,71,1
8792009665,2016-05-01 02:00:00,0,71,2
8792009665,2016-05-01 03:00:00,0,71,3
8792009665,2016-05-01 04:00:00,0,71,4
8792009665,2016-05-01 05:00:00,0,70,5
8792009665,2016-05-01 06:00:00,0,71,6
8792009665,2016-05-01 07:00:00,0,70,7
8792009665,2016-05-01 08:00:00,21,75,8
8792009665,2016-05-01 09:00:00,0,71,9
8792009665,2016-05-01 10:00:00,80,83,10
8792009665,2016-05-01 11:00:00,133,107,11
8792009665,2016-05-01 12:00:00,0,74,12
8792009665,2016-05-01 13:00:00,44,85,13
8792009665,2016-05-01 14:00:00,257,106,14
8792009665,2016-05-01 15:00:00,216,95,15
8792009665,2016-05-01 16:00:00,77,82,16
8792009665,2016-05-01 17:00:00,99,84,17
8792009665,2016-05-01 18:00:00,306,117,18
8792009665,2016-05-01 19:00:00,94,86,19
8792009665,2016-05-01 20:00:00,113,89,20
8792009665,2016-05-01 21:00:00,116,84,21
8792009665,2016-05-01 22:00:00,0,73,22
8792009665,2016-05-01 23:00:00,47,82,23
8792009665,2016-05-02 00:00:00,351,131,0
8792009665,2016-05-02 01:00:00,227,98,1
8792009665,2016-05-02 02:00:00,163,94,2
8792009665,2016-05-02 03:00:00,0,70,3
8792009665,2016-05-02 04:00:00,0,71,4
8792009665,2016-05-02 05:00:00,0,70,5
8792009665,2016-05-02 06:00:00,0,70,6
8792009665,2016-05-02 07:00:00,4,72,7
8792009665,2016-05-02 08:00:00,0,71,8
8792009665,2016-05-02 09:00:00,83,82,9
8792009665,2016-05-02 10:00:00,0,72,10
8792009665,2016-05-02 11:00:00,311,121,11
8792009665,2016-05-02 12:00:00,79,94,12
8792009665,2016-05-02 13:00:00,8,77,13
8792009665,2016-05-02 14:00:00,6,75,14
8792009665,2016-05-02 15:00:00,59,83,15
8792009665,2016-05-02 16:00:00,142,90,16
8792009665,2016-05-02 17:00:00,0,70,17
8792009665,2016-05-02 18:00:00,102,89,18
8792009665,2016-05-02 19:00:00,8,74,19
8792009665,2016-05-02 20:00:00,122,89,20
8792009665,2016-05-02 21:00:00,71,81,21
8792009665,2016-05-02 22:00:00,37,82,22
8792009665,2016-05-02 23:00:00,58,87,23
8792009665,2016-05-03 00:00:00,130,113,0
8792009665,2016-05-03 01:00:00,171,116,1
8792009665,2016-05-03 02:00:00,0,71,2
8792009665,2016-05-03 03:00:00,0,70,3
8792009665,2016-05-03 04:00:00,8,72,4
8792009665,2016-05-03 05:00:00,0,71,5
8792009665,2016-05-03 06:00:00,6,72,6
8792009665,2016-05-03 07:00:00,0,71,7
8792009665,2016-05-03 08:00:00,0,71,8
8792009665,2016-05-03 09:00:00,22,75,9
8792009665,2016-05-03 10:00:00,0,71,10
8792009665,2016-05-03 11:00:00,623,163,11
8792009665,2016-05-03 12:00:00,58,92,12
8792009665,2016-05-03 13:00:00,0,76,13
8792009665,2016-05-03 14:00:00,14,80,14
8792009665,2016-05-03 15:00:00,312,123,15
8792009665,2016-05-03 16:00:00,146,114,16
8792009665,2016-05-03 17:00:00,266,165,17
8792009665,2016-05-03 18:00:00,121,114,18
8792009665,2016-05-03 19:00:00,336,129,19
8792009665,2016-05-03 20:00:00,31,92,20
8792009665,2016-05-03 21:00:00,68,91,21
8792009665,2016-05-03 22:00:00,26,91,22
8792009665,2016-05-03 23:00:00,83,95,23
8792009665,2016-05-04 00:00:00,337,134,0
8792009665,2016-05-04 01:00:00,55,94,1
8792009665,2016-05-04 02:00:00,34,82,2
8792009665,2016-05-04 03:00:00,0,71,3
8792009665,2016-05-04 04:00:00,0,71,4
8792009665,2016-05-04 05:00:00,0,81,5
8792009665,2016-05-04 06:00:00,0,72,6
8792009665,2016-05-04 07:00:00,0,73,7
8792009665,2016-05-04 08:00:00,0,72,8
8792009665,2016-05-04 09:00:00,31,78,9
8792009665,2016-05-04 10:00:00,179,94,10
8792009665,2016-05-04 11:00:00,180,93,11
8792009665,2016-05-04 12:00:00,0,72,12
8792009665,2016-05-04 13:00:00,144,98,13
8792009665,2016-05-04 14:00:00,105,86,14
8792009665,2016-05-04 15:00:00,559,129,15
8792009665,2016-05-04 16:00:00,0,70,16
8792009665,2016-05-04 17:00:00,366,120,17
8792009665,2016-05-04 18:00:00,153,99,18
8792009665,2016-05-04 19:00:00,8,74,19
8792009665,2016-05-04 20:00:00,132,91,20
8792009665,2016-05-04 21:00:00,0,71,21
8792009665,2016-05-04 22:00:00,0,70,22
8792009665,2016-05-04 23:00:00,0,70,23
8792009665,2016-05-05 00:00:00,0,70,0
8792009665,2016-05-05 01:00:00,0,70,1
8792009665,2016-05-05 02:00:00,0,70,2
8792009665,2016-05-05 03:00:00,0,70,3
8792009665,2016-05-05 04:00:00,0,70,4
8792009665,2016-05-05 05:00:00,0,70,5
8792009665,2016-05-05 06:00:00,0,70,6
8792009665,2016-05-05 07:00:00,0,70,7
8792009665,2016-05-05 08:00:00,0,70,8
8792009665,2016-05-05 09:00:00,0,70,9
8792009665,2016-05-05 10:00:00,0,70,10
8792009665,2016-05-05 11:00:00,0,70,11
8792009665,2016-05-05 12:00:00,0,70,12
8792009665,2016-05-05 13:00:00,0,70,13
8792009665,2016-05-05 14:00:00,0,70,14
8792009665,2016-05-05 15:00:00,0,70,15
8792009665,2016-05-05 16:00:00,0,70,16
8792009665,2016-05-05 17:00:00,0,70,17
8792009665,2016-05-05 18:00:00,0,70,18
8792009665,2016-05-05 19:00:00,0,70,19
8792009665,2016-05-05 20:00:00,0,70,20
8792009665,2016-05-05 21:00:00,0,70,21
8792009665,2016-05-05 22:00:00,0,70,22
8792009665,2016-05-05 23:00:00,0,70,23
8792009665,2016-05-06 00:00:00,0,70,0
8792009665,2016-05-06 01:00:00,0,70,1
8792009665,2016-05-06 02:00:00,0,70,2
8792009665,2016-05-06 03:00:00,0,70,3
8792009665,2016-05-06 04:00:00,0,70,4
8792009665,2016-05-06 05:00:00,0,70,5
8792009665,2016-05-06 06:00:00,0,70,6
8792009665,2016-05-06 07:00:00,0,70,7
8792009665,2016-05-06 08:00:00,0,70,8
8792009665,2016-05-06 09:00:00,0,70,9
8792009665,2016-05-06 10:00:00,0,70,10
8792009665,2016-05-06 11:00:00,0,70,11
8792009665,2016-05-06 12:00:00,0,70,12
8792009665,2016-05-06 13:00:00,0,70,13
8792009665,2016-05-06 14:00:00,0,70,14
8792009665,2016-05-06 15:00:00,0,70,15
8792009665,2016-05-06 16:00:00,0,70,16
8792009665,2016-05-06 17:00:00,0,70,17
8792009665,2016-05-06 18:00:00,0,70,18
8792009665,2016-05-06 19:00:00,0,70,19
8792009665,2016-05-06 20:00:00,0,70,20
8792009665,2016-05-06 21:00:00,0,70,21
8792009665,2016-05-06 22:00:00,0,70,22
8792009665,2016-05-06 23:00:00,0,70,23
8792009665,2016-05-07 00:00:00,0,70,0
8792009665,2016-05-07 01:00:00,0,70,1
8792009665,2016-05-07 02:00:00,0,70,2
8792009665,2016-05-07 03:00:00,0,70,3
8792009665,2016-05-07 04:00:00,0,70,4
8792009665,2016-05-07 05:00:00,0,70,5
8792009665,2016-05-07 06:00:00,0,70,6
8792009665,2016-05-07 07:00:00,0,70,7
8792009665,2016-05-07 08:00:00,0,70,8
8792009665,2016-05-07 09:00:00,0,70,9
8792009665,2016-05-07 10:00:00,0,70,10
8792009665,2016-05-07 11:00:00,0,70,11
8792009665,2016-05-07 12:00:00,0,70,12
8792009665,2016-05-07 13:00:00,0,70,13
8792009665,2016-05-07 14:00:00,0,70,14
8792009665,2016-05-07 15:00:00,0,70,15
8792009665,2016-05-07 16:00:00,0,70,16
8792009665,2016-05-07 17:00:00,0,70,17
8792009665,2016-05-07 18:00:00,0,70,18
8792009665,2016-05-07 19:00:00,0,70,19
8792009665,2016-05-07 20:00:00,0,70,20
8792009665,2016-05-07 21:00:00,0,70,21
8792009665,2016-05-07 22:00:00,0,70,22
8792009665,2016-05-07 23:00:00,0,70,23
8792009665,2016-05-08 00:00:00,0,70,0
8792009665,2016-05-08 01:00:00,0,70,1
8792009665,2016-05-08 02:00:00,0,70,2
8792009665,2016-05-08 03:00:00,0,70,3
8792009665,2016-05-08 04:00:00,0,70,4
8792009665,2016-05-08 05:00:00,0,70,5
8792009665,2016-05-08 06:00:00,0,70,6
8792009665,2016-05-08 07:00:00,0,70,7
8792009665,2016-05-08 08:00:00,0,70,8
8792009665,2016-05-08 09:00:00,0,70,9
8792009665,2016-05-08 10:00:00,0,70,10
8792009665,2016-05-08 11:00:00,0,70,11
8792009665,2016-05-08 12:00:00,0,70,12
8792009665,2016-05-08 13:00:00,0,70,13
8792009665,2016-05-08 14:00:00,0,70,14
8792009665,2016-05-08 15:00:00,0,70,15
8792009665,2016-05-08 16:00:00,0,70,16
8792009665,2016-05-08 17:00:00,0,70,17
8792009665,2016-05-08 18:00:00,0,70,18
8792009665,2016-05-08 19:00:00,0,70,19
8792009665,2016-05-08 20:00:00,0,70,20
8792009665,2016-05-08 21:00:00,0,70,21
8792009665,2016-05-08 22:00:00,0,70,22
8792009665,2016-05-08 23:00:00,0,70,23
8792009665,2016-05-09 00:00:00,0,70,0
8792009665,2016-05-09 01:00:00,0,70,1
8792009665,2016-05-09 02:00:00,0,70,2
8792009665,2016-05-09 03:00:00,0,70,3
8792009665,2016-05-09 04:00:00,0,70,4
8792009665,2016-05-09 05:00:00,0,70,5
8792009665,2016-05-09 06:00:00,0,70,6
8792009665,2016-05-09 07:00:00,0,70,7
8792009665,2016-05-09 08:00:00,0,70,8
8792009665,2016-05-09 09:00:00,0,70,9
8792009665,2016-05-09 10:00:00,0,70,10
8792009665,2016-05-09 11:00:00,0,70,11
8792009665,2016-05-09 12:00:00,0,70,12
8792009665,2016-05-09 13:00:00,0,70,13
8792009665,2016-05-09 14:00:00,0,70,14
8792009665,2016-05-09 15:00:00,0,70,15
8792009665,2016-05-09 16:00:00,0,70,16
8792009665,2016-05-09 17:00:00,0,70,17
8792009665,2016-05-09 18:00:00,0,70,18
8792009665,2016-05-09 19:00:00,0,70,19
8792009665,2016-05-09 20:00:00,0,70,20
8792009665,2016-05-09 21:00:00,0,70,21
8792009665,2016-05-09 22:00:00,0,70,22
8792009665,2016-05-09 23:00:00,0,70,23
8877689391,2016-04-12 00:00:00,0,73,0
8877689391,2016-04-12 01:00:00,0,73,1
8877689391,2016-04-12 02:00:00,0,73,2
8877689391,2016-04-12 03:00:00,0,73,3
8877689391,2016-04-12 04:00:00,0,73,4
8877689391,2016-04-12 05:00:00,0,73,5
8877689391,2016-04-12 06:00:00,209,96,6
8877689391,2016-04-12 07:00:00,964,169,7
8877689391,2016-04-12 08:00:00,834,136,8
8877689391,2016-04-12 09:00:00,343,110,9
8877689391,2016-04-12 10:00:00,656,127,10
8877689391,2016-04-12 11:00:00,2546,292,11
8877689391,2016-04-12 12:00:00,8043,730,12
8877689391,2016-04-12 13:00:00,321,119,13
8877689391,2016-04-12 14:00:00,12,84,14
8877689391,2016-04-12 15:00:00,1024,190,15
8877689391,2016-04-12 16:00:00,649,160,16
8877689391,2016-04-12 17:00:00,1648,236,17
8877689391,2016-04-12 18:00:00,3476,353,18
8877689391,2016-04-12 19:00:00,815,166,19
8877689391,2016-04-12 20:00:00,600,149,20
8877689391,2016-04-12 21:00:00,745,165,21
8877689391,2016-04-12 22:00:00,301,123,22
8877689391,2016-04-12 23:00:00,0,73,23
8877689391,2016-04-13 00:00:00,0,73,0
8877689391,2016-04-13 01:00:00,0,73,1
8877689391,2016-04-13 02:00:00,0,73,2
8877689391,2016-04-13 03:00:00,0,73,3
8877689391,2016-04-13 04:00:00,0,73,4
8877689391,2016-04-13 05:00:00,0,73,5
8877689391,2016-04-13 06:00:00,0,73,6
8877689391,2016-04-13 07:00:00,1158,177,7
8877689391,2016-04-13 08:00:00,549,123,8
8877689391,2016-04-13 09:00:00,607,123,9
8877689391,2016-04-13 10:00:00,945,148,10
8877689391,2016-04-13 11:00:00,675,134,11
8877689391,2016-04-13 12:00:00,3922,378,12
8877689391,2016-04-13 13:00:00,270,98,13
8877689391,2016-04-13 14:00:00,392,114,14
8877689391,2016-04-13 15:00:00,341,112,15
8877689391,2016-04-13 16:00:00,708,144,16
8877689391,2016-04-13 17:00:00,1168,344,17
8877689391,2016-04-13 18:00:00,2978,571,18
8877689391,2016-04-13 19:00:00,894,176,19
8877689391,2016-04-13 20:00:00,395,130,20
8877689391,2016-04-13 21:00:00,208,114,21
8877689391,2016-04-13 22:00:00,127,95,22
8877689391,2016-04-13 23:00:00,0,73,23
8877689391,2016-04-14 00:00:00,0,73,0
8877689391,2016-04-14 01:00:00,0,73,1
8877689391,2016-04-14 02:00:00,0,73,2
8877689391,2016-04-14 03:00:00,0,73,3
8877689391,2016-04-14 04:00:00,0,73,4
8877689391,2016-04-14 05:00:00,0,73,5
8877689391,2016-04-14 06:00:00,163,90,6
8877689391,2016-04-14 07:00:00,1061,169,7
8877689391,2016-04-14 08:00:00,929,143,8
8877689391,2016-04-14 09:00:00,784,139,9
8877689391,2016-04-14 10:00:00,432,122,10
8877689391,2016-04-14 11:00:00,608,124,11
8877689391,2016-04-14 12:00:00,345,127,12
8877689391,2016-04-14 13:00:00,102,97,13
8877689391,2016-04-14 14:00:00,497,119,14
8877689391,2016-04-14 15:00:00,1303,189,15
8877689391,2016-04-14 16:00:00,8318,741,16
8877689391,2016-04-14 17:00:00,2041,321,17
8877689391,2016-04-14 18:00:00,585,149,18
8877689391,2016-04-14 19:00:00,745,163,19
8877689391,2016-04-14 20:00:00,1079,215,20
8877689391,2016-04-14 21:00:00,1089,178,21
8877689391,2016-04-14 22:00:00,908,175,22
8877689391,2016-04-14 23:00:00,82,91,23
8877689391,2016-04-15 00:00:00,0,73,0
8877689391,2016-04-15 01:00:00,0,73,1
8877689391,2016-04-15 02:00:00,0,73,2
8877689391,2016-04-15 03:00:00,0,73,3
8877689391,2016-04-15 04:00:00,0,73,4
8877689391,2016-04-15 05:00:00,0,73,5
8877689391,2016-04-15 06:00:00,16,76,6
8877689391,2016-04-15 07:00:00,816,158,7
8877689391,2016-04-15 08:00:00,364,106,8
8877689391,2016-04-15 09:00:00,699,134,9
8877689391,2016-04-15 10:00:00,342,119,10
8877689391,2016-04-15 11:00:00,906,158,11
8877689391,2016-04-15 12:00:00,454,127,12
8877689391,2016-04-15 13:00:00,792,145,13
8877689391,2016-04-15 14:00:00,113,102,14
8877689391,2016-04-15 15:00:00,377,111,15
8877689391,2016-04-15 16:00:00,292,109,16
8877689391,2016-04-15 17:00:00,1103,213,17
8877689391,2016-04-15 18:00:00,2251,694,18
8877689391,2016-04-15 19:00:00,1646,497,19
8877689391,2016-04-15 20:00:00,328,133,20
8877689391,2016-04-15 21:00:00,955,186,21
8877689391,2016-04-15 22:00:00,1204,235,22
8877689391,2016-04-15 23:00:00,717,179,23
8877689391,2016-04-16 00:00:00,600,143,0
8877689391,2016-04-16 01:00:00,0,73,1
8877689391,2016-04-16 02:00:00,0,73,2
8877689391,2016-04-16 03:00:00,0,73,3
8877689391,2016-04-16 04:00:00,0,73,4
8877689391,2016-04-16 05:00:00,0,73,5
8877689391,2016-04-16 06:00:00,0,73,6
8877689391,2016-04-16 07:00:00,0,73,7
8877689391,2016-04-16 08:00:00,1145,179,8
8877689391,2016-04-16 09:00:00,2012,273,9
8877689391,2016-04-16 10:00:00,1210,210,10
8877689391,2016-04-16 11:00:00,963,169,11
8877689391,2016-04-16 12:00:00,7973,707,12
8877689391,2016-04-16 13:00:00,2993,390,13
8877689391,2016-04-16 14:00:00,816,189,14
8877689391,2016-04-16 15:00:00,722,187,15
8877689391,2016-04-16 16:00:00,1086,177,16
8877689391,2016-04-16 17:00:00,2525,264,17
8877689391,2016-04-16 18:00:00,1771,226,18
8877689391,2016-04-16 19:00:00,516,144,19
8877689391,2016-04-16 20:00:00,490,149,20
8877689391,2016-04-16 21:00:00,877,177,21
8877689391,2016-04-16 22:00:00,477,130,22
8877689391,2016-04-16 23:00:00,3028,309,23
8877689391,2016-04-17 00:00:00,2128,244,0
8877689391,2016-04-17 01:00:00,1887,234,1
8877689391,2016-04-17 02:00:00,1983,236,2
8877689391,2016-04-17 03:00:00,84,89,3
8877689391,2016-04-17 04:00:00,0,73,4
8877689391,2016-04-17 05:00:00,0,73,5
8877689391,2016-04-17 06:00:00,0,73,6
8877689391,2016-04-17 07:00:00,0,73,7
8877689391,2016-04-17 08:00:00,0,73,8
8877689391,2016-04-17 09:00:00,0,73,9
8877689391,2016-04-17 10:00:00,125,95,10
8877689391,2016-04-17 11:00:00,938,172,11
8877689391,2016-04-17 12:00:00,334,100,12
8877689391,2016-04-17 13:00:00,628,123,13
8877689391,2016-04-17 14:00:00,228,103,14
8877689391,2016-04-17 15:00:00,218,92,15
8877689391,2016-04-17 16:00:00,420,129,16
8877689391,2016-04-17 17:00:00,1591,305,17
8877689391,2016-04-17 18:00:00,2851,612,18
8877689391,2016-04-17 19:00:00,550,158,19
8877689391,2016-04-17 20:00:00,836,160,20
8877689391,2016-04-17 21:00:00,317,102,21
8877689391,2016-04-17 22:00:00,0,73,22
8877689391,2016-04-17 23:00:00,0,73,23
8877689391,2016-04-18 00:00:00,0,73,0
8877689391,2016-04-18 01:00:00,0,73,1
8877689391,2016-04-18 02:00:00,0,73,2
8877689391,2016-04-18 03:00:00,0,73,3
8877689391,2016-04-18 04:00:00,0,73,4
8877689391,2016-04-18 05:00:00,0,73,5
8877689391,2016-04-18 06:00:00,105,87,6
8877689391,2016-04-18 07:00:00,805,151,7
8877689391,2016-04-18 08:00:00,610,126,8
8877689391,2016-04-18 09:00:00,875,141,9
8877689391,2016-04-18 10:00:00,338,107,10
8877689391,2016-04-18 11:00:00,595,112,11
8877689391,2016-04-18 12:00:00,3721,358,12
8877689391,2016-04-18 13:00:00,647,132,13
8877689391,2016-04-18 14:00:00,380,103,14
8877689391,2016-04-18 15:00:00,730,134,15
8877689391,2016-04-18 16:00:00,1087,163,16
8877689391,2016-04-18 17:00:00,234,105,17
8877689391,2016-04-18 18:00:00,147,99,18
8877689391,2016-04-18 19:00:00,689,148,19
8877689391,2016-04-18 20:00:00,177,101,20
8877689391,2016-04-18 21:00:00,269,106,21
8877689391,2016-04-18 22:00:00,0,73,22
8877689391,2016-04-18 23:00:00,0,73,23
8877689391,2016-04-19 00:00:00,0,73,0
8877689391,2016-04-19 01:00:00,0,73,1
8877689391,2016-04-19 02:00:00,0,73,2
8877689391,2016-04-19 03:00:00,0,73,3
8877689391,2016-04-19 04:00:00,0,73,4
8877689391,2016-04-19 05:00:00,0,73,5
8877689391,2016-04-19 06:00:00,480,121,6
8877689391,2016-04-19 07:00:00,963,164,7
8877689391,2016-04-19 08:00:00,230,99,8
8877689391,2016-04-19 09:00:00,992,155,9
8877689391,2016-04-19 10:00:00,527,121,10
8877689391,2016-04-19 11:00:00,400,122,11
8877689391,2016-04-19 12:00:00,2753,319,12
8877689391,2016-04-19 13:00:00,443,123,13
8877689391,2016-04-19 14:00:00,52,87,14
8877689391,2016-04-19 15:00:00,358,111,15
8877689391,2016-04-19 16:00:00,9392,886,16
8877689391,2016-04-19 17:00:00,496,224,17
8877689391,2016-04-19 18:00:00,292,125,18
8877689391,2016-04-19 19:00:00,593,156,19
8877689391,2016-04-19 20:00:00,223,118,20
8877689391,2016-04-19 21:00:00,474,138,21
8877689391,2016-04-19 22:00:00,80,90,22
8877689391,2016-04-19 23:00:00,0,73,23
8877689391,2016-04-20 00:00:00,0,73,0
8877689391,2016-04-20 01:00:00,0,73,1
8877689391,2016-04-20 02:00:00,0,73,2
8877689391,2016-04-20 03:00:00,0,73,3
8877689391,2016-04-20 04:00:00,0,73,4
8877689391,2016-04-20 05:00:00,0,73,5
8877689391,2016-04-20 06:00:00,146,92,6
8877689391,2016-04-20 07:00:00,1029,170,7
8877689391,2016-04-20 08:00:00,1340,168,8
8877689391,2016-04-20 09:00:00,202,100,9
8877689391,2016-04-20 10:00:00,277,106,10
8877689391,2016-04-20 11:00:00,905,152,11
8877689391,2016-04-20 12:00:00,1512,198,12
8877689391,2016-04-20 13:00:00,246,101,13
8877689391,2016-04-20 14:00:00,295,102,14
8877689391,2016-04-20 15:00:00,779,138,15
8877689391,2016-04-20 16:00:00,590,138,16
8877689391,2016-04-20 17:00:00,2098,247,17
8877689391,2016-04-20 18:00:00,8361,834,18
8877689391,2016-04-20 19:00:00,991,220,19
8877689391,2016-04-20 20:00:00,619,170,20
8877689391,2016-04-20 21:00:00,371,134,21
8877689391,2016-04-20 22:00:00,120,90,22
8877689391,2016-04-20 23:00:00,0,73,23
8877689391,2016-04-21 00:00:00,0,73,0
8877689391,2016-04-21 01:00:00,0,73,1
8877689391,2016-04-21 02:00:00,0,73,2
8877689391,2016-04-21 03:00:00,0,73,3
8877689391,2016-04-21 04:00:00,0,73,4
8877689391,2016-04-21 05:00:00,0,73,5
8877689391,2016-04-21 06:00:00,108,85,6
8877689391,2016-04-21 07:00:00,692,145,7
8877689391,2016-04-21 08:00:00,154,95,8
8877689391,2016-04-21 09:00:00,492,124,9
8877689391,2016-04-21 10:00:00,194,102,10
8877689391,2016-04-21 11:00:00,494,142,11
8877689391,2016-04-21 12:00:00,479,137,12
8877689391,2016-04-21 13:00:00,702,148,13
8877689391,2016-04-21 14:00:00,203,110,14
8877689391,2016-04-21 15:00:00,5123,489,15
8877689391,2016-04-21 16:00:00,5301,561,16
8877689391,2016-04-21 17:00:00,1962,253,17
8877689391,2016-04-21 18:00:00,2166,265,18
8877689391,2016-04-21 19:00:00,436,132,19
8877689391,2016-04-21 20:00:00,156,110,20
8877689391,2016-04-21 21:00:00,359,128,21
8877689391,2016-04-21 22:00:00,356,124,22
8877689391,2016-04-21 23:00:00,0,73,23
8877689391,2016-04-22 00:00:00,0,73,0
8877689391,2016-04-22 01:00:00,0,73,1
8877689391,2016-04-22 02:00:00,0,73,2
8877689391,2016-04-22 03:00:00,0,73,3
8877689391,2016-04-22 04:00:00,0,73,4
8877689391,2016-04-22 05:00:00,0,73,5
8877689391,2016-04-22 06:00:00,259,110,6
8877689391,2016-04-22 07:00:00,927,155,7
8877689391,2016-04-22 08:00:00,963,149,8
8877689391,2016-04-22 09:00:00,369,115,9
8877689391,2016-04-22 10:00:00,309,106,10
8877689391,2016-04-22 11:00:00,345,109,11
8877689391,2016-04-22 12:00:00,220,97,12
8877689391,2016-04-22 13:00:00,336,105,13
8877689391,2016-04-22 14:00:00,393,115,14
8877689391,2016-04-22 15:00:00,814,148,15
8877689391,2016-04-22 16:00:00,713,144,16
8877689391,2016-04-22 17:00:00,914,188,17
8877689391,2016-04-22 18:00:00,7409,635,18
8877689391,2016-04-22 19:00:00,3579,382,19
8877689391,2016-04-22 20:00:00,310,128,20
8877689391,2016-04-22 21:00:00,224,115,21
8877689391,2016-04-22 22:00:00,141,102,22
8877689391,2016-04-22 23:00:00,0,73,23
8877689391,2016-04-23 00:00:00,0,73,0
8877689391,2016-04-23 01:00:00,0,73,1
8877689391,2016-04-23 02:00:00,0,73,2
8877689391,2016-04-23 03:00:00,0,73,3
8877689391,2016-04-23 04:00:00,0,73,4
8877689391,2016-04-23 05:00:00,0,73,5
8877689391,2016-04-23 06:00:00,0,73,6
8877689391,2016-04-23 07:00:00,170,96,7
8877689391,2016-04-23 08:00:00,951,179,8
8877689391,2016-04-23 09:00:00,928,181,9
8877689391,2016-04-23 10:00:00,842,166,10
8877689391,2016-04-23 11:00:00,1032,191,11
8877689391,2016-04-23 12:00:00,940,483,12
8877689391,2016-04-23 13:00:00,847,647,13
8877689391,2016-04-23 14:00:00,609,228,14
8877689391,2016-04-23 15:00:00,984,188,15
8877689391,2016-04-23 16:00:00,294,117,16
8877689391,2016-04-23 17:00:00,304,128,17
8877689391,2016-04-23 18:00:00,1367,197,18
8877689391,2016-04-23 19:00:00,705,152,19
8877689391,2016-04-23 20:00:00,472,128,20
8877689391,2016-04-23 21:00:00,573,130,21
8877689391,2016-04-23 22:00:00,173,91,22
8877689391,2016-04-23 23:00:00,0,73,23
8877689391,2016-04-24 00:00:00,0,73,0
8877689391,2016-04-24 01:00:00,0,73,1
8877689391,2016-04-24 02:00:00,0,73,2
8877689391,2016-04-24 03:00:00,0,73,3
8877689391,2016-04-24 04:00:00,0,73,4
8877689391,2016-04-24 05:00:00,0,73,5
8877689391,2016-04-24 06:00:00,0,73,6
8877689391,2016-04-24 07:00:00,84,85,7
8877689391,2016-04-24 08:00:00,472,127,8
8877689391,2016-04-24 09:00:00,481,137,9
8877689391,2016-04-24 10:00:00,699,136,10
8877689391,2016-04-24 11:00:00,261,119,11
8877689391,2016-04-24 12:00:00,1009,190,12
8877689391,2016-04-24 13:00:00,640,146,13
8877689391,2016-04-24 14:00:00,232,113,14
8877689391,2016-04-24 15:00:00,432,137,15
8877689391,2016-04-24 16:00:00,127,91,16
8877689391,2016-04-24 17:00:00,9062,814,17
8877689391,2016-04-24 18:00:00,2000,308,18
8877689391,2016-04-24 19:00:00,300,127,19
8877689391,2016-04-24 20:00:00,352,123,20
8877689391,2016-04-24 21:00:00,509,139,21
8877689391,2016-04-24 22:00:00,0,73,22
8877689391,2016-04-24 23:00:00,0,73,23
8877689391,2016-04-25 00:00:00,0,73,0
8877689391,2016-04-25 01:00:00,0,73,1
8877689391,2016-04-25 02:00:00,0,73,2
8877689391,2016-04-25 03:00:00,0,73,3
8877689391,2016-04-25 04:00:00,0,73,4
8877689391,2016-04-25 05:00:00,0,73,5
8877689391,2016-04-25 06:00:00,196,111,6
8877689391,2016-04-25 07:00:00,676,137,7
8877689391,2016-04-25 08:00:00,1051,155,8
8877689391,2016-04-25 09:00:00,734,147,9
8877689391,2016-04-25 10:00:00,1058,163,10
8877689391,2016-04-25 11:00:00,545,122,11
8877689391,2016-04-25 12:00:00,3025,367,12
8877689391,2016-04-25 13:00:00,1014,175,13
8877689391,2016-04-25 14:00:00,497,112,14
8877689391,2016-04-25 15:00:00,60,88,15
8877689391,2016-04-25 16:00:00,976,156,16
8877689391,2016-04-25 17:00:00,424,134,17
8877689391,2016-04-25 18:00:00,676,587,18
8877689391,2016-04-25 19:00:00,926,440,19
8877689391,2016-04-25 20:00:00,667,165,20
8877689391,2016-04-25 21:00:00,253,118,21
8877689391,2016-04-25 22:00:00,179,110,22
8877689391,2016-04-25 23:00:00,0,73,23
8877689391,2016-04-26 00:00:00,0,73,0
8877689391,2016-04-26 01:00:00,0,73,1
8877689391,2016-04-26 02:00:00,0,73,2
8877689391,2016-04-26 03:00:00,0,73,3
8877689391,2016-04-26 04:00:00,0,73,4
8877689391,2016-04-26 05:00:00,0,73,5
8877689391,2016-04-26 06:00:00,37,81,6
8877689391,2016-04-26 07:00:00,644,141,7
8877689391,2016-04-26 08:00:00,766,139,8
8877689391,2016-04-26 09:00:00,411,117,9
8877689391,2016-04-26 10:00:00,244,102,10
8877689391,2016-04-26 11:00:00,1036,168,11
8877689391,2016-04-26 12:00:00,2310,250,12
8877689391,2016-04-26 13:00:00,417,121,13
8877689391,2016-04-26 14:00:00,284,104,14
8877689391,2016-04-26 15:00:00,347,112,15
8877689391,2016-04-26 16:00:00,741,138,16
8877689391,2016-04-26 17:00:00,259,108,17
8877689391,2016-04-26 18:00:00,841,170,18
8877689391,2016-04-26 19:00:00,285,107,19
8877689391,2016-04-26 20:00:00,1236,189,20
8877689391,2016-04-26 21:00:00,313,116,21
8877689391,2016-04-26 22:00:00,494,141,22
8877689391,2016-04-26 23:00:00,405,112,23
8877689391,2016-04-27 00:00:00,0,73,0
8877689391,2016-04-27 01:00:00,0,73,1
8877689391,2016-04-27 02:00:00,0,73,2
8877689391,2016-04-27 03:00:00,0,73,3
8877689391,2016-04-27 04:00:00,0,73,4
8877689391,2016-04-27 05:00:00,0,73,5
8877689391,2016-04-27 06:00:00,7,78,6
8877689391,2016-04-27 07:00:00,1986,249,7
8877689391,2016-04-27 08:00:00,922,145,8
8877689391,2016-04-27 09:00:00,66,90,9
8877689391,2016-04-27 10:00:00,930,158,10
8877689391,2016-04-27 11:00:00,1184,173,11
8877689391,2016-04-27 12:00:00,2859,279,12
8877689391,2016-04-27 13:00:00,538,126,13
8877689391,2016-04-27 14:00:00,400,110,14
8877689391,2016-04-27 15:00:00,1474,187,15
8877689391,2016-04-27 16:00:00,197,105,16
8877689391,2016-04-27 17:00:00,2667,311,17
8877689391,2016-04-27 18:00:00,8586,728,18
8877689391,2016-04-27 19:00:00,663,151,19
8877689391,2016-04-27 20:00:00,392,146,20
8877689391,2016-04-27 21:00:00,182,110,21
8877689391,2016-04-27 22:00:00,550,143,22
8877689391,2016-04-27 23:00:00,0,73,23
8877689391,2016-04-28 00:00:00,0,73,0
8877689391,2016-04-28 01:00:00,0,73,1
8877689391,2016-04-28 02:00:00,0,73,2
8877689391,2016-04-28 03:00:00,0,73,3
8877689391,2016-04-28 04:00:00,0,73,4
8877689391,2016-04-28 05:00:00,0,73,5
8877689391,2016-04-28 06:00:00,131,92,6
8877689391,2016-04-28 07:00:00,838,154,7
8877689391,2016-04-28 08:00:00,397,102,8
8877689391,2016-04-28 09:00:00,299,107,9
8877689391,2016-04-28 10:00:00,345,107,10
8877689391,2016-04-28 11:00:00,256,104,11
8877689391,2016-04-28 12:00:00,4092,384,12
8877689391,2016-04-28 13:00:00,41,84,13
8877689391,2016-04-28 14:00:00,758,130,14
8877689391,2016-04-28 15:00:00,963,157,15
8877689391,2016-04-28 16:00:00,799,157,16
8877689391,2016-04-28 17:00:00,887,159,17
8877689391,2016-04-28 18:00:00,1921,235,18
8877689391,2016-04-28 19:00:00,2123,235,19
8877689391,2016-04-28 20:00:00,311,111,20
8877689391,2016-04-28 21:00:00,516,134,21
8877689391,2016-04-28 22:00:00,208,95,22
8877689391,2016-04-28 23:00:00,0,73,23
8877689391,2016-04-29 00:00:00,0,73,0
8877689391,2016-04-29 01:00:00,0,73,1
8877689391,2016-04-29 02:00:00,0,73,2
8877689391,2016-04-29 03:00:00,0,73,3
8877689391,2016-04-29 04:00:00,0,73,4
8877689391,2016-04-29 05:00:00,0,73,5
8877689391,2016-04-29 06:00:00,174,85,6
8877689391,2016-04-29 07:00:00,818,155,7
8877689391,2016-04-29 08:00:00,508,121,8
8877689391,2016-04-29 09:00:00,385,113,9
8877689391,2016-04-29 10:00:00,414,112,10
8877689391,2016-04-29 11:00:00,886,137,11
8877689391,2016-04-29 12:00:00,1940,235,12
8877689391,2016-04-29 13:00:00,546,121,13
8877689391,2016-04-29 14:00:00,185,102,14
8877689391,2016-04-29 15:00:00,225,112,15
8877689391,2016-04-29 16:00:00,575,119,16
8877689391,2016-04-29 17:00:00,225,106,17
8877689391,2016-04-29 18:00:00,898,162,18
8877689391,2016-04-29 19:00:00,647,138,19
8877689391,2016-04-29 20:00:00,221,111,20
8877689391,2016-04-29 21:00:00,715,133,21
8877689391,2016-04-29 22:00:00,238,108,22
8877689391,2016-04-29 23:00:00,100,86,23
8877689391,2016-04-30 00:00:00,0,73,0
8877689391,2016-04-30 01:00:00,0,73,1
8877689391,2016-04-30 02:00:00,0,73,2
8877689391,2016-04-30 03:00:00,0,73,3
8877689391,2016-04-30 04:00:00,0,73,4
8877689391,2016-04-30 05:00:00,0,73,5
8877689391,2016-04-30 06:00:00,0,73,6
8877689391,2016-04-30 07:00:00,150,95,7
8877689391,2016-04-30 08:00:00,157,98,8
8877689391,2016-04-30 09:00:00,635,130,9
8877689391,2016-04-30 10:00:00,903,161,10
8877689391,2016-04-30 11:00:00,1369,212,11
8877689391,2016-04-30 12:00:00,913,180,12
8877689391,2016-04-30 13:00:00,6745,627,13
8877689391,2016-04-30 14:00:00,10554,948,14
8877689391,2016-04-30 15:00:00,4524,506,15
8877689391,2016-04-30 16:00:00,0,101,16
8877689391,2016-04-30 17:00:00,284,137,17
8877689391,2016-04-30 18:00:00,417,141,18
8877689391,2016-04-30 19:00:00,197,118,19
8877689391,2016-04-30 20:00:00,269,126,20
8877689391,2016-04-30 21:00:00,368,122,21
8877689391,2016-04-30 22:00:00,225,102,22
8877689391,2016-04-30 23:00:00,0,73,23
8877689391,2016-05-01 00:00:00,0,73,0
8877689391,2016-05-01 01:00:00,0,73,1
8877689391,2016-05-01 02:00:00,0,73,2
8877689391,2016-05-01 03:00:00,0,73,3
8877689391,2016-05-01 04:00:00,0,73,4
8877689391,2016-05-01 05:00:00,0,73,5
8877689391,2016-05-01 06:00:00,0,73,6
8877689391,2016-05-01 07:00:00,0,73,7
8877689391,2016-05-01 08:00:00,487,111,8
8877689391,2016-05-01 09:00:00,2525,265,9
8877689391,2016-05-01 10:00:00,2079,225,10
8877689391,2016-05-01 11:00:00,657,151,11
8877689391,2016-05-01 12:00:00,395,114,12
8877689391,2016-05-01 13:00:00,405,130,13
8877689391,2016-05-01 14:00:00,105,91,14
8877689391,2016-05-01 15:00:00,345,105,15
8877689391,2016-05-01 16:00:00,720,154,16
8877689391,2016-05-01 17:00:00,547,131,17
8877689391,2016-05-01 18:00:00,1004,177,18
8877689391,2016-05-01 19:00:00,259,116,19
8877689391,2016-05-01 20:00:00,1165,179,20
8877689391,2016-05-01 21:00:00,197,101,21
8877689391,2016-05-01 22:00:00,0,73,22
8877689391,2016-05-01 23:00:00,0,73,23
8877689391,2016-05-02 00:00:00,0,73,0
8877689391,2016-05-02 01:00:00,0,73,1
8877689391,2016-05-02 02:00:00,0,73,2
8877689391,2016-05-02 03:00:00,0,73,3
8877689391,2016-05-02 04:00:00,0,73,4
8877689391,2016-05-02 05:00:00,0,73,5
8877689391,2016-05-02 06:00:00,40,81,6
8877689391,2016-05-02 07:00:00,952,164,7
8877689391,2016-05-02 08:00:00,550,117,8
8877689391,2016-05-02 09:00:00,1219,164,9
8877689391,2016-05-02 10:00:00,864,140,10
8877689391,2016-05-02 11:00:00,498,113,11
8877689391,2016-05-02 12:00:00,72,84,12
8877689391,2016-05-02 13:00:00,0,73,13
8877689391,2016-05-02 14:00:00,0,73,14
8877689391,2016-05-02 15:00:00,0,73,15
8877689391,2016-05-02 16:00:00,0,73,16
8877689391,2016-05-02 17:00:00,0,73,17
8877689391,2016-05-02 18:00:00,0,73,18
8877689391,2016-05-02 19:00:00,256,98,19
8877689391,2016-05-02 20:00:00,224,118,20
8877689391,2016-05-02 21:00:00,24,80,21
8877689391,2016-05-02 22:00:00,0,73,22
8877689391,2016-05-02 23:00:00,0,73,23
8877689391,2016-05-03 00:00:00,0,73,0
8877689391,2016-05-03 01:00:00,0,73,1
8877689391,2016-05-03 02:00:00,0,73,2
8877689391,2016-05-03 03:00:00,0,73,3
8877689391,2016-05-03 04:00:00,0,73,4
8877689391,2016-05-03 05:00:00,0,73,5
8877689391,2016-05-03 06:00:00,178,91,6
8877689391,2016-05-03 07:00:00,629,142,7
8877689391,2016-05-03 08:00:00,443,119,8
8877689391,2016-05-03 09:00:00,361,124,9
8877689391,2016-05-03 10:00:00,545,117,10
8877689391,2016-05-03 11:00:00,789,141,11
8877689391,2016-05-03 12:00:00,1322,191,12
8877689391,2016-05-03 13:00:00,306,117,13
8877689391,2016-05-03 14:00:00,8,81,14
8877689391,2016-05-03 15:00:00,925,143,15
8877689391,2016-05-03 16:00:00,283,102,16
8877689391,2016-05-03 17:00:00,422,134,17
8877689391,2016-05-03 18:00:00,476,131,18
8877689391,2016-05-03 19:00:00,1074,170,19
8877689391,2016-05-03 20:00:00,618,138,20
8877689391,2016-05-03 21:00:00,1166,173,21
8877689391,2016-05-03 22:00:00,1246,188,22
8877689391,2016-05-03 23:00:00,0,73,23
8877689391,2016-05-04 00:00:00,0,73,0
8877689391,2016-05-04 01:00:00,0,73,1
8877689391,2016-05-04 02:00:00,0,73,2
8877689391,2016-05-04 03:00:00,0,73,3
8877689391,2016-05-04 04:00:00,0,73,4
8877689391,2016-05-04 05:00:00,0,73,5
8877689391,2016-05-04 06:00:00,231,101,6
8877689391,2016-05-04 07:00:00,232,116,7
8877689391,2016-05-04 08:00:00,883,144,8
8877689391,2016-05-04 09:00:00,692,144,9
8877689391,2016-05-04 10:00:00,840,152,10
8877689391,2016-05-04 11:00:00,249,113,11
8877689391,2016-05-04 12:00:00,270,122,12
8877689391,2016-05-04 13:00:00,136,111,13
8877689391,2016-05-04 14:00:00,400,138,14
8877689391,2016-05-04 15:00:00,134,98,15
8877689391,2016-05-04 16:00:00,2253,260,16
8877689391,2016-05-04 17:00:00,8741,789,17
8877689391,2016-05-04 18:00:00,797,156,18
8877689391,2016-05-04 19:00:00,1661,213,19
8877689391,2016-05-04 20:00:00,276,119,20
8877689391,2016-05-04 21:00:00,370,112,21
8877689391,2016-05-04 22:00:00,0,73,22
8877689391,2016-05-04 23:00:00,0,73,23
8877689391,2016-05-05 00:00:00,0,73,0
8877689391,2016-05-05 01:00:00,0,73,1
8877689391,2016-05-05 02:00:00,0,73,2
8877689391,2016-05-05 03:00:00,0,73,3
8877689391,2016-05-05 04:00:00,0,73,4
8877689391,2016-05-05 05:00:00,0,73,5
8877689391,2016-05-05 06:00:00,0,73,6
8877689391,2016-05-05 07:00:00,453,120,7
8877689391,2016-05-05 08:00:00,390,119,8
8877689391,2016-05-05 09:00:00,1022,175,9
8877689391,2016-05-05 10:00:00,4870,398,10
8877689391,2016-05-05 11:00:00,1948,237,11
8877689391,2016-05-05 12:00:00,1747,222,12
8877689391,2016-05-05 13:00:00,76,102,13
8877689391,2016-05-05 14:00:00,310,121,14
8877689391,2016-05-05 15:00:00,1182,170,15
8877689391,2016-05-05 16:00:00,403,130,16
8877689391,2016-05-05 17:00:00,131,109,17
8877689391,2016-05-05 18:00:00,728,157,18
8877689391,2016-05-05 19:00:00,309,116,19
8877689391,2016-05-05 20:00:00,154,101,20
8877689391,2016-05-05 21:00:00,243,106,21
8877689391,2016-05-05 22:00:00,89,83,22
8877689391,2016-05-05 23:00:00,0,73,23
8877689391,2016-05-06 00:00:00,0,73,0
8877689391,2016-05-06 01:00:00,0,73,1
8877689391,2016-05-06 02:00:00,0,73,2
8877689391,2016-05-06 03:00:00,0,73,3
8877689391,2016-05-06 04:00:00,0,73,4
8877689391,2016-05-06 05:00:00,0,73,5
8877689391,2016-05-06 06:00:00,137,90,6
8877689391,2016-05-06 07:00:00,937,173,7
8877689391,2016-05-06 08:00:00,929,158,8
8877689391,2016-05-06 09:00:00,524,130,9
8877689391,2016-05-06 10:00:00,291,104,10
8877689391,2016-05-06 11:00:00,786,155,11
8877689391,2016-05-06 12:00:00,1488,247,12
8877689391,2016-05-06 13:00:00,526,135,13
8877689391,2016-05-06 14:00:00,9769,843,14
8877689391,2016-05-06 15:00:00,588,253,15
8877689391,2016-05-06 16:00:00,3458,376,16
8877689391,2016-05-06 17:00:00,774,202,17
8877689391,2016-05-06 18:00:00,534,177,18
8877689391,2016-05-06 19:00:00,367,128,19
8877689391,2016-05-06 20:00:00,96,103,20
8877689391,2016-05-06 21:00:00,225,117,21
8877689391,2016-05-06 22:00:00,193,101,22
8877689391,2016-05-06 23:00:00,0,73,23
8877689391,2016-05-07 00:00:00,0,73,0
8877689391,2016-05-07 01:00:00,0,73,1
8877689391,2016-05-07 02:00:00,0,73,2
8877689391,2016-05-07 03:00:00,0,73,3
8877689391,2016-05-07 04:00:00,0,73,4
8877689391,2016-05-07 05:00:00,0,73,5
8877689391,2016-05-07 06:00:00,0,73,6
8877689391,2016-05-07 07:00:00,0,73,7
8877689391,2016-05-07 08:00:00,1042,165,8
8877689391,2016-05-07 09:00:00,1427,233,9
8877689391,2016-05-07 10:00:00,1311,217,10
8877689391,2016-05-07 11:00:00,571,142,11
8877689391,2016-05-07 12:00:00,1165,602,12
8877689391,2016-05-07 13:00:00,869,705,13
8877689391,2016-05-07 14:00:00,698,184,14
8877689391,2016-05-07 15:00:00,916,180,15
8877689391,2016-05-07 16:00:00,72,100,16
8877689391,2016-05-07 17:00:00,740,151,17
8877689391,2016-05-07 18:00:00,908,187,18
8877689391,2016-05-07 19:00:00,321,145,19
8877689391,2016-05-07 20:00:00,713,166,20
8877689391,2016-05-07 21:00:00,250,119,21
8877689391,2016-05-07 22:00:00,1209,172,22
8877689391,2016-05-07 23:00:00,0,73,23
8877689391,2016-05-08 00:00:00,0,73,0
8877689391,2016-05-08 01:00:00,0,73,1
8877689391,2016-05-08 02:00:00,0,73,2
8877689391,2016-05-08 03:00:00,0,73,3
8877689391,2016-05-08 04:00:00,0,73,4
8877689391,2016-05-08 05:00:00,0,73,5
8877689391,2016-05-08 06:00:00,0,73,6
8877689391,2016-05-08 07:00:00,419,124,7
8877689391,2016-05-08 08:00:00,657,141,8
8877689391,2016-05-08 09:00:00,385,121,9
8877689391,2016-05-08 10:00:00,128,105,10
8877689391,2016-05-08 11:00:00,916,150,11
8877689391,2016-05-08 12:00:00,663,142,12
8877689391,2016-05-08 13:00:00,370,128,13
8877689391,2016-05-08 14:00:00,317,113,14
8877689391,2016-05-08 15:00:00,1024,181,15
8877689391,2016-05-08 16:00:00,460,130,16
8877689391,2016-05-08 17:00:00,1269,201,17
8877689391,2016-05-08 18:00:00,1220,168,18
8877689391,2016-05-08 19:00:00,243,116,19
8877689391,2016-05-08 20:00:00,296,105,20
8877689391,2016-05-08 21:00:00,2298,258,21
8877689391,2016-05-08 22:00:00,0,73,22
8877689391,2016-05-08 23:00:00,0,73,23
8877689391,2016-05-09 00:00:00,0,73,0
8877689391,2016-05-09 01:00:00,0,73,1
8877689391,2016-05-09 02:00:00,0,73,2
8877689391,2016-05-09 03:00:00,0,73,3
8877689391,2016-05-09 04:00:00,0,73,4
8877689391,2016-05-09 05:00:00,0,73,5
8877689391,2016-05-09 06:00:00,582,132,6
8877689391,2016-05-09 07:00:00,773,145,7
8877689391,2016-05-09 08:00:00,830,149,8
8877689391,2016-05-09 09:00:00,496,116,9
8877689391,2016-05-09 10:00:00,537,118,10
8877689391,2016-05-09 11:00:00,1638,211,11
8877689391,2016-05-09 12:00:00,1892,215,12
8877689391,2016-05-09 13:00:00,503,120,13
8877689391,2016-05-09 14:00:00,739,134,14
8877689391,2016-05-09 15:00:00,821,143,15
8877689391,2016-05-09 16:00:00,7278,669,16
8877689391,2016-05-09 17:00:00,2793,403,17
8877689391,2016-05-09 18:00:00,409,142,18
8877689391,2016-05-09 19:00:00,270,148,19
8877689391,2016-05-09 20:00:00,134,120,20
8877689391,2016-05-09 21:00:00,352,128,21
8877689391,2016-05-09 22:00:00,109,91,22
8877689391,2016-05-09 23:00:00,0,73,23
8877689391,2016-05-10 00:00:00,0,73,0
8877689391,2016-05-10 01:00:00,0,73,1
8877689391,2016-05-10 02:00:00,0,73,2
8877689391,2016-05-10 03:00:00,0,73,3
8877689391,2016-05-10 04:00:00,0,73,4
8877689391,2016-05-10 05:00:00,0,73,5
8877689391,2016-05-10 06:00:00,44,80,6
8877689391,2016-05-10 07:00:00,1030,167,7
8877689391,2016-05-10 08:00:00,614,126,8
8877689391,2016-05-10 09:00:00,542,116,9
8877689391,2016-05-10 10:00:00,1014,165,10
8877689391,2016-05-10 11:00:00,567,132,11
8877689391,2016-05-10 12:00:00,2508,279,12
8877689391,2016-05-10 13:00:00,578,116,13
8877689391,2016-05-10 14:00:00,105,88,14
8877689391,2016-05-10 15:00:00,707,132,15
8877689391,2016-05-10 16:00:00,463,125,16
8877689391,2016-05-10 17:00:00,564,149,17
8877689391,2016-05-10 18:00:00,460,151,18
8877689391,2016-05-10 19:00:00,182,104,19
8877689391,2016-05-10 20:00:00,963,193,20
8877689391,2016-05-10 21:00:00,352,119,21
8877689391,2016-05-10 22:00:00,0,73,22
8877689391,2016-05-10 23:00:00,0,73,23
8877689391,2016-05-11 00:00:00,0,73,0
8877689391,2016-05-11 01:00:00,0,73,1
8877689391,2016-05-11 02:00:00,0,73,2
8877689391,2016-05-11 03:00:00,0,73,3
8877689391,2016-05-11 04:00:00,0,73,4
8877689391,2016-05-11 05:00:00,0,73,5
8877689391,2016-05-11 06:00:00,37,79,6
8877689391,2016-05-11 07:00:00,422,115,7
8877689391,2016-05-11 08:00:00,938,146,8
8877689391,2016-05-11 09:00:00,338,113,9
8877689391,2016-05-11 10:00:00,295,107,10
8877689391,2016-05-11 11:00:00,974,168,11
8877689391,2016-05-11 12:00:00,3929,402,12
8877689391,2016-05-11 13:00:00,481,120,13
8877689391,2016-05-11 14:00:00,37,82,14
8877689391,2016-05-11 15:00:00,416,108,15
8877689391,2016-05-11 16:00:00,2869,310,16
8877689391,2016-05-11 17:00:00,8357,835,17
8877689391,2016-05-11 18:00:00,920,197,18
8877689391,2016-05-11 19:00:00,408,144,19
8877689391,2016-05-11 20:00:00,633,174,20
8877689391,2016-05-11 21:00:00,228,123,21
8877689391,2016-05-11 22:00:00,109,93,22
8877689391,2016-05-11 23:00:00,0,73,23
8877689391,2016-05-12 00:00:00,0,73,0
8877689391,2016-05-12 01:00:00,0,73,1
8877689391,2016-05-12 02:00:00,0,73,2
8877689391,2016-05-12 03:00:00,0,73,3
8877689391,2016-05-12 04:00:00,0,73,4
8877689391,2016-05-12 05:00:00,0,73,5
8877689391,2016-05-12 06:00:00,254,107,6
8877689391,2016-05-12 07:00:00,574,148,7
8877689391,2016-05-12 08:00:00,765,137,8
8877689391,2016-05-12 09:00:00,164,88,9
8877689391,2016-05-12 10:00:00,514,126,10
8877689391,2016-05-12 11:00:00,1407,192,11
8877689391,2016-05-12 12:00:00,3135,321,12
8877689391,2016-05-12 13:00:00,307,101,13
8877689391,2016-05-12 14:00:00,457,113,14
